t_s,seq,ts_device_s,ts_host_s,latency_ms,det_latency_ms,fps_inst,seq_gap,frame_w,frame_h,frame_type,source_w,source_h,cam_instance,exposure_us,iso,lens_pos,lens_pos_raw,color_temp_k,hfov_deg,vfov_deg,det_count,conf_max,conf_mean,top_label,n_person,n_car,n_traffic_light,n_stop_sign,nearest_z_mm,image_file
0.0,0,10.244557,13154.988895,206.33,206.27,,0,512,288,BGR888p,1352,1012,0,30008,1599,-1,-1.0,6500,66.04,51.9,2,0.7632,0.6599,chair,1,0,0,0,1735.0,frames/000000.jpg
0.0051,1,10.294541,13155.03888,156.36,253.96,196.49,0,512,288,BGR888p,1352,1012,0,30008,1599,-1,-1.0,6500,66.04,51.9,2,0.7607,0.6665,chair,1,0,0,0,1736.6,frames/000001.jpg
0.033,2,10.344525,13155.088863,106.39,232.0,35.77,0,512,288,BGR888p,1352,1012,0,29996,110,-1,-1.0,4733,66.04,51.9,2,0.6934,0.5975,chair,1,0,0,0,1741.3,frames/000002.jpg
0.0505,3,10.394508,13155.138847,154.04,199.51,57.26,0,512,288,BGR888p,1352,1012,0,29996,110,-1,-1.0,4733,66.04,51.9,1,0.6387,0.6387,chair,0,0,0,0,1735.0,frames/000003.jpg
0.0906,4,10.444514,13155.188853,104.05,189.65,24.92,0,512,288,BGR888p,1352,1012,0,29996,110,-1,-1.0,4733,66.04,51.9,1,0.6865,0.6865,chair,0,0,0,0,1739.7,frames/000004.jpg
0.0951,5,10.494497,13155.238835,99.57,144.15,223.65,0,512,288,BGR888p,1352,1012,0,29996,110,-1,-1.0,4733,66.04,51.9,1,0.6938,0.6938,chair,0,0,0,0,1715.0,frames/000005.jpg
0.161,6,10.544516,13155.288854,94.18,159.92,15.19,0,512,288,BGR888p,1352,1012,0,29996,110,-1,-1.0,4733,66.04,51.9,1,0.687,0.687,chair,0,0,0,0,1741.3,frames/000006.jpg
0.1952,7,10.594499,13155.338838,109.99,144.1,29.25,0,512,288,BGR888p,1352,1012,0,29996,110,-1,-1.0,4733,66.04,51.9,2,0.7163,0.6201,chair,1,0,0,0,1705.9,frames/000007.jpg
0.2005,8,10.644519,13155.388858,94.13,99.48,188.29,0,512,288,BGR888p,1352,1012,0,29996,110,-1,-1.0,4733,66.04,51.9,2,0.6968,0.6094,chair,1,0,0,0,1722.6,frames/000008.jpg
0.242,9,10.694501,13155.43884,91.12,91.07,24.06,0,512,288,BGR888p,1352,1012,0,30008,1599,-1,-1.0,5500,66.04,51.9,0,,,,0,0,0,0,,frames/000009.jpg
0.2909,10,10.744523,13155.488861,89.97,89.93,20.44,0,512,288,BGR888p,1352,1012,0,29996,979,-1,-1.0,5500,66.04,51.9,1,0.6313,0.6313,chair,0,0,0,0,992.0,frames/000010.jpg
0.3421,11,10.794507,13155.538845,91.15,91.1,19.54,0,512,288,BGR888p,1352,1012,0,29996,696,-1,-1.0,5500,66.04,51.9,1,0.6919,0.6919,chair,0,0,0,0,993.0,frames/000011.jpg
0.3917,12,10.844523,13155.588862,90.69,90.65,20.18,0,512,288,BGR888p,1352,1012,0,29996,564,-1,-1.0,5500,66.04,51.9,1,0.6509,0.6509,chair,0,0,0,0,993.0,frames/000012.jpg
0.4424,13,10.894506,13155.638844,91.38,91.33,19.71,0,512,288,BGR888p,1352,1012,0,29996,499,-1,-1.0,5500,66.04,51.9,2,0.6499,0.6013,chair,1,0,0,0,989.9,frames/000013.jpg
0.4921,14,10.944526,13155.688864,90.98,90.94,20.13,0,512,288,BGR888p,1352,1012,0,29996,448,-1,-1.0,5500,66.04,51.9,2,0.6313,0.5874,chair,1,0,0,0,989.9,frames/000014.jpg
0.5422,15,10.994508,13155.738847,91.22,91.15,19.94,0,512,288,BGR888p,1352,1012,0,29996,408,-1,-1.0,5500,66.04,51.9,2,0.6357,0.5955,chair,1,0,0,0,993.0,frames/000015.jpg
0.5924,16,11.044531,13155.788869,90.49,90.39,19.94,0,512,288,BGR888p,1352,1012,0,29996,375,-1,-1.0,5500,66.04,51.9,2,0.6694,0.6118,chair,1,0,0,0,984.9,frames/000016.jpg
0.641,17,11.094511,13155.838849,90.0,89.95,20.56,0,512,288,BGR888p,1352,1012,0,29996,368,-1,-1.0,5537,66.04,51.9,2,0.6606,0.604,chair,1,0,0,0,996.0,frames/000017.jpg
0.6938,18,11.144534,13155.888872,92.52,92.44,18.96,0,512,288,BGR888p,1352,1012,0,29996,354,-1,-1.0,5533,66.04,51.9,2,0.645,0.5935,chair,1,0,0,0,994.0,frames/000018.jpg
0.7426,19,11.194513,13155.938852,91.37,91.31,20.49,0,512,288,BGR888p,1352,1012,0,29996,338,-1,-1.0,5530,66.04,51.9,2,0.6924,0.6243,chair,1,0,0,0,990.9,frames/000019.jpg
0.7928,20,11.244533,13155.988871,91.55,91.48,19.91,0,512,288,BGR888p,1352,1012,0,29996,320,-1,-1.0,5527,66.04,51.9,2,0.6353,0.5706,chair,1,0,0,0,995.0,frames/000020.jpg
0.8419,21,11.294516,13156.038854,90.65,90.58,20.38,0,512,288,BGR888p,1352,1012,0,29996,305,-1,-1.0,5525,66.04,51.9,2,0.6416,0.5945,chair,1,0,0,0,990.9,frames/000021.jpg
0.8939,22,11.344547,13156.088886,92.66,92.59,19.21,0,512,288,BGR888p,1352,1012,0,29996,290,-1,-1.0,5523,66.04,51.9,2,0.6758,0.6247,chair,1,0,0,0,995.0,frames/000022.jpg
0.9428,23,11.39453,13156.138868,91.37,91.27,20.46,0,512,288,BGR888p,1352,1012,0,29996,277,-1,-1.0,5522,66.04,51.9,2,0.6694,0.6108,chair,1,0,0,0,993.0,frames/000023.jpg
0.9925,24,11.444553,13156.188891,91.31,91.24,20.09,0,512,288,BGR888p,1352,1012,0,29996,266,-1,-1.0,5520,66.04,51.9,2,0.707,0.6179,chair,1,0,0,0,995.0,frames/000024.jpg
1.0424,25,11.494533,13156.238871,91.19,91.12,20.07,0,512,288,BGR888p,1352,1012,0,29996,255,-1,-1.0,5519,66.04,51.9,2,0.6914,0.614,chair,1,0,0,0,990.9,frames/000025.jpg
1.0915,26,11.544543,13156.288881,90.46,90.42,20.37,0,512,288,BGR888p,1352,1012,0,29996,245,-1,-1.0,5518,66.04,51.9,2,0.6909,0.6116,chair,1,0,0,0,997.1,frames/000026.jpg
1.1431,27,11.594523,13156.338861,92.07,92.02,19.37,0,512,288,BGR888p,1352,1012,0,29996,236,-1,-1.0,5517,66.04,51.9,2,0.6895,0.623,chair,1,0,0,0,993.0,frames/000027.jpg
1.192,28,11.644542,13156.388881,90.69,90.62,20.46,0,512,288,BGR888p,1352,1012,0,29996,228,-1,-1.0,5516,66.04,51.9,3,0.6641,0.6066,chair,1,0,0,0,993.0,frames/000028.jpg
1.2429,29,11.694525,13156.438863,91.87,91.82,19.64,0,512,288,BGR888p,1352,1012,0,29996,220,-1,-1.0,5515,66.04,51.9,2,0.7285,0.6484,chair,1,0,0,0,995.0,frames/000029.jpg
1.2917,30,11.744544,13156.488883,90.48,90.43,20.5,0,512,288,BGR888p,1352,1012,0,29996,213,-1,-1.0,5515,66.04,51.9,2,0.7051,0.6267,chair,1,0,0,0,996.0,frames/000030.jpg
1.3417,31,11.794531,13156.538869,90.72,90.68,19.97,0,512,288,BGR888p,1352,1012,0,29996,207,-1,-1.0,5514,66.04,51.9,2,0.6987,0.6281,chair,1,0,0,0,984.9,frames/000031.jpg
1.3924,32,11.844535,13156.588873,91.35,91.31,19.75,0,512,288,BGR888p,1352,1012,0,29996,201,-1,-1.0,5513,66.04,51.9,2,0.7231,0.6318,chair,1,0,0,0,995.0,frames/000032.jpg
1.4412,33,11.894517,13156.638856,90.2,90.14,20.48,0,512,288,BGR888p,1352,1012,0,29996,194,-1,-1.0,5513,66.04,51.9,2,0.6753,0.6125,chair,1,0,0,0,985.9,frames/000033.jpg
1.492,34,11.944527,13156.688865,90.94,90.89,19.68,0,512,288,BGR888p,1352,1012,0,29996,189,-1,-1.0,5512,66.04,51.9,2,0.7031,0.6279,chair,1,0,0,0,990.9,frames/000034.jpg
1.5418,35,11.994508,13156.738846,90.8,90.75,20.07,0,512,288,BGR888p,1352,1012,0,29996,184,-1,-1.0,5512,66.04,51.9,3,0.6997,0.5885,chair,1,0,0,0,994.0,frames/000035.jpg
1.5918,36,12.044527,13156.788866,90.8,90.75,20.01,0,512,288,BGR888p,1352,1012,0,29996,179,-1,-1.0,5511,66.04,51.9,2,0.688,0.623,chair,1,0,0,0,994.0,frames/000036.jpg
1.6418,37,12.09451,13156.838848,90.84,90.8,19.99,0,512,288,BGR888p,1352,1012,0,29996,175,-1,-1.0,5511,66.04,51.9,2,0.729,0.6406,chair,1,0,0,0,997.1,frames/000037.jpg
1.6931,38,12.144533,13156.888871,92.09,92.04,19.5,0,512,288,BGR888p,1352,1012,0,29996,171,-1,-1.0,5511,66.04,51.9,2,0.7041,0.6125,chair,1,0,0,0,984.9,frames/000038.jpg
1.7436,39,12.194514,13156.938852,91.91,91.74,19.8,0,512,288,BGR888p,1352,1012,0,29996,167,-1,-1.0,5510,66.04,51.9,2,0.707,0.6157,chair,1,0,0,0,985.9,frames/000039.jpg
1.7988,40,12.244532,13156.98887,97.56,97.49,18.13,0,512,288,BGR888p,1352,1012,0,29996,163,-1,-1.0,5510,66.04,51.9,2,0.7056,0.6248,chair,1,0,0,0,989.9,frames/000040.jpg
1.8426,41,12.294515,13157.038853,91.38,91.3,22.82,0,512,288,BGR888p,1352,1012,0,29996,160,-1,-1.0,5510,66.04,51.9,2,0.6831,0.604,chair,1,0,0,0,999.1,frames/000041.jpg
1.8922,42,12.344547,13157.088885,91.11,91.06,20.18,0,512,288,BGR888p,1352,1012,0,29996,157,-1,-1.0,5509,66.04,51.9,2,0.6572,0.58,chair,1,0,0,0,999.1,frames/000042.jpg
1.9423,43,12.394529,13157.138868,91.31,91.26,19.93,0,512,288,BGR888p,1352,1012,0,29996,160,-1,-1.0,5509,66.04,51.9,2,0.6699,0.5972,chair,1,0,0,0,988.9,frames/000043.jpg
1.9918,44,12.444552,13157.18889,90.71,90.66,20.21,0,512,288,BGR888p,1352,1012,0,29996,160,-1,-1.0,5509,66.04,51.9,2,0.7021,0.6199,chair,1,0,0,0,993.0,frames/000044.jpg
2.043,45,12.494532,13157.238871,91.9,91.83,19.54,0,512,288,BGR888p,1352,1012,0,29996,160,-1,-1.0,5509,66.04,51.9,2,0.6875,0.6155,chair,1,0,0,0,997.1,frames/000045.jpg
2.0922,46,12.544539,13157.288877,91.21,91.16,20.31,0,512,288,BGR888p,1352,1012,0,29996,160,-1,-1.0,5508,66.04,51.9,2,0.6675,0.5894,chair,1,0,0,0,994.0,frames/000046.jpg
2.142,47,12.594522,13157.33886,90.98,90.93,20.1,0,512,288,BGR888p,1352,1012,0,29996,157,-1,-1.0,5508,66.04,51.9,2,0.6431,0.5896,chair,1,0,0,0,997.1,frames/000047.jpg
2.1906,48,12.644541,13157.38888,89.57,89.49,20.57,0,512,288,BGR888p,1352,1012,0,29996,154,-1,-1.0,5508,66.04,51.9,2,0.6465,0.5864,chair,1,0,0,0,995.0,frames/000048.jpg
2.2421,49,12.694524,13157.438862,91.11,91.06,19.41,0,512,288,BGR888p,1352,1012,0,29996,151,-1,-1.0,5508,66.04,51.9,2,0.6899,0.6127,chair,1,0,0,0,995.0,frames/000049.jpg
2.2911,50,12.744531,13157.48887,90.04,90.0,20.43,0,512,288,BGR888p,1352,1012,0,29996,151,-1,-1.0,5507,66.04,51.9,2,0.6367,0.5857,chair,1,0,0,0,995.0,frames/000050.jpg
2.3413,51,12.794517,13157.538856,90.3,90.25,19.91,0,512,288,BGR888p,1352,1012,0,29996,151,-1,-1.0,5507,66.04,51.9,2,0.646,0.5879,chair,1,0,0,0,1003.8,frames/000051.jpg
2.3944,52,12.844522,13157.58886,92.56,92.38,18.82,0,512,288,BGR888p,1352,1012,0,29996,151,-1,-1.0,5507,66.04,51.9,2,0.6719,0.6036,chair,1,0,0,0,995.0,frames/000052.jpg
2.442,53,12.894504,13157.638843,90.8,90.72,21.0,0,512,288,BGR888p,1352,1012,0,29996,151,-1,-1.0,5507,66.04,51.9,2,0.6562,0.5939,chair,1,0,0,0,1002.8,frames/000053.jpg
2.4928,54,12.944527,13157.688865,91.49,91.43,19.7,0,512,288,BGR888p,1352,1012,0,29996,151,-1,-1.0,5507,66.04,51.9,2,0.6768,0.5997,chair,1,0,0,0,993.0,frames/000054.jpg
2.541,55,12.994507,13157.738845,90.01,89.96,20.76,0,512,288,BGR888p,1352,1012,0,29996,151,-1,-1.0,5507,66.04,51.9,1,0.6831,0.6831,chair,0,0,0,0,996.0,frames/000055.jpg
2.5905,56,13.044527,13157.788865,89.49,89.44,20.2,0,512,288,BGR888p,1352,1012,0,29996,151,-1,-1.0,5506,66.04,51.9,1,0.6958,0.6958,chair,0,0,0,0,987.9,frames/000056.jpg
2.6409,57,13.094511,13157.838849,89.93,89.88,19.83,0,512,288,BGR888p,1352,1012,0,29996,148,-1,-1.0,5506,66.04,51.9,1,0.6787,0.6787,chair,0,0,0,0,1004.9,frames/000057.jpg
2.6932,58,13.144543,13157.888882,92.24,92.2,19.1,0,512,288,BGR888p,1352,1012,0,29996,146,-1,-1.0,5506,66.04,51.9,1,0.6914,0.6914,chair,0,0,0,0,994.0,frames/000058.jpg
2.7417,59,13.194523,13157.938862,90.7,90.65,20.65,0,512,288,BGR888p,1352,1012,0,29996,143,-1,-1.0,5506,66.04,51.9,1,0.6572,0.6572,chair,0,0,0,0,992.0,frames/000059.jpg
2.7915,60,13.244543,13157.988881,90.53,90.49,20.06,0,512,288,BGR888p,1352,1012,0,29996,142,-1,-1.0,5506,66.04,51.9,1,0.6748,0.6748,chair,0,0,0,0,994.0,frames/000060.jpg
2.8411,61,13.294526,13158.038864,89.93,89.86,20.18,0,512,288,BGR888p,1352,1012,0,29996,142,-1,-1.0,5506,66.04,51.9,1,0.6323,0.6323,chair,0,0,0,0,999.1,frames/000061.jpg
2.8941,62,13.344545,13158.088884,92.9,92.84,18.87,0,512,288,BGR888p,1352,1012,0,29996,142,-1,-1.0,5506,66.04,51.9,1,0.5962,0.5962,chair,0,0,0,0,992.0,frames/000062.jpg
2.9426,63,13.394528,13158.138867,91.58,91.53,20.61,0,512,288,BGR888p,1352,1012,0,29996,142,-1,-1.0,5506,66.04,51.9,2,0.5317,0.5158,chair,1,0,0,0,989.9,frames/000063.jpg
2.9934,64,13.444536,13158.188874,92.42,92.38,19.67,0,512,288,BGR888p,1352,1012,0,29996,142,-1,-1.0,5505,66.04,51.9,2,0.5498,0.5269,chair,0,0,0,0,995.0,frames/000064.jpg
3.0927,65,13.494522,13158.238861,141.64,93.3,10.08,0,512,288,BGR888p,1352,1012,0,29996,142,-1,-1.0,5505,66.04,51.9,2,0.6992,0.6099,chair,1,0,0,0,975.9,frames/000065.jpg
3.0932,66,13.544526,13158.288864,91.65,91.58,2148.12,0,512,288,BGR888p,1352,1012,0,29996,142,-1,-1.0,5505,66.04,51.9,2,0.6689,0.5967,chair,1,0,0,0,972.9,frames/000066.jpg
3.142,67,13.594509,13158.338847,90.89,90.84,20.49,0,512,288,BGR888p,1352,1012,0,29996,142,-1,-1.0,5505,66.04,51.9,2,0.603,0.5844,chair,1,0,0,0,996.0,frames/000067.jpg
3.1918,68,13.644516,13158.388855,90.71,90.66,20.08,0,512,288,BGR888p,1352,1012,0,29996,142,-1,-1.0,5505,66.04,51.9,2,0.6992,0.6401,chair,1,0,0,0,994.0,frames/000068.jpg
3.2404,69,13.694499,13158.438837,89.43,89.39,20.56,0,512,288,BGR888p,1352,1012,0,29996,142,-1,-1.0,5505,66.04,51.9,2,0.6465,0.5881,chair,1,0,0,0,997.1,frames/000069.jpg
3.2919,70,13.744522,13158.48886,90.86,90.81,19.43,0,512,288,BGR888p,1352,1012,0,29996,142,-1,-1.0,5505,66.04,51.9,2,0.6772,0.6016,chair,1,0,0,0,995.0,frames/000070.jpg
3.3421,71,13.794501,13158.538839,91.11,91.07,19.92,0,512,288,BGR888p,1352,1012,0,29996,142,-1,-1.0,5505,66.04,51.9,2,0.7295,0.6519,chair,1,0,0,0,993.0,frames/000071.jpg
3.3908,72,13.844521,13158.588859,89.81,89.76,20.52,0,512,288,BGR888p,1352,1012,0,29996,142,-1,-1.0,5505,66.04,51.9,2,0.7744,0.6673,chair,1,0,0,0,987.9,frames/000072.jpg
3.4425,73,13.894504,13158.638842,91.47,91.43,19.36,0,512,288,BGR888p,1352,1012,0,29996,142,-1,-1.0,5505,66.04,51.9,2,0.7783,0.6633,chair,1,0,0,0,988.9,frames/000073.jpg
3.4922,74,13.944535,13158.688874,91.08,91.03,20.11,0,512,288,BGR888p,1352,1012,0,29996,142,-1,-1.0,5505,66.04,51.9,2,0.7617,0.6592,chair,1,0,0,0,961.8,frames/000074.jpg
3.5415,75,13.994518,13158.738857,90.48,90.43,20.28,0,512,288,BGR888p,1352,1012,0,29996,142,-1,-1.0,5505,66.04,51.9,2,0.6621,0.6072,chair,1,0,0,0,997.1,frames/000075.jpg
3.5918,76,14.044538,13158.788876,90.72,90.67,19.89,0,512,288,BGR888p,1352,1012,0,29996,142,-1,-1.0,5505,66.04,51.9,2,0.6177,0.5711,chair,1,0,0,0,977.9,frames/000076.jpg
3.6425,77,14.094524,13158.838862,91.43,91.38,19.73,0,512,288,BGR888p,1352,1012,0,29996,142,-1,-1.0,5505,66.04,51.9,2,0.666,0.5852,chair,1,0,0,0,1004.9,frames/000077.jpg
3.6947,78,14.144528,13158.888866,92.9,92.73,19.14,0,512,288,BGR888p,1352,1012,0,29996,142,-1,-1.0,5505,66.04,51.9,2,0.5615,0.5398,chair,0,0,0,0,1002.3,frames/000078.jpg
3.7425,79,14.194513,13158.938852,91.4,91.33,20.91,0,512,288,BGR888p,1352,1012,0,29996,142,-1,-1.0,5505,66.04,51.9,1,0.6284,0.6284,chair,0,0,0,0,998.1,frames/000079.jpg
3.7935,80,14.244518,13158.988856,92.4,92.33,19.6,0,512,288,BGR888p,1352,1012,0,29996,142,-1,-1.0,5505,66.04,51.9,1,0.6846,0.6846,chair,0,0,0,0,995.0,frames/000080.jpg
3.8418,81,14.294501,13159.038839,90.77,90.72,20.72,0,512,288,BGR888p,1352,1012,0,29996,142,-1,-1.0,5500,66.04,51.9,1,0.6846,0.6846,chair,0,0,0,0,999.1,frames/000081.jpg
3.8915,82,14.34452,13159.088859,90.49,90.44,20.13,0,512,288,BGR888p,1352,1012,0,29996,142,-1,-1.0,5500,66.04,51.9,1,0.7041,0.7041,chair,0,0,0,0,997.1,frames/000082.jpg
3.941,83,14.394503,13159.138842,90.06,90.01,20.17,0,512,288,BGR888p,1352,1012,0,29996,142,-1,-1.0,5500,66.04,51.9,1,0.7271,0.7271,chair,0,0,0,0,996.0,frames/000083.jpg
3.9922,84,14.444525,13159.188864,91.22,91.19,19.54,0,512,288,BGR888p,1352,1012,0,29996,142,-1,-1.0,5500,66.04,51.9,1,0.7476,0.7476,chair,0,0,0,0,996.0,frames/000084.jpg
4.0417,85,14.494505,13159.238844,90.73,90.69,20.2,0,512,288,BGR888p,1352,1012,0,29996,142,-1,-1.0,5500,66.04,51.9,1,0.7344,0.7344,chair,0,0,0,0,996.0,frames/000085.jpg
4.0938,86,14.544525,13159.288863,92.83,92.78,19.19,0,512,288,BGR888p,1352,1012,0,29996,142,-1,-1.0,5500,66.04,51.9,1,0.7271,0.7271,chair,0,0,0,0,997.1,frames/000086.jpg
4.1426,87,14.594508,13159.338846,91.68,91.64,20.48,0,512,288,BGR888p,1352,1012,0,29996,142,-1,-1.0,5500,66.04,51.9,1,0.7295,0.7295,chair,0,0,0,0,997.1,frames/000087.jpg
4.1926,88,14.644527,13159.388866,91.67,91.62,20.0,0,512,288,BGR888p,1352,1012,0,29996,142,-1,-1.0,5500,66.04,51.9,1,0.7246,0.7246,chair,0,0,0,0,992.0,frames/000088.jpg
4.2398,89,14.69451,13159.438848,88.81,88.77,21.22,0,512,288,BGR888p,1352,1012,0,29996,142,-1,-1.0,5500,66.04,51.9,1,0.7183,0.7183,chair,0,0,0,0,994.0,frames/000089.jpg
4.2907,90,14.744533,13159.488871,89.73,89.68,19.63,0,512,288,BGR888p,1352,1012,0,29996,142,-1,-1.0,5500,66.04,51.9,1,0.7139,0.7139,chair,0,0,0,0,1001.2,frames/000090.jpg
4.3427,91,14.794515,13159.538853,91.77,91.72,19.23,0,512,288,BGR888p,1352,1012,0,29996,142,-1,-1.0,5500,66.04,51.9,1,0.7192,0.7192,chair,0,0,0,0,996.0,frames/000091.jpg
4.391,92,14.844532,13159.588871,89.95,89.91,20.73,0,512,288,BGR888p,1352,1012,0,29996,142,-1,-1.0,5500,66.04,51.9,1,0.6528,0.6528,chair,0,0,0,0,997.1,frames/000092.jpg
4.4438,93,14.894518,13159.638857,92.88,92.84,18.91,0,512,288,BGR888p,1352,1012,0,29996,142,-1,-1.0,5500,66.04,51.9,1,0.6709,0.6709,chair,0,0,0,0,1009.1,frames/000093.jpg
4.4905,94,14.944535,13159.688874,89.4,89.36,21.45,0,512,288,BGR888p,1352,1012,0,29996,142,-1,-1.0,5500,66.04,51.9,1,0.6123,0.6123,chair,0,0,0,0,1003.8,frames/000094.jpg
4.5903,95,14.99452,13159.738859,139.3,90.07,10.02,0,512,288,BGR888p,1352,1012,0,29996,142,-1,-1.0,5500,66.04,51.9,1,0.6724,0.6724,chair,0,0,0,0,998.1,frames/000095.jpg
4.5907,96,15.044537,13159.788875,89.29,89.23,2470.03,0,512,288,BGR888p,1352,1012,0,29996,142,-1,-1.0,5500,66.04,51.9,1,0.6411,0.6411,chair,0,0,0,0,1002.3,frames/000096.jpg
4.6409,97,15.094522,13159.838861,89.89,89.85,19.91,0,512,288,BGR888p,1352,1012,0,29996,142,-1,-1.0,5500,66.04,51.9,2,0.6489,0.5781,chair,1,0,0,0,990.9,frames/000097.jpg
4.6906,98,15.144541,13159.88888,89.62,89.58,20.12,0,512,288,BGR888p,1352,1012,0,29996,142,-1,-1.0,5500,66.04,51.9,1,0.625,0.625,chair,0,0,0,0,993.0,frames/000098.jpg
4.7411,99,15.194525,13159.938864,90.08,90.04,19.82,0,512,288,BGR888p,1352,1012,0,29996,142,-1,-1.0,5500,66.04,51.9,1,0.644,0.644,chair,0,0,0,0,995.0,frames/000099.jpg
4.7913,100,15.24453,13159.988869,90.02,89.95,19.92,0,512,288,BGR888p,1352,1012,0,29996,142,-1,-1.0,5500,66.04,51.9,2,0.6113,0.5635,chair,1,0,0,0,995.0,frames/000100.jpg
4.8553,101,15.294512,13160.03885,104.33,104.28,15.62,0,512,288,BGR888p,1352,1012,0,29996,142,-1,-1.0,5500,66.04,51.9,1,0.6592,0.6592,chair,0,0,0,0,997.1,frames/000101.jpg
4.9642,102,15.344534,13160.088872,163.21,163.16,9.18,0,512,288,BGR888p,1352,1012,0,29996,142,-1,-1.0,5500,66.04,51.9,1,0.6401,0.6401,chair,0,0,0,0,992.0,frames/000102.jpg
5.0274,103,15.394515,13160.138853,176.21,176.13,15.82,0,512,288,BGR888p,1352,1012,0,29996,142,-1,-1.0,5500,66.04,51.9,2,0.6299,0.5713,chair,1,0,0,0,997.1,frames/000103.jpg
5.0495,104,15.444537,13160.188875,148.54,148.5,45.18,0,512,288,BGR888p,1352,1012,0,29996,142,-1,-1.0,5500,66.04,51.9,1,0.6899,0.6899,chair,0,0,0,0,985.9,frames/000104.jpg
5.1019,105,15.494519,13160.238857,150.93,150.88,19.09,0,512,288,BGR888p,1352,1012,0,29996,142,-1,-1.0,5500,66.04,51.9,1,0.6338,0.6338,chair,0,0,0,0,997.1,frames/000105.jpg
5.1281,106,15.544538,13160.288876,100.92,127.07,38.19,0,512,288,BGR888p,1352,1012,0,29996,142,-1,-1.0,5500,66.04,51.9,1,0.6299,0.6299,chair,0,0,0,0,995.0,frames/000106.jpg
5.1923,107,15.594519,13160.338857,141.28,141.23,15.59,0,512,288,BGR888p,1352,1012,0,29996,142,-1,-1.0,5500,66.04,51.9,1,0.6499,0.6499,chair,0,0,0,0,987.9,frames/000107.jpg
5.2462,108,15.644527,13160.388866,145.25,145.21,18.52,0,512,288,BGR888p,1352,1012,0,29996,142,-1,-1.0,5500,66.04,51.9,1,0.6641,0.6641,chair,0,0,0,0,1002.3,frames/000108.jpg
5.2953,109,15.694514,13160.438852,95.28,144.33,20.37,0,512,288,BGR888p,1352,1012,0,29996,142,-1,-1.0,5500,66.04,51.9,1,0.6587,0.6587,chair,0,0,0,0,994.0,frames/000109.jpg
5.3436,110,15.744518,13160.488856,94.37,142.56,20.73,0,512,288,BGR888p,1352,1012,0,29996,142,-1,-1.0,5500,66.04,51.9,1,0.6919,0.6919,chair,0,0,0,0,997.1,frames/000110.jpg
5.3522,111,15.794499,13160.538838,92.63,101.08,115.61,0,512,288,BGR888p,1352,1012,0,29996,142,-1,-1.0,5500,66.04,51.9,1,0.7109,0.7109,chair,0,0,0,0,993.0,frames/000111.jpg
5.3917,112,15.844519,13160.588857,90.73,90.68,25.34,0,512,288,BGR888p,1352,1012,0,29996,142,-1,-1.0,5500,66.04,51.9,1,0.6606,0.6606,chair,0,0,0,0,999.1,frames/000112.jpg
5.4412,113,15.894502,13160.63884,90.22,90.18,20.22,0,512,288,BGR888p,1352,1012,0,29996,142,-1,-1.0,5500,66.04,51.9,1,0.6519,0.6519,chair,0,0,0,0,999.1,frames/000113.jpg
5.4918,114,15.944521,13160.688859,90.68,90.63,19.75,0,512,288,BGR888p,1352,1012,0,29996,142,-1,-1.0,5500,66.04,51.9,2,0.6777,0.5905,chair,1,0,0,0,996.0,frames/000114.jpg
5.5404,115,15.994504,13160.738842,89.42,89.38,20.57,0,512,288,BGR888p,1352,1012,0,29996,142,-1,-1.0,5500,66.04,51.9,2,0.6533,0.5852,chair,1,0,0,0,996.0,frames/000115.jpg
5.5899,116,16.044523,13160.788862,88.88,88.83,20.2,0,512,288,BGR888p,1352,1012,0,29996,142,-1,-1.0,5500,66.04,51.9,2,0.6938,0.6123,chair,1,0,0,0,997.1,frames/000116.jpg
5.64,117,16.094506,13160.838845,88.96,88.92,19.98,0,512,288,BGR888p,1352,1012,0,29996,142,-1,-1.0,5500,66.04,51.9,2,0.6626,0.6089,chair,1,0,0,0,999.1,frames/000117.jpg
5.692,118,16.144529,13160.888867,91.01,90.96,19.21,0,512,288,BGR888p,1352,1012,0,29996,142,-1,-1.0,5500,66.04,51.9,2,0.6343,0.5672,chair,1,0,0,0,998.1,frames/000118.jpg
5.7412,119,16.19451,13160.938849,90.23,90.18,20.33,0,512,288,BGR888p,1352,1012,0,29996,142,-1,-1.0,5500,66.04,51.9,2,0.6035,0.5654,chair,1,0,0,0,972.0,frames/000119.jpg
5.7916,120,16.244528,13160.988867,90.58,90.54,19.85,0,512,288,BGR888p,1352,1012,0,29996,142,-1,-1.0,5500,66.04,51.9,2,0.6675,0.5962,chair,1,0,0,0,979.9,frames/000120.jpg
5.8426,121,16.294511,13161.03885,91.6,91.56,19.61,0,512,288,BGR888p,1352,1012,0,29996,142,-1,-1.0,5500,66.04,51.9,2,0.6465,0.5859,chair,1,0,0,0,981.9,frames/000121.jpg
5.8907,122,16.344531,13161.088869,89.69,89.65,20.79,0,512,288,BGR888p,1352,1012,0,29996,142,-1,-1.0,5500,66.04,51.9,2,0.6641,0.6109,chair,1,0,0,0,986.9,frames/000122.jpg
5.9404,123,16.394516,13161.138855,89.43,89.38,20.11,0,512,288,BGR888p,1352,1012,0,29996,142,-1,-1.0,5500,66.04,51.9,2,0.6768,0.5938,chair,1,0,0,0,993.0,frames/000123.jpg
5.9909,124,16.444533,13161.188871,89.9,89.86,19.8,0,512,288,BGR888p,1352,1012,0,29996,142,-1,-1.0,5500,66.04,51.9,2,0.6538,0.5879,chair,1,0,0,0,965.2,frames/000124.jpg
6.0409,125,16.494516,13161.238854,89.93,89.88,19.99,0,512,288,BGR888p,1352,1012,0,29996,142,-1,-1.0,5500,66.04,51.9,2,0.6519,0.6253,chair,1,0,0,0,993.0,frames/000125.jpg
6.092,126,16.544536,13161.288875,90.94,90.9,19.6,0,512,288,BGR888p,1352,1012,0,29996,142,-1,-1.0,5500,66.04,51.9,2,0.6655,0.6157,chair,1,0,0,0,995.0,frames/000126.jpg
6.1406,127,16.594518,13161.338857,89.57,89.53,20.58,0,512,288,BGR888p,1352,1012,0,29996,142,-1,-1.0,5500,66.04,51.9,2,0.6338,0.5889,chair,1,0,0,0,995.0,frames/000127.jpg
6.1909,128,16.644541,13161.38888,89.87,89.83,19.86,0,512,288,BGR888p,1352,1012,0,29996,142,-1,-1.0,5500,66.04,51.9,2,0.6289,0.5725,chair,1,0,0,0,999.1,frames/000128.jpg
6.2398,129,16.694521,13161.438859,88.75,88.71,20.47,0,512,288,BGR888p,1352,1012,0,29996,142,-1,-1.0,5500,66.04,51.9,2,0.6133,0.5898,chair,1,0,0,0,998.1,frames/000129.jpg
6.2906,130,16.744531,13161.488869,89.57,89.52,19.68,0,512,288,BGR888p,1352,1012,0,29996,142,-1,-1.0,5500,66.04,51.9,2,0.6357,0.6028,chair,1,0,0,0,980.9,frames/000130.jpg
6.3409,131,16.794511,13161.538849,89.97,89.93,19.85,0,512,288,BGR888p,1352,1012,0,29996,142,-1,-1.0,5500,66.04,51.9,2,0.6079,0.5759,person,1,0,0,0,972.0,frames/000131.jpg
6.3918,132,16.844534,13161.588872,90.76,90.72,19.67,0,512,288,BGR888p,1352,1012,0,29996,142,-1,-1.0,5500,66.04,51.9,2,0.6299,0.6155,chair,1,0,0,0,979.9,frames/000132.jpg
6.4406,133,16.894513,13161.638852,89.62,89.58,20.48,0,512,288,BGR888p,1352,1012,0,29996,142,-1,-1.0,5500,66.04,51.9,2,0.6499,0.5891,person,1,0,0,0,985.9,frames/000133.jpg
6.4909,134,16.944533,13161.688872,89.79,89.75,19.89,0,512,288,BGR888p,1352,1012,0,29996,142,-1,-1.0,5500,66.04,51.9,2,0.6382,0.5935,person,1,0,0,0,995.0,frames/000134.jpg
6.5417,135,16.994515,13161.738854,90.67,90.62,19.69,0,512,288,BGR888p,1352,1012,0,29996,142,-1,-1.0,5500,66.04,51.9,2,0.6313,0.5839,person,1,0,0,0,998.1,frames/000135.jpg
6.5904,136,17.044538,13161.788876,89.34,89.3,20.54,0,512,288,BGR888p,1352,1012,0,29996,142,-1,-1.0,5500,66.04,51.9,2,0.6235,0.593,person,1,0,0,0,997.1,frames/000136.jpg
6.6406,137,17.094518,13161.839735,88.75,88.71,19.89,0,512,288,BGR888p,1352,1012,0,29996,142,-1,-1.0,5500,66.04,51.9,2,0.6177,0.6089,person,1,0,0,0,996.0,frames/000137.jpg
6.6903,138,17.14454,13161.889757,88.43,88.38,20.12,0,512,288,BGR888p,1352,1012,0,29996,142,-1,-1.0,5500,66.04,51.9,2,0.6094,0.5979,chair,1,0,0,0,986.9,frames/000138.jpg
6.7412,139,17.194523,13161.939741,89.3,89.24,19.66,0,512,288,BGR888p,1352,1012,0,29996,142,-1,-1.0,5500,66.04,51.9,2,0.5874,0.585,person,1,0,0,0,989.9,frames/000139.jpg
6.7907,140,17.24454,13161.989757,88.76,88.71,20.21,0,512,288,BGR888p,1352,1012,0,29996,142,-1,-1.0,5500,66.04,51.9,2,0.6182,0.5972,chair,1,0,0,0,985.9,frames/000140.jpg
6.8408,141,17.294526,13162.039743,88.87,88.83,19.95,0,512,288,BGR888p,1352,1012,0,29996,142,-1,-1.0,5500,66.04,51.9,2,0.6221,0.6075,person,1,0,0,0,987.9,frames/000141.jpg
6.8908,142,17.344542,13162.089759,88.86,88.82,20.01,0,512,288,BGR888p,1352,1012,0,29996,142,-1,-1.0,5500,66.04,51.9,2,0.6035,0.5969,chair,1,0,0,0,992.0,frames/000142.jpg
6.9398,143,17.394525,13162.139742,87.91,87.87,20.38,0,512,288,BGR888p,1352,1012,0,29996,142,-1,-1.0,5500,66.04,51.9,2,0.644,0.6316,chair,1,0,0,0,989.9,frames/000143.jpg
6.9906,144,17.444535,13162.189753,88.72,88.66,19.69,0,512,288,BGR888p,1352,1012,0,29996,142,-1,-1.0,5500,66.04,51.9,2,0.7339,0.6343,chair,1,0,0,0,990.9,frames/000144.jpg
7.0406,145,17.494515,13162.239732,88.79,88.75,19.99,0,512,288,BGR888p,1352,1012,0,29996,142,-1,-1.0,5500,66.04,51.9,1,0.7627,0.7627,chair,0,0,0,0,995.0,frames/000145.jpg
7.0906,146,17.544526,13162.289743,88.78,88.74,19.99,0,512,288,BGR888p,1352,1012,0,29996,142,-1,-1.0,5500,66.04,51.9,1,0.7891,0.7891,chair,0,0,0,0,982.9,frames/000146.jpg
7.1413,147,17.594508,13162.339725,89.46,89.41,19.72,0,512,288,BGR888p,1352,1012,0,29996,142,-1,-1.0,5500,66.04,51.9,1,0.7842,0.7842,chair,0,0,0,0,989.9,frames/000147.jpg
7.1898,148,17.644527,13162.389745,87.86,87.82,20.65,0,512,288,BGR888p,1352,1012,0,29996,142,-1,-1.0,5500,66.04,51.9,2,0.7632,0.635,chair,1,0,0,0,989.9,frames/000148.jpg
7.2413,149,17.69451,13162.439728,89.46,89.42,19.4,0,512,288,BGR888p,1352,1012,0,29996,142,-1,-1.0,5500,66.04,51.9,2,0.7144,0.6209,chair,1,0,0,0,994.0,frames/000149.jpg
7.2908,150,17.744527,13162.489744,88.94,88.89,20.2,0,512,288,BGR888p,1352,1012,0,29996,142,-1,-1.0,5500,66.04,51.9,2,0.7173,0.626,chair,1,0,0,0,996.0,frames/000150.jpg
7.3411,151,17.79451,13162.539727,89.19,89.14,19.9,0,512,288,BGR888p,1352,1012,0,29996,142,-1,-1.0,5500,66.04,51.9,2,0.7222,0.6238,chair,1,0,0,0,1001.2,frames/000151.jpg
7.3919,152,17.844532,13162.58975,90.0,89.95,19.67,0,512,288,BGR888p,1352,1012,0,29996,142,-1,-1.0,5500,66.04,51.9,2,0.7192,0.6254,chair,1,0,0,0,990.9,frames/000152.jpg
7.4407,153,17.894512,13162.63973,88.84,88.79,20.5,0,512,288,BGR888p,1352,1012,0,29996,142,-1,-1.0,5500,66.04,51.9,1,0.7383,0.7383,chair,0,0,0,0,1002.3,frames/000153.jpg
7.4919,154,17.944535,13162.689752,89.93,89.89,19.54,0,512,288,BGR888p,1352,1012,0,29996,142,-1,-1.0,5500,66.04,51.9,1,0.7422,0.7422,chair,0,0,0,0,999.1,frames/000154.jpg
7.5406,155,17.994515,13162.739732,88.71,88.66,20.52,0,512,288,BGR888p,1352,1012,0,29996,142,-1,-1.0,5500,66.04,51.9,2,0.7236,0.6142,chair,1,0,0,0,993.0,frames/000155.jpg
7.5908,156,18.044534,13162.789751,88.84,88.8,19.93,0,512,288,BGR888p,1352,1012,0,29996,142,-1,-1.0,5500,66.04,51.9,2,0.7197,0.6194,chair,1,0,0,0,994.0,frames/000156.jpg
7.6405,157,18.094517,13162.839734,88.56,88.52,20.11,0,512,288,BGR888p,1352,1012,0,29996,142,-1,-1.0,5500,66.04,51.9,1,0.7256,0.7256,chair,0,0,0,0,990.9,frames/000157.jpg
7.6901,158,18.144538,13162.889756,88.18,88.13,20.17,0,512,288,BGR888p,1352,1012,0,29996,142,-1,-1.0,5500,66.04,51.9,1,0.7207,0.7207,chair,0,0,0,0,997.1,frames/000158.jpg
7.741,159,18.194522,13162.939739,89.12,89.07,19.63,0,512,288,BGR888p,1352,1012,0,29996,142,-1,-1.0,5500,66.04,51.9,2,0.6201,0.6067,chair,1,0,0,0,999.1,frames/000159.jpg
7.7923,160,18.244539,13162.989756,90.15,90.08,19.51,0,512,288,BGR888p,1352,1012,0,29996,142,-1,-1.0,5500,66.04,51.9,2,0.5952,0.5869,chair,1,0,0,0,998.1,frames/000160.jpg
7.8422,161,18.294525,13163.039742,90.32,90.27,20.03,0,512,288,BGR888p,1352,1012,0,29996,142,-1,-1.0,5500,66.04,51.9,2,0.6621,0.6023,chair,1,0,0,0,993.0,frames/000161.jpg
7.8905,162,18.344541,13163.089759,88.6,88.56,20.7,0,512,288,BGR888p,1352,1012,0,29996,142,-1,-1.0,5500,66.04,51.9,2,0.6489,0.6133,chair,1,0,0,0,990.9,frames/000162.jpg
7.9419,163,18.394527,13163.139744,89.98,89.94,19.46,0,512,288,BGR888p,1352,1012,0,29996,142,-1,-1.0,5500,66.04,51.9,2,0.7261,0.6348,chair,1,0,0,0,999.1,frames/000163.jpg
7.9917,164,18.444531,13163.189749,89.81,89.76,20.08,0,512,288,BGR888p,1352,1012,0,29996,142,-1,-1.0,5500,66.04,51.9,2,0.7441,0.6538,chair,1,0,0,0,979.9,frames/000164.jpg
8.0408,165,18.494514,13163.239732,88.92,88.88,20.36,0,512,288,BGR888p,1352,1012,0,29996,142,-1,-1.0,5500,66.04,51.9,2,0.75,0.6582,chair,1,0,0,0,978.9,frames/000165.jpg
8.0924,166,18.544522,13163.289739,90.55,90.51,19.37,0,512,288,BGR888p,1352,1012,0,29996,142,-1,-1.0,5500,66.04,51.9,2,0.7432,0.6692,chair,1,0,0,0,997.1,frames/000166.jpg
8.1415,167,18.594504,13163.339722,89.66,89.61,20.37,0,512,288,BGR888p,1352,1012,0,29996,142,-1,-1.0,5500,66.04,51.9,2,0.7583,0.6631,chair,1,0,0,0,999.1,frames/000167.jpg
8.1913,168,18.644527,13163.389744,89.41,89.36,20.09,0,512,288,BGR888p,1352,1012,0,29996,142,-1,-1.0,5500,66.04,51.9,2,0.7485,0.6726,chair,1,0,0,0,1002.8,frames/000168.jpg
8.2409,169,18.694506,13163.439724,89.05,89.01,20.15,0,512,288,BGR888p,1352,1012,0,29996,142,-1,-1.0,5500,66.04,51.9,2,0.7451,0.6748,chair,1,0,0,0,1003.8,frames/000169.jpg
8.291,170,18.744529,13163.489746,89.12,89.08,19.95,0,512,288,BGR888p,1352,1012,0,29996,142,-1,-1.0,5500,66.04,51.9,2,0.748,0.6792,chair,1,0,0,0,1002.3,frames/000170.jpg
8.3407,171,18.794511,13163.539729,88.81,88.77,20.14,0,512,288,BGR888p,1352,1012,0,29996,142,-1,-1.0,5500,66.04,51.9,2,0.7598,0.6702,chair,1,0,0,0,1002.8,frames/000171.jpg
8.3912,172,18.844534,13163.589751,89.19,89.12,19.78,0,512,288,BGR888p,1352,1012,0,29996,142,-1,-1.0,5500,66.04,51.9,2,0.7358,0.6704,chair,1,0,0,0,1000.2,frames/000172.jpg
8.4411,173,18.894512,13163.63973,89.2,89.16,20.06,0,512,288,BGR888p,1352,1012,0,29996,142,-1,-1.0,5500,66.04,51.9,2,0.7402,0.6696,chair,1,0,0,0,998.1,frames/000173.jpg
8.4917,174,18.944532,13163.689749,89.76,89.72,19.74,0,512,288,BGR888p,1352,1012,0,29996,142,-1,-1.0,5500,66.04,51.9,2,0.7373,0.676,chair,1,0,0,0,997.1,frames/000174.jpg
8.5413,175,18.994514,13163.739731,89.36,89.32,20.18,0,512,288,BGR888p,1352,1012,0,29996,142,-1,-1.0,5500,66.04,51.9,2,0.728,0.6735,chair,1,0,0,0,1010.1,frames/000175.jpg
8.5909,176,19.044533,13163.789751,88.97,88.93,20.18,0,512,288,BGR888p,1352,1012,0,29996,142,-1,-1.0,5500,66.04,51.9,2,0.7041,0.6828,chair,1,0,0,0,1002.3,frames/000176.jpg
8.6413,177,19.094518,13163.839736,89.4,89.35,19.83,0,512,288,BGR888p,1352,1012,0,29996,142,-1,-1.0,5500,66.04,51.9,2,0.7173,0.677,chair,1,0,0,0,999.1,frames/000177.jpg
8.6921,178,19.144535,13163.889753,90.22,90.18,19.66,0,512,288,BGR888p,1352,1012,0,29996,142,-1,-1.0,5500,66.04,51.9,2,0.7256,0.6587,chair,1,0,0,0,1000.2,frames/000178.jpg
8.7413,179,19.194518,13163.939736,89.39,89.34,20.35,0,512,288,BGR888p,1352,1012,0,29996,142,-1,-1.0,5500,66.04,51.9,2,0.7451,0.6706,chair,1,0,0,0,995.0,frames/000179.jpg
8.7917,180,19.244538,13163.989755,89.46,89.38,19.81,0,512,288,BGR888p,1352,1012,0,29996,142,-1,-1.0,5500,66.04,51.9,2,0.73,0.6602,chair,1,0,0,0,997.1,frames/000180.jpg
8.8417,181,19.294524,13164.039741,89.78,89.74,20.03,0,512,288,BGR888p,1352,1012,0,29996,142,-1,-1.0,5500,66.04,51.9,2,0.6904,0.6636,chair,1,0,0,0,999.1,frames/000181.jpg
8.891,182,19.344528,13164.089745,89.08,89.03,20.28,0,512,288,BGR888p,1352,1012,0,29996,142,-1,-1.0,5500,66.04,51.9,2,0.7192,0.6663,chair,1,0,0,0,997.1,frames/000182.jpg
8.9413,183,19.394515,13164.139732,89.42,89.38,19.86,0,512,288,BGR888p,1352,1012,0,29996,142,-1,-1.0,5500,66.04,51.9,2,0.7314,0.6704,chair,1,0,0,0,995.0,frames/000183.jpg
8.9911,184,19.444518,13164.189735,89.18,89.14,20.1,0,512,288,BGR888p,1352,1012,0,29996,142,-1,-1.0,5500,66.04,51.9,2,0.7183,0.6623,chair,1,0,0,0,1002.8,frames/000184.jpg
9.0412,185,19.494504,13164.239722,89.34,89.29,19.95,0,512,288,BGR888p,1352,1012,0,29996,142,-1,-1.0,5500,66.04,51.9,2,0.6899,0.6538,chair,1,0,0,0,999.1,frames/000185.jpg
9.0914,186,19.54452,13164.289738,89.49,89.44,19.93,0,512,288,BGR888p,1352,1012,0,29996,142,-1,-1.0,5500,66.04,51.9,2,0.6987,0.6558,chair,1,0,0,0,996.0,frames/000186.jpg
9.1411,187,19.594504,13164.339721,89.23,89.18,20.11,0,512,288,BGR888p,1352,1012,0,29996,142,-1,-1.0,5500,66.04,51.9,2,0.6968,0.6528,chair,1,0,0,0,993.0,frames/000187.jpg
9.1912,188,19.644523,13164.38974,89.33,89.29,19.94,0,512,288,BGR888p,1352,1012,0,29996,142,-1,-1.0,5500,66.04,51.9,2,0.7139,0.6545,chair,1,0,0,0,1001.2,frames/000188.jpg
9.2421,189,19.694506,13164.439723,90.19,90.14,19.68,0,512,288,BGR888p,1352,1012,0,29996,142,-1,-1.0,5500,66.04,51.9,2,0.7285,0.6543,chair,1,0,0,0,990.9,frames/000189.jpg
9.2903,190,19.744525,13164.489742,88.4,88.35,20.73,0,512,288,BGR888p,1352,1012,0,29996,142,-1,-1.0,5500,66.04,51.9,2,0.7173,0.6623,chair,1,0,0,0,996.0,frames/000190.jpg
9.3429,191,19.794509,13164.539727,91.02,90.97,19.01,0,512,288,BGR888p,1352,1012,0,29996,142,-1,-1.0,5500,66.04,51.9,2,0.7056,0.6512,chair,1,0,0,0,1002.3,frames/000191.jpg
9.3909,192,19.844528,13164.589745,89.04,89.0,20.82,0,512,288,BGR888p,1352,1012,0,29996,142,-1,-1.0,5500,66.04,51.9,2,0.7129,0.6623,chair,1,0,0,0,1000.2,frames/000192.jpg
9.442,193,19.894513,13164.639731,90.13,90.09,19.57,0,512,288,BGR888p,1352,1012,0,29996,142,-1,-1.0,5500,66.04,51.9,2,0.708,0.6482,chair,1,0,0,0,1001.2,frames/000193.jpg
9.4924,194,19.94453,13164.689748,90.45,90.4,19.84,0,512,288,BGR888p,1352,1012,0,29996,142,-1,-1.0,5500,66.04,51.9,2,0.6631,0.6521,chair,1,0,0,0,1012.8,frames/000194.jpg
9.5412,195,19.994516,13164.739733,89.31,89.25,20.51,0,512,288,BGR888p,1352,1012,0,29996,142,-1,-1.0,5500,66.04,51.9,2,0.7363,0.6641,chair,1,0,0,0,1008.0,frames/000195.jpg
9.591,196,20.044532,13164.789749,89.07,89.02,20.08,0,512,288,BGR888p,1352,1012,0,29996,142,-1,-1.0,5500,66.04,51.9,2,0.6973,0.6648,chair,1,0,0,0,1000.2,frames/000196.jpg
9.6417,197,20.094515,13164.839732,89.8,89.76,19.72,0,512,288,BGR888p,1352,1012,0,29996,142,-1,-1.0,5500,66.04,51.9,2,0.6602,0.6367,chair,1,0,0,0,1010.1,frames/000197.jpg
9.6913,198,20.144535,13164.889752,89.43,89.38,20.13,0,512,288,BGR888p,1352,1012,0,29996,142,-1,-1.0,5500,66.04,51.9,2,0.7383,0.6897,chair,1,0,0,0,998.1,frames/000198.jpg
9.7413,199,20.194518,13164.939735,89.47,89.41,20.0,0,512,288,BGR888p,1352,1012,0,29996,142,-1,-1.0,5500,66.04,51.9,2,0.7539,0.6472,chair,1,0,0,0,986.9,frames/000199.jpg
9.7924,200,20.244539,13164.989756,90.23,90.17,19.6,0,512,288,BGR888p,1352,1012,0,29996,142,-1,-1.0,5500,66.04,51.9,2,0.7129,0.6203,chair,1,0,0,0,979.9,frames/000200.jpg
9.8416,201,20.29452,13165.039737,89.75,89.71,20.31,0,512,288,BGR888p,1352,1012,0,29996,142,-1,-1.0,5500,66.04,51.9,1,0.731,0.731,chair,0,0,0,0,995.0,frames/000201.jpg
9.8908,202,20.344527,13165.089744,88.86,88.81,20.34,0,512,288,BGR888p,1352,1012,0,29996,142,-1,-1.0,5500,66.04,51.9,2,0.7158,0.6184,chair,1,0,0,0,964.2,frames/000202.jpg
9.9412,203,20.394513,13165.13973,89.28,89.23,19.84,0,512,288,BGR888p,1352,1012,0,29996,142,-1,-1.0,5500,66.04,51.9,2,0.666,0.5955,chair,1,0,0,0,993.0,frames/000203.jpg
9.9913,204,20.444519,13165.189736,89.37,89.33,19.96,0,512,288,BGR888p,1352,1012,0,29996,142,-1,-1.0,5500,66.04,51.9,2,0.6001,0.5645,chair,1,0,0,0,1007.0,frames/000204.jpg
10.0421,205,20.494503,13165.23972,90.24,90.2,19.67,0,512,288,BGR888p,1352,1012,0,29996,142,-1,-1.0,5500,66.04,51.9,2,0.6011,0.5574,chair,1,0,0,0,993.0,frames/000205.jpg
10.091,206,20.544519,13165.289737,89.1,89.06,20.46,0,512,288,BGR888p,1352,1012,0,29996,142,-1,-1.0,5500,66.04,51.9,2,0.5864,0.5764,chair,1,0,0,0,999.1,frames/000206.jpg
10.1409,207,20.594502,13165.33972,89.03,88.99,20.03,0,512,288,BGR888p,1352,1012,0,29996,142,-1,-1.0,5500,66.04,51.9,2,0.625,0.5913,chair,1,0,0,0,998.1,frames/000207.jpg
10.1915,208,20.644525,13165.389742,89.57,89.52,19.78,0,512,288,BGR888p,1352,1012,0,29996,142,-1,-1.0,5500,66.04,51.9,2,0.6367,0.6177,chair,1,0,0,0,997.1,frames/000208.jpg
10.2408,209,20.694505,13165.439722,88.88,88.84,20.29,0,512,288,BGR888p,1352,1012,0,29996,142,-1,-1.0,5500,66.04,51.9,2,0.6104,0.6082,person,1,0,0,0,998.1,frames/000209.jpg
10.2902,210,20.744527,13165.489744,88.32,88.27,20.22,0,512,288,BGR888p,1352,1012,0,29996,142,-1,-1.0,5500,66.04,51.9,2,0.5952,0.5805,chair,1,0,0,0,997.1,frames/000210.jpg
10.3402,211,20.79451,13165.539728,88.33,88.26,20.01,0,512,288,BGR888p,1352,1012,0,29996,142,-1,-1.0,5500,66.04,51.9,2,0.6382,0.5847,chair,1,0,0,0,973.9,frames/000211.jpg
10.3924,212,20.844529,13165.589747,90.5,90.45,19.16,0,512,288,BGR888p,1352,1012,0,29996,142,-1,-1.0,5500,66.04,51.9,2,0.6235,0.6047,chair,1,0,0,0,994.0,frames/000212.jpg
10.4421,213,20.894513,13165.63973,89.67,89.57,20.13,0,512,288,BGR888p,1352,1012,0,29996,142,-1,-1.0,5500,66.04,51.9,2,0.6177,0.5776,chair,1,0,0,0,979.9,frames/000213.jpg
10.4921,214,20.944529,13165.689746,90.14,90.09,19.99,0,512,288,BGR888p,1352,1012,0,29996,142,-1,-1.0,5500,66.04,51.9,2,0.6216,0.5837,chair,1,0,0,0,997.1,frames/000214.jpg
10.5414,215,20.994515,13165.739732,89.5,89.45,20.3,0,512,288,BGR888p,1352,1012,0,29996,142,-1,-1.0,5500,66.04,51.9,2,0.645,0.5974,chair,1,0,0,0,985.9,frames/000215.jpg
10.5912,216,21.044531,13165.789749,89.31,89.27,20.07,0,512,288,BGR888p,1352,1012,0,29996,142,-1,-1.0,5500,66.04,51.9,2,0.5981,0.5772,chair,1,0,0,0,997.1,frames/000216.jpg
10.6406,217,21.094515,13165.839732,88.69,88.64,20.26,0,512,288,BGR888p,1352,1012,0,29996,142,-1,-1.0,5500,66.04,51.9,2,0.6421,0.6011,chair,1,0,0,0,1002.3,frames/000217.jpg
10.6909,218,21.144537,13165.889754,89.01,88.96,19.87,0,512,288,BGR888p,1352,1012,0,29996,142,-1,-1.0,5500,66.04,51.9,1,0.6621,0.6621,chair,0,0,0,0,992.0,frames/000218.jpg
10.7416,219,21.194519,13165.939736,89.73,89.69,19.73,0,512,288,BGR888p,1352,1012,0,29996,142,-1,-1.0,5500,66.04,51.9,1,0.6572,0.6572,chair,0,0,0,0,996.0,frames/000219.jpg
10.7923,220,21.244536,13165.989753,90.14,90.06,19.7,0,512,288,BGR888p,1352,1012,0,29996,142,-1,-1.0,5500,66.04,51.9,2,0.6548,0.5808,chair,1,0,0,0,995.0,frames/000220.jpg
10.8423,221,21.294519,13166.039736,90.4,90.35,20.03,0,512,288,BGR888p,1352,1012,0,29996,142,-1,-1.0,5500,66.04,51.9,2,0.6152,0.5781,chair,1,0,0,0,996.0,frames/000221.jpg
10.8905,222,21.344538,13166.089756,88.57,88.53,20.74,0,512,288,BGR888p,1352,1012,0,29996,142,-1,-1.0,5500,66.04,51.9,2,0.6562,0.5786,chair,1,0,0,0,994.0,frames/000222.jpg
10.941,223,21.394524,13166.139741,89.14,89.1,19.78,0,512,288,BGR888p,1352,1012,0,29996,142,-1,-1.0,5500,66.04,51.9,2,0.6123,0.5603,chair,1,0,0,0,975.9,frames/000223.jpg
10.9916,224,21.444529,13166.189746,89.74,89.7,19.77,0,512,288,BGR888p,1352,1012,0,29996,142,-1,-1.0,5500,66.04,51.9,2,0.6177,0.5608,chair,1,0,0,0,987.9,frames/000224.jpg
11.041,225,21.494511,13166.239729,89.16,89.11,20.24,0,512,288,BGR888p,1352,1012,0,29996,142,-1,-1.0,5500,66.04,51.9,2,0.6221,0.5772,chair,1,0,0,0,987.9,frames/000225.jpg
11.0913,226,21.544519,13166.289736,89.44,89.39,19.89,0,512,288,BGR888p,1352,1012,0,29996,142,-1,-1.0,5500,66.04,51.9,2,0.6455,0.5737,chair,1,0,0,0,985.9,frames/000226.jpg
11.1414,227,21.594505,13166.339722,89.51,89.46,19.99,0,512,288,BGR888p,1352,1012,0,29996,142,-1,-1.0,5500,66.04,51.9,1,0.623,0.623,chair,0,0,0,0,994.0,frames/000227.jpg
11.1914,228,21.644523,13166.389741,89.47,89.42,20.0,0,512,288,BGR888p,1352,1012,0,29996,142,-1,-1.0,5500,66.04,51.9,2,0.6382,0.5762,chair,1,0,0,0,994.0,frames/000228.jpg
11.2419,229,21.694504,13166.439721,90.04,90.0,19.79,0,512,288,BGR888p,1352,1012,0,29996,142,-1,-1.0,5500,66.04,51.9,1,0.6909,0.6909,chair,0,0,0,0,992.0,frames/000229.jpg
11.2901,230,21.744526,13166.489743,88.23,88.18,20.75,0,512,288,BGR888p,1352,1012,0,29996,142,-1,-1.0,5500,66.04,51.9,1,0.6689,0.6689,chair,0,0,0,0,1000.2,frames/000230.jpg
11.343,231,21.794509,13166.539727,91.11,91.07,18.91,0,512,288,BGR888p,1352,1012,0,29996,142,-1,-1.0,5500,66.04,51.9,1,0.7002,0.7002,chair,0,0,0,0,995.0,frames/000231.jpg
11.3907,232,21.844528,13166.589746,88.83,88.78,20.95,0,512,288,BGR888p,1352,1012,0,29996,142,-1,-1.0,5500,66.04,51.9,2,0.6826,0.5962,chair,1,0,0,0,996.0,frames/000232.jpg
11.4422,233,21.894511,13166.639728,90.33,90.28,19.42,0,512,288,BGR888p,1352,1012,0,29996,142,-1,-1.0,5500,66.04,51.9,2,0.6807,0.593,chair,1,0,0,0,988.9,frames/000233.jpg
11.4923,234,21.944528,13166.689746,90.37,90.33,19.96,0,512,288,BGR888p,1352,1012,0,29996,142,-1,-1.0,5500,66.04,51.9,2,0.666,0.5859,chair,1,0,0,0,979.9,frames/000234.jpg
11.541,235,21.994511,13166.739728,89.13,89.08,20.55,0,512,288,BGR888p,1352,1012,0,29996,142,-1,-1.0,5500,66.04,51.9,1,0.6641,0.6641,chair,0,0,0,0,987.9,frames/000235.jpg
11.5911,236,22.044533,13166.789751,89.17,89.12,19.96,0,512,288,BGR888p,1352,1012,0,29996,142,-1,-1.0,5500,66.04,51.9,2,0.7065,0.6055,chair,1,0,0,0,983.9,frames/000236.jpg
11.641,237,22.094516,13166.839733,89.11,89.06,20.03,0,512,288,BGR888p,1352,1012,0,29996,142,-1,-1.0,5500,66.04,51.9,2,0.7651,0.6336,chair,1,0,0,0,986.9,frames/000237.jpg
11.693,238,22.144536,13166.889753,91.08,91.04,19.23,0,512,288,BGR888p,1352,1012,0,29996,142,-1,-1.0,5500,66.04,51.9,2,0.7876,0.6519,chair,1,0,0,0,993.0,frames/000238.jpg
11.742,239,22.194519,13166.939736,90.16,90.1,20.4,0,512,288,BGR888p,1352,1012,0,29996,142,-1,-1.0,5500,66.04,51.9,1,0.7773,0.7773,chair,0,0,0,0,999.1,frames/000239.jpg
11.7915,240,22.244535,13166.989753,89.46,89.39,20.2,0,512,288,BGR888p,1352,1012,0,29996,142,-1,-1.0,5500,66.04,51.9,2,0.7456,0.6284,chair,1,0,0,0,992.0,frames/000240.jpg
11.8422,241,22.294518,13167.039735,90.17,90.11,19.75,0,512,288,BGR888p,1352,1012,0,29996,142,-1,-1.0,5500,66.04,51.9,1,0.7495,0.7495,chair,0,0,0,0,995.0,frames/000241.jpg
11.8916,242,22.344551,13167.089768,89.52,89.46,20.23,0,512,288,BGR888p,1352,1012,0,29996,142,-1,-1.0,5500,66.04,51.9,2,0.7476,0.6333,chair,1,0,0,0,994.0,frames/000242.jpg
11.9414,243,22.394536,13167.139754,89.33,89.27,20.09,0,512,288,BGR888p,1352,1012,0,29996,142,-1,-1.0,5500,66.04,51.9,2,0.752,0.6384,chair,1,0,0,0,997.1,frames/000243.jpg
11.9918,244,22.444545,13167.189762,89.84,89.78,19.84,0,512,288,BGR888p,1352,1012,0,29996,142,-1,-1.0,5500,66.04,51.9,2,0.7651,0.6562,chair,1,0,0,0,1000.2,frames/000244.jpg
12.0418,245,22.494526,13167.239744,89.93,89.88,19.97,0,512,288,BGR888p,1352,1012,0,29996,142,-1,-1.0,5500,66.04,51.9,2,0.7529,0.6763,chair,1,0,0,0,992.0,frames/000245.jpg
12.093,246,22.54453,13167.289748,91.11,91.07,19.53,0,512,288,BGR888p,1352,1012,0,29996,142,-1,-1.0,5500,66.04,51.9,2,0.7754,0.6858,chair,1,0,0,0,996.0,frames/000246.jpg
12.1422,247,22.594513,13167.33973,90.36,90.31,20.32,0,512,288,BGR888p,1352,1012,0,29996,142,-1,-1.0,5500,66.04,51.9,2,0.77,0.6855,chair,1,0,0,0,986.9,frames/000247.jpg
12.192,248,22.644535,13167.389753,90.05,90.0,20.11,0,512,288,BGR888p,1352,1012,0,29996,142,-1,-1.0,5500,66.04,51.9,2,0.7725,0.6868,chair,1,0,0,0,997.1,frames/000248.jpg
12.2411,249,22.694517,13167.439734,89.09,89.03,20.34,0,512,288,BGR888p,1352,1012,0,29996,142,-1,-1.0,5500,66.04,51.9,2,0.7759,0.6917,chair,1,0,0,0,1000.2,frames/000249.jpg
12.2917,250,22.744535,13167.489752,89.81,89.75,19.75,0,512,288,BGR888p,1352,1012,0,29996,142,-1,-1.0,5500,66.04,51.9,2,0.7593,0.6938,chair,1,0,0,0,1001.2,frames/000250.jpg
12.3426,251,22.794521,13167.539738,90.58,90.52,19.66,0,512,288,BGR888p,1352,1012,0,29996,142,-1,-1.0,5500,66.04,51.9,2,0.7295,0.6855,chair,1,0,0,0,1012.2,frames/000251.jpg
12.3928,252,22.844538,13167.589756,90.77,90.71,19.91,0,512,288,BGR888p,1352,1012,0,29996,142,-1,-1.0,5500,66.04,51.9,2,0.7661,0.676,chair,1,0,0,0,1007.0,frames/000252.jpg
12.4419,253,22.89452,13167.639737,89.92,89.86,20.36,0,512,288,BGR888p,1352,1012,0,29996,142,-1,-1.0,5500,66.04,51.9,2,0.7539,0.6878,chair,1,0,0,0,997.1,frames/000253.jpg
12.4921,254,22.944527,13167.689744,90.08,90.02,19.93,0,512,288,BGR888p,1352,1012,0,29996,142,-1,-1.0,5500,66.04,51.9,2,0.7563,0.6757,chair,1,0,0,0,972.0,frames/000254.jpg
12.5425,255,22.99451,13167.739727,90.57,90.52,19.84,0,512,288,BGR888p,1352,1012,0,29996,142,-1,-1.0,5500,66.04,51.9,2,0.7583,0.6814,chair,1,0,0,0,1003.8,frames/000255.jpg
12.5919,256,23.044517,13167.789735,90.06,90.01,20.24,0,512,288,BGR888p,1352,1012,0,29996,142,-1,-1.0,5500,66.04,51.9,2,0.7378,0.6802,chair,1,0,0,0,989.9,frames/000256.jpg
12.6415,257,23.0945,13167.839718,89.61,89.55,20.18,0,512,288,BGR888p,1352,1012,0,29996,142,-1,-1.0,5500,66.04,51.9,2,0.7529,0.6714,chair,1,0,0,0,996.0,frames/000257.jpg
12.6918,258,23.14452,13167.889737,89.96,89.91,19.86,0,512,288,BGR888p,1352,1012,0,29996,142,-1,-1.0,5500,66.04,51.9,2,0.7236,0.6631,chair,1,0,0,0,997.1,frames/000258.jpg
12.7423,259,23.194503,13167.93972,90.47,90.42,19.81,0,512,288,BGR888p,1352,1012,0,29996,142,-1,-1.0,5500,66.04,51.9,2,0.7583,0.6704,chair,1,0,0,0,997.1,frames/000259.jpg
12.7914,260,23.244522,13167.98974,89.48,89.44,20.39,0,512,288,BGR888p,1352,1012,0,29996,142,-1,-1.0,5500,66.04,51.9,2,0.7891,0.6775,chair,1,0,0,0,1000.2,frames/000260.jpg
12.8417,261,23.294505,13168.039722,89.85,89.81,19.86,0,512,288,BGR888p,1352,1012,0,29996,142,-1,-1.0,5500,66.04,51.9,2,0.7646,0.6708,chair,1,0,0,0,989.9,frames/000261.jpg
12.8924,262,23.344524,13168.089742,90.47,90.43,19.75,0,512,288,BGR888p,1352,1012,0,29996,142,-1,-1.0,5500,66.04,51.9,2,0.7817,0.6645,chair,1,0,0,0,999.1,frames/000262.jpg
12.9414,263,23.394507,13168.139725,89.49,89.45,20.41,0,512,288,BGR888p,1352,1012,0,29996,142,-1,-1.0,5500,66.04,51.9,2,0.7852,0.6846,chair,1,0,0,0,990.9,frames/000263.jpg
12.9915,264,23.44453,13168.189748,89.62,89.58,19.94,0,512,288,BGR888p,1352,1012,0,29996,142,-1,-1.0,5500,66.04,51.9,2,0.7568,0.6663,chair,1,0,0,0,993.0,frames/000264.jpg
13.0431,265,23.49451,13168.239727,91.19,91.15,19.4,0,512,288,BGR888p,1352,1012,0,29996,142,-1,-1.0,5500,66.04,51.9,2,0.7695,0.6735,chair,1,0,0,0,998.1,frames/000265.jpg
13.0923,266,23.544529,13168.289747,90.4,90.35,20.31,0,512,288,BGR888p,1352,1012,0,29996,142,-1,-1.0,5500,66.04,51.9,2,0.7593,0.6887,chair,1,0,0,0,992.0,frames/000266.jpg
13.1419,267,23.594515,13168.339733,90.05,90.0,20.15,0,512,288,BGR888p,1352,1012,0,29996,142,-1,-1.0,5500,66.04,51.9,2,0.7334,0.6851,chair,1,0,0,0,992.0,frames/000267.jpg
13.192,268,23.644531,13168.389749,90.07,90.02,19.98,0,512,288,BGR888p,1352,1012,0,29996,142,-1,-1.0,5500,66.04,51.9,2,0.7134,0.6817,chair,1,0,0,0,996.0,frames/000268.jpg
13.2413,269,23.694514,13168.439732,89.37,89.32,20.28,0,512,288,BGR888p,1352,1012,0,29996,142,-1,-1.0,5500,66.04,51.9,2,0.7646,0.6889,chair,1,0,0,0,988.9,frames/000269.jpg
13.2922,270,23.744537,13168.489755,90.21,90.16,19.65,0,512,288,BGR888p,1352,1012,0,29996,142,-1,-1.0,5500,66.04,51.9,2,0.7725,0.6755,chair,1,0,0,0,992.0,frames/000270.jpg
13.3418,271,23.794517,13168.539734,89.94,89.9,20.14,0,512,288,BGR888p,1352,1012,0,29996,142,-1,-1.0,5500,66.04,51.9,2,0.7632,0.6907,chair,1,0,0,0,1001.2,frames/000271.jpg
13.391,272,23.844536,13168.589754,88.9,88.84,20.35,0,512,288,BGR888p,1352,1012,0,29996,142,-1,-1.0,5500,66.04,51.9,2,0.7485,0.6831,chair,1,0,0,0,1001.2,frames/000272.jpg
13.4426,273,23.894521,13168.639739,90.68,90.63,19.38,0,512,288,BGR888p,1352,1012,0,29996,142,-1,-1.0,5500,66.04,51.9,2,0.751,0.6767,chair,1,0,0,0,994.0,frames/000273.jpg
13.4915,274,23.944538,13168.689756,89.64,89.59,20.42,0,512,288,BGR888p,1352,1012,0,29996,142,-1,-1.0,5500,66.04,51.9,2,0.7524,0.678,chair,1,0,0,0,995.0,frames/000274.jpg
13.5427,275,23.994525,13168.739742,90.73,90.68,19.55,0,512,288,BGR888p,1352,1012,0,29996,142,-1,-1.0,5500,66.04,51.9,2,0.7334,0.6582,chair,1,0,0,0,994.0,frames/000275.jpg
13.5927,276,24.044529,13168.789746,90.79,90.75,20.0,0,512,288,BGR888p,1352,1012,0,29996,142,-1,-1.0,5500,66.04,51.9,2,0.7334,0.6641,chair,1,0,0,0,996.0,frames/000276.jpg
13.6413,277,24.094511,13168.839729,89.4,89.36,20.59,0,512,288,BGR888p,1352,1012,0,29996,142,-1,-1.0,5500,66.04,51.9,2,0.7358,0.6716,chair,1,0,0,0,994.0,frames/000277.jpg
13.6907,278,24.144519,13168.889736,88.62,88.56,20.25,0,512,288,BGR888p,1352,1012,0,29996,142,-1,-1.0,5500,66.04,51.9,2,0.7422,0.6755,chair,1,0,0,0,984.9,frames/000278.jpg
13.7424,279,24.194504,13168.939722,90.54,90.48,19.32,0,512,288,BGR888p,1352,1012,0,29996,142,-1,-1.0,5500,66.04,51.9,2,0.77,0.678,chair,1,0,0,0,990.9,frames/000279.jpg
13.7918,280,24.244521,13168.989739,89.73,89.67,20.25,0,512,288,BGR888p,1352,1012,0,29996,142,-1,-1.0,5500,66.04,51.9,2,0.7651,0.6689,chair,1,0,0,0,975.9,frames/000280.jpg
13.8427,281,24.294508,13169.039725,90.81,90.76,19.65,0,512,288,BGR888p,1352,1012,0,29996,142,-1,-1.0,5500,66.04,51.9,2,0.7539,0.6651,chair,1,0,0,0,979.9,frames/000281.jpg
13.892,282,24.344524,13169.089741,89.91,89.84,20.29,0,512,288,BGR888p,1352,1012,0,29996,142,-1,-1.0,5500,66.04,51.9,2,0.7764,0.6767,chair,1,0,0,0,996.0,frames/000282.jpg
13.9418,283,24.394506,13169.139724,89.93,89.88,20.06,0,512,288,BGR888p,1352,1012,0,29996,142,-1,-1.0,5500,66.04,51.9,2,0.7632,0.6828,chair,1,0,0,0,994.0,frames/000283.jpg
13.9909,284,24.444526,13169.189743,88.83,88.76,20.37,0,512,288,BGR888p,1352,1012,0,29996,142,-1,-1.0,5500,66.04,51.9,2,0.7681,0.6675,chair,1,0,0,0,1004.9,frames/000284.jpg
14.0428,285,24.494512,13169.23973,90.82,90.76,19.25,0,512,288,BGR888p,1352,1012,0,29996,142,-1,-1.0,5500,66.04,51.9,2,0.7544,0.665,chair,1,0,0,0,989.9,frames/000285.jpg
14.092,286,24.544528,13169.289746,89.94,89.88,20.36,0,512,288,BGR888p,1352,1012,0,29996,142,-1,-1.0,5500,66.04,51.9,2,0.7368,0.6721,chair,1,0,0,0,995.0,frames/000286.jpg
14.1418,287,24.594514,13169.339732,89.95,89.91,20.05,0,512,288,BGR888p,1352,1012,0,29996,142,-1,-1.0,5500,66.04,51.9,2,0.7681,0.68,chair,1,0,0,0,985.9,frames/000287.jpg
14.1922,288,24.644531,13169.389748,90.26,90.21,19.88,0,512,288,BGR888p,1352,1012,0,29996,142,-1,-1.0,5500,66.04,51.9,2,0.7681,0.6895,chair,1,0,0,0,996.0,frames/000288.jpg
14.2433,289,24.694514,13169.439731,91.42,91.38,19.55,0,512,288,BGR888p,1352,1012,0,29996,142,-1,-1.0,5500,66.04,51.9,2,0.7524,0.6833,chair,1,0,0,0,1001.2,frames/000289.jpg
14.2918,290,24.744535,13169.489753,89.9,89.85,20.61,0,512,288,BGR888p,1352,1012,0,29996,142,-1,-1.0,5500,66.04,51.9,2,0.7383,0.6792,chair,1,0,0,0,1002.3,frames/000290.jpg
14.3416,291,24.794516,13169.54054,88.88,88.83,20.1,0,512,288,BGR888p,1352,1012,0,29996,142,-1,-1.0,5500,66.04,51.9,2,0.7686,0.6804,chair,1,0,0,0,984.9,frames/000291.jpg
14.3937,292,24.844535,13169.59056,90.95,90.9,19.17,0,512,288,BGR888p,1352,1012,0,29996,142,-1,-1.0,5500,66.04,51.9,2,0.7539,0.6706,chair,1,0,0,0,993.0,frames/000292.jpg
14.4418,293,24.894522,13169.640546,89.12,89.08,20.79,0,512,288,BGR888p,1352,1012,0,29996,142,-1,-1.0,5500,66.04,51.9,2,0.7402,0.6819,chair,1,0,0,0,988.9,frames/000293.jpg
14.4927,294,24.944538,13169.690562,89.96,89.91,19.67,0,512,288,BGR888p,1352,1012,0,29996,142,-1,-1.0,5500,66.04,51.9,2,0.7363,0.6757,chair,1,0,0,0,982.9,frames/000294.jpg
14.543,295,24.99452,13169.740545,90.15,90.11,19.86,0,512,288,BGR888p,1352,1012,0,29996,142,-1,-1.0,5500,66.04,51.9,2,0.77,0.6773,chair,1,0,0,0,989.9,frames/000295.jpg
14.5949,296,25.044529,13169.790554,92.19,92.14,19.27,0,512,288,BGR888p,1352,1012,0,29996,142,-1,-1.0,5500,66.04,51.9,2,0.7427,0.6739,chair,1,0,0,0,988.9,frames/000296.jpg
14.6416,297,25.094511,13169.840535,88.94,88.89,21.41,0,512,288,BGR888p,1352,1012,0,29996,142,-1,-1.0,5500,66.04,51.9,2,0.7197,0.6716,chair,1,0,0,0,993.0,frames/000297.jpg
14.6918,298,25.144518,13169.890543,89.11,89.07,19.92,0,512,288,BGR888p,1352,1012,0,29996,142,-1,-1.0,5500,66.04,51.9,2,0.689,0.6191,chair,1,0,0,0,995.0,frames/000298.jpg
14.7424,299,25.194501,13169.940525,89.69,89.64,19.79,0,512,288,BGR888p,1352,1012,0,29996,142,-1,-1.0,5500,66.04,51.9,2,0.7617,0.646,chair,1,0,0,0,994.0,frames/000299.jpg
14.7918,300,25.24452,13169.990545,89.1,89.05,20.21,0,512,288,BGR888p,1352,1012,0,29996,142,-1,-1.0,5500,66.04,51.9,2,0.7593,0.6443,chair,1,0,0,0,992.0,frames/000300.jpg
14.8423,301,25.294506,13170.040531,89.67,89.63,19.81,0,512,288,BGR888p,1352,1012,0,29996,142,-1,-1.0,5500,66.04,51.9,1,0.7422,0.7422,chair,0,0,0,0,983.9,frames/000301.jpg
14.8918,302,25.344523,13170.090547,88.98,88.92,20.19,0,512,288,BGR888p,1352,1012,0,29996,142,-1,-1.0,5500,66.04,51.9,2,0.7139,0.6258,chair,1,0,0,0,993.0,frames/000302.jpg
14.9424,303,25.394509,13170.140534,89.62,89.56,19.76,0,512,288,BGR888p,1352,1012,0,29996,142,-1,-1.0,5500,66.04,51.9,2,0.707,0.6374,chair,1,0,0,0,982.9,frames/000303.jpg
14.9918,304,25.444525,13170.19055,89.12,89.08,20.24,0,512,288,BGR888p,1352,1012,0,29996,142,-1,-1.0,5500,66.04,51.9,2,0.6777,0.6436,chair,1,0,0,0,996.0,frames/000304.jpg
15.0417,305,25.494511,13170.240536,88.99,88.94,20.08,0,512,288,BGR888p,1352,1012,0,29996,142,-1,-1.0,5500,66.04,51.9,2,0.665,0.622,chair,1,0,0,0,981.9,frames/000305.jpg
15.0936,306,25.544527,13170.290552,90.86,90.81,19.27,0,512,288,BGR888p,1352,1012,0,29996,142,-1,-1.0,5500,66.04,51.9,2,0.6431,0.6299,chair,1,0,0,0,988.9,frames/000306.jpg
15.1428,307,25.59451,13170.340535,90.14,90.1,20.29,0,512,288,BGR888p,1352,1012,0,29996,142,-1,-1.0,5500,66.04,51.9,2,0.6152,0.6135,person,1,0,0,0,994.0,frames/000307.jpg
15.1913,308,25.64453,13170.390554,88.62,88.57,20.63,0,512,288,BGR888p,1352,1012,0,29996,142,-1,-1.0,5500,66.04,51.9,2,0.6348,0.6143,chair,1,0,0,0,985.9,frames/000308.jpg
15.2419,309,25.694513,13170.440537,89.2,89.16,19.77,0,512,288,BGR888p,1352,1012,0,29996,142,-1,-1.0,5500,66.04,51.9,2,0.6118,0.6118,chair,1,0,0,0,995.0,frames/000309.jpg
15.2918,310,25.744535,13170.49056,89.09,89.04,20.04,0,512,288,BGR888p,1352,1012,0,29996,142,-1,-1.0,5500,66.04,51.9,2,0.647,0.6267,chair,1,0,0,0,982.9,frames/000310.jpg
15.3428,311,25.794516,13170.54054,90.09,90.05,19.61,0,512,288,BGR888p,1352,1012,0,29996,142,-1,-1.0,5500,66.04,51.9,2,0.6753,0.6064,chair,1,0,0,0,981.9,frames/000311.jpg
15.3912,312,25.844535,13170.590559,88.49,88.44,20.67,0,512,288,BGR888p,1352,1012,0,29996,142,-1,-1.0,5500,66.04,51.9,2,0.6602,0.6158,chair,1,0,0,0,987.9,frames/000312.jpg
15.442,313,25.894517,13170.640542,89.34,89.3,19.66,0,512,288,BGR888p,1352,1012,0,29996,142,-1,-1.0,5500,66.04,51.9,2,0.6699,0.6325,chair,1,0,0,0,981.9,frames/000313.jpg
15.4917,314,25.944537,13170.690562,89.03,88.98,20.13,0,512,288,BGR888p,1352,1012,0,29996,142,-1,-1.0,5500,66.04,51.9,2,0.6753,0.6114,chair,1,0,0,0,985.9,frames/000314.jpg
15.5433,315,25.994523,13170.740548,90.5,90.45,19.41,0,512,288,BGR888p,1352,1012,0,29996,142,-1,-1.0,5500,66.04,51.9,2,0.6899,0.6257,chair,1,0,0,0,980.9,frames/000315.jpg
15.592,316,26.044527,13170.790551,89.33,89.29,20.5,0,512,288,BGR888p,1352,1012,0,29996,142,-1,-1.0,5500,66.04,51.9,2,0.6797,0.6097,chair,1,0,0,0,968.1,frames/000316.jpg
15.642,317,26.094513,13170.840538,89.26,89.21,20.03,0,512,288,BGR888p,1352,1012,0,29996,142,-1,-1.0,5500,66.04,51.9,2,0.6216,0.5694,chair,1,0,0,0,997.1,frames/000317.jpg
15.6921,318,26.144517,13170.890542,89.35,89.3,19.95,0,512,288,BGR888p,1352,1012,0,29996,142,-1,-1.0,5500,66.04,51.9,2,0.6304,0.5762,chair,1,0,0,0,985.9,frames/000318.jpg
15.7426,319,26.1945,13170.940524,89.94,89.9,19.78,0,512,288,BGR888p,1352,1012,0,29996,142,-1,-1.0,5500,66.04,51.9,2,0.6572,0.592,chair,1,0,0,0,985.9,frames/000319.jpg
15.7918,320,26.244523,13170.990548,89.0,88.95,20.36,0,512,288,BGR888p,1352,1012,0,29996,142,-1,-1.0,5500,66.04,51.9,2,0.6406,0.5756,chair,1,0,0,0,989.9,frames/000320.jpg
15.8409,321,26.294502,13171.040527,88.25,88.2,20.34,0,512,288,BGR888p,1352,1012,0,29996,142,-1,-1.0,5500,66.04,51.9,2,0.6284,0.5708,chair,1,0,0,0,989.9,frames/000321.jpg
15.8928,322,26.344525,13171.09055,90.04,89.99,19.29,0,512,288,BGR888p,1352,1012,0,29996,142,-1,-1.0,5500,66.04,51.9,2,0.6201,0.5613,chair,1,0,0,0,985.9,frames/000322.jpg
15.9417,323,26.394507,13171.140532,89.02,88.98,20.44,0,512,288,BGR888p,1352,1012,0,29996,142,-1,-1.0,5500,66.04,51.9,2,0.6206,0.5642,chair,1,0,0,0,981.9,frames/000323.jpg
15.9934,324,26.444524,13171.190549,90.58,90.53,19.35,0,512,288,BGR888p,1352,1012,0,29996,142,-1,-1.0,5500,66.04,51.9,2,0.6528,0.5828,chair,1,0,0,0,979.9,frames/000324.jpg
16.0428,325,26.49451,13171.240534,90.15,90.1,20.21,0,512,288,BGR888p,1352,1012,0,29996,142,-1,-1.0,5500,66.04,51.9,2,0.6758,0.5898,chair,1,0,0,0,992.0,frames/000325.jpg
16.0915,326,26.544527,13171.290551,88.59,88.52,20.54,0,512,288,BGR888p,1352,1012,0,29996,142,-1,-1.0,5500,66.04,51.9,2,0.5991,0.5591,chair,1,0,0,0,979.9,frames/000326.jpg
16.1414,327,26.594515,13171.340539,88.75,88.71,20.03,0,512,288,BGR888p,1352,1012,0,29996,142,-1,-1.0,5500,66.04,51.9,2,0.5737,0.5517,chair,1,0,0,0,982.9,frames/000327.jpg
16.1924,328,26.644529,13171.390553,89.66,89.61,19.64,0,512,288,BGR888p,1352,1012,0,29996,142,-1,-1.0,5500,66.04,51.9,2,0.5884,0.5642,chair,1,0,0,0,984.9,frames/000328.jpg
16.2421,329,26.694515,13171.440539,89.4,89.35,20.1,0,512,288,BGR888p,1352,1012,0,29996,142,-1,-1.0,5500,66.04,51.9,2,0.6035,0.5659,chair,1,0,0,0,993.0,frames/000329.jpg
16.2924,330,26.744531,13171.490556,89.65,89.6,19.9,0,512,288,BGR888p,1352,1012,0,29996,142,-1,-1.0,5500,66.04,51.9,2,0.6201,0.5727,chair,1,0,0,0,983.9,frames/000330.jpg
16.3436,331,26.794514,13171.540538,90.92,90.87,19.51,0,512,288,BGR888p,1352,1012,0,29996,142,-1,-1.0,5500,66.04,51.9,2,0.5767,0.5542,chair,1,0,0,0,981.9,frames/000331.jpg
16.3914,332,26.844533,13171.590558,88.69,88.64,20.93,0,512,288,BGR888p,1352,1012,0,29996,142,-1,-1.0,5500,66.04,51.9,2,0.5903,0.5532,chair,1,0,0,0,990.9,frames/000332.jpg
16.4421,333,26.89452,13171.640544,89.39,89.34,19.72,0,512,288,BGR888p,1352,1012,0,29996,142,-1,-1.0,5500,66.04,51.9,1,0.606,0.606,chair,0,0,0,0,983.9,frames/000333.jpg
16.4903,334,26.944536,13171.69056,87.58,87.53,20.75,0,512,288,BGR888p,1352,1012,0,29996,142,-1,-1.0,5500,66.04,51.9,2,0.5518,0.5425,person,1,0,0,0,978.9,frames/000334.jpg
16.5422,335,26.994522,13171.740547,89.4,89.34,19.28,0,512,288,BGR888p,1352,1012,0,29996,142,-1,-1.0,5500,66.04,51.9,2,0.5688,0.5585,person,1,0,0,0,983.9,frames/000335.jpg
16.5919,336,27.044526,13171.790551,89.18,89.13,20.11,0,512,288,BGR888p,1352,1012,0,29996,142,-1,-1.0,5500,66.04,51.9,2,0.5742,0.5617,chair,1,0,0,0,993.0,frames/000336.jpg
16.6431,337,27.094512,13171.840537,90.37,90.32,19.54,0,512,288,BGR888p,1352,1012,0,29996,142,-1,-1.0,5500,66.04,51.9,2,0.606,0.5589,chair,1,0,0,0,978.9,frames/000337.jpg
16.693,338,27.144516,13171.890541,90.28,90.23,20.03,0,512,288,BGR888p,1352,1012,0,29996,142,-1,-1.0,5500,66.04,51.9,2,0.5635,0.5395,chair,1,0,0,0,994.0,frames/000338.jpg
16.7437,339,27.194502,13171.940527,90.99,90.95,19.73,0,512,288,BGR888p,1352,1012,0,29996,142,-1,-1.0,5500,66.04,51.9,2,0.5405,0.5352,person,1,0,0,0,986.9,frames/000339.jpg
16.7919,340,27.244519,13171.990543,89.17,89.12,20.72,0,512,288,BGR888p,1352,1012,0,29996,142,-1,-1.0,5500,66.04,51.9,2,0.6323,0.5808,chair,1,0,0,0,980.9,frames/000340.jpg
16.8423,341,27.294504,13172.040529,89.32,89.24,19.83,0,512,288,BGR888p,1352,1012,0,29996,142,-1,-1.0,5500,66.04,51.9,2,0.5894,0.5572,chair,1,0,0,0,984.9,frames/000341.jpg
16.8926,342,27.344521,13172.090546,89.21,89.09,19.88,0,512,288,BGR888p,1352,1012,0,29996,142,-1,-1.0,5500,66.04,51.9,2,0.6528,0.5991,chair,1,0,0,0,992.0,frames/000342.jpg
16.9422,343,27.394507,13172.140531,89.19,89.11,20.16,0,512,288,BGR888p,1352,1012,0,29996,142,-1,-1.0,5500,66.04,51.9,2,0.6792,0.6255,chair,1,0,0,0,988.9,frames/000343.jpg
16.9924,344,27.444523,13172.190548,88.99,88.89,19.94,0,512,288,BGR888p,1352,1012,0,29996,142,-1,-1.0,5500,66.04,51.9,2,0.7021,0.6345,chair,1,0,0,0,989.9,frames/000344.jpg
17.043,345,27.494509,13172.240534,90.18,90.1,19.76,0,512,288,BGR888p,1352,1012,0,29996,142,-1,-1.0,5500,66.04,51.9,2,0.708,0.6323,chair,1,0,0,0,983.9,frames/000345.jpg
17.0913,346,27.544526,13172.29055,88.5,88.46,20.7,0,512,288,BGR888p,1352,1012,0,29996,142,-1,-1.0,5500,66.04,51.9,2,0.7451,0.6513,chair,1,0,0,0,988.9,frames/000346.jpg
17.1421,347,27.594511,13172.340536,89.25,89.19,19.67,0,512,288,BGR888p,1352,1012,0,29996,142,-1,-1.0,5500,66.04,51.9,2,0.73,0.6406,chair,1,0,0,0,990.9,frames/000347.jpg
17.1909,348,27.644528,13172.390553,88.21,88.17,20.5,0,512,288,BGR888p,1352,1012,0,29996,142,-1,-1.0,5500,66.04,51.9,2,0.7402,0.6472,chair,1,0,0,0,983.9,frames/000348.jpg
17.2429,349,27.694514,13172.440539,90.21,90.15,19.23,0,512,288,BGR888p,1352,1012,0,29996,142,-1,-1.0,5500,66.04,51.9,2,0.7295,0.6494,chair,1,0,0,0,977.9,frames/000349.jpg
17.2921,350,27.744533,13172.490558,89.39,89.34,20.34,0,512,288,BGR888p,1352,1012,0,29996,142,-1,-1.0,5500,66.04,51.9,2,0.7207,0.6367,chair,1,0,0,0,983.9,frames/000350.jpg
17.3435,351,27.794516,13172.540541,90.84,90.8,19.44,0,512,288,BGR888p,1352,1012,0,29996,142,-1,-1.0,5500,66.04,51.9,2,0.7524,0.6838,chair,1,0,0,0,981.9,frames/000351.jpg
17.3911,352,27.844533,13172.590557,88.41,88.36,21.02,0,512,288,BGR888p,1352,1012,0,29996,142,-1,-1.0,5500,66.04,51.9,2,0.7441,0.6711,chair,1,0,0,0,987.9,frames/000352.jpg
17.4431,353,27.894519,13172.640543,90.38,90.33,19.24,0,512,288,BGR888p,1352,1012,0,29996,142,-1,-1.0,5500,66.04,51.9,2,0.7627,0.6643,chair,1,0,0,0,982.9,frames/000353.jpg
17.4929,354,27.944535,13172.69056,90.16,90.1,20.08,0,512,288,BGR888p,1352,1012,0,29996,142,-1,-1.0,5500,66.04,51.9,2,0.7261,0.6587,chair,1,0,0,0,983.9,frames/000354.jpg
17.5422,355,27.994521,13172.740545,89.2,89.14,20.27,0,512,288,BGR888p,1352,1012,0,29996,142,-1,-1.0,5500,66.04,51.9,2,0.7065,0.6502,chair,1,0,0,0,995.0,frames/000355.jpg
17.5931,356,28.044525,13172.79055,90.35,90.3,19.67,0,512,288,BGR888p,1352,1012,0,29996,142,-1,-1.0,5500,66.04,51.9,2,0.7002,0.6623,chair,1,0,0,0,986.9,frames/000356.jpg
17.6427,357,28.094508,13172.840533,89.98,89.93,20.15,0,512,288,BGR888p,1352,1012,0,29996,142,-1,-1.0,5500,66.04,51.9,2,0.7192,0.6752,chair,1,0,0,0,989.9,frames/000357.jpg
17.6929,358,28.144519,13172.890543,90.21,90.16,19.91,0,512,288,BGR888p,1352,1012,0,29996,142,-1,-1.0,5500,66.04,51.9,2,0.708,0.6702,chair,1,0,0,0,985.9,frames/000358.jpg
17.7432,359,28.194498,13172.940523,90.55,90.5,19.88,0,512,288,BGR888p,1352,1012,0,29996,142,-1,-1.0,5500,66.04,51.9,2,0.6841,0.6648,chair,1,0,0,0,978.9,frames/000359.jpg
17.7921,360,28.244518,13172.990542,89.39,89.33,20.43,0,512,288,BGR888p,1352,1012,0,29996,142,-1,-1.0,5500,66.04,51.9,2,0.6987,0.6619,chair,1,0,0,0,990.9,frames/000360.jpg
17.841,361,28.294501,13173.040525,88.34,88.28,20.46,0,512,288,BGR888p,1352,1012,0,29996,142,-1,-1.0,5500,66.04,51.9,2,0.665,0.6636,person,1,0,0,0,988.9,frames/000361.jpg
17.8922,362,28.344523,13173.090547,89.47,89.41,19.55,0,512,288,BGR888p,1352,1012,0,29996,142,-1,-1.0,5500,66.04,51.9,2,0.6655,0.6594,person,1,0,0,0,987.9,frames/000362.jpg
17.9417,363,28.394503,13173.140527,88.98,88.94,20.2,0,512,288,BGR888p,1352,1012,0,29996,142,-1,-1.0,5500,66.04,51.9,2,0.666,0.6482,person,1,0,0,0,995.0,frames/000363.jpg
17.9925,364,28.444525,13173.19055,89.82,89.77,19.67,0,512,288,BGR888p,1352,1012,0,29996,142,-1,-1.0,5500,66.04,51.9,2,0.6929,0.647,person,1,0,0,0,974.9,frames/000364.jpg
18.0429,365,28.494505,13173.24053,90.05,89.98,19.85,0,512,288,BGR888p,1352,1012,0,29996,142,-1,-1.0,5500,66.04,51.9,2,0.6992,0.6548,person,1,0,0,0,985.9,frames/000365.jpg
18.0915,366,28.544525,13173.290549,88.84,88.8,20.56,0,512,288,BGR888p,1352,1012,0,29996,142,-1,-1.0,5500,66.04,51.9,2,0.6616,0.6469,person,1,0,0,0,992.0,frames/000366.jpg
18.1434,367,28.594511,13173.340535,90.54,90.48,19.29,0,512,288,BGR888p,1352,1012,0,29996,142,-1,-1.0,5500,66.04,51.9,2,0.6572,0.6525,person,1,0,0,0,980.9,frames/000367.jpg
18.1919,368,28.644527,13173.390552,89.02,88.96,20.62,0,512,288,BGR888p,1352,1012,0,29996,142,-1,-1.0,5500,66.04,51.9,2,0.6558,0.6543,chair,1,0,0,0,995.0,frames/000368.jpg
18.2422,369,28.69451,13173.440534,89.44,89.39,19.89,0,512,288,BGR888p,1352,1012,0,29996,142,-1,-1.0,5500,66.04,51.9,2,0.6978,0.6543,person,1,0,0,0,992.0,frames/000369.jpg
18.2923,370,28.744529,13173.490554,89.48,89.41,19.93,0,512,288,BGR888p,1352,1012,0,29996,142,-1,-1.0,5500,66.04,51.9,2,0.6675,0.6494,person,1,0,0,0,990.9,frames/000370.jpg
18.343,371,28.794516,13173.54054,90.17,90.11,19.73,0,512,288,BGR888p,1352,1012,0,29996,142,-1,-1.0,5500,66.04,51.9,2,0.6641,0.6509,person,1,0,0,0,994.0,frames/000371.jpg
18.392,372,28.844532,13173.590556,89.27,89.23,20.42,0,512,288,BGR888p,1352,1012,0,29996,142,-1,-1.0,5500,66.04,51.9,2,0.6855,0.6531,person,1,0,0,0,989.9,frames/000372.jpg
18.4422,373,28.894518,13173.640542,89.52,89.47,19.91,0,512,288,BGR888p,1352,1012,0,29996,142,-1,-1.0,5500,66.04,51.9,2,0.6572,0.647,person,1,0,0,0,989.9,frames/000373.jpg
18.492,374,28.944534,13173.690559,89.26,89.21,20.08,0,512,288,BGR888p,1352,1012,0,29996,142,-1,-1.0,5500,66.04,51.9,2,0.6812,0.649,person,1,0,0,0,990.9,frames/000374.jpg
18.5437,375,28.99452,13173.740545,90.92,90.88,19.35,0,512,288,BGR888p,1352,1012,0,29996,142,-1,-1.0,5500,66.04,51.9,2,0.6802,0.6575,person,1,0,0,0,993.0,frames/000375.jpg
18.5922,376,29.044524,13173.790549,89.37,89.32,20.59,0,512,288,BGR888p,1352,1012,0,29996,142,-1,-1.0,5500,66.04,51.9,2,0.6909,0.6438,person,1,0,0,0,990.9,frames/000376.jpg
18.6429,377,29.09451,13173.840535,90.22,90.18,19.73,0,512,288,BGR888p,1352,1012,0,29996,142,-1,-1.0,5500,66.04,51.9,2,0.6748,0.6655,person,1,0,0,0,990.9,frames/000377.jpg
18.6932,378,29.144514,13173.890539,90.43,90.38,19.9,0,512,288,BGR888p,1352,1012,0,29996,142,-1,-1.0,5500,66.04,51.9,2,0.665,0.6592,chair,1,0,0,0,990.9,frames/000378.jpg
18.7433,379,29.1945,13173.940525,90.67,90.62,19.93,0,512,288,BGR888p,1352,1012,0,29996,142,-1,-1.0,5500,66.04,51.9,2,0.666,0.6502,person,1,0,0,0,999.1,frames/000379.jpg
18.7926,380,29.24452,13173.990544,89.93,89.87,20.28,0,512,288,BGR888p,1352,1012,0,29996,142,-1,-1.0,5500,66.04,51.9,2,0.6855,0.6511,person,1,0,0,0,997.1,frames/000380.jpg
18.8421,381,29.2945,13174.040524,89.39,89.34,20.23,0,512,288,BGR888p,1352,1012,0,29996,142,-1,-1.0,5500,66.04,51.9,2,0.6636,0.6465,person,1,0,0,0,994.0,frames/000381.jpg
18.8928,382,29.344522,13174.090547,90.12,90.06,19.7,0,512,288,BGR888p,1352,1012,0,29996,142,-1,-1.0,5500,66.04,51.9,2,0.6899,0.6611,person,1,0,0,0,987.9,frames/000382.jpg
18.9421,383,29.394502,13174.140526,89.38,89.34,20.31,0,512,288,BGR888p,1352,1012,0,29996,142,-1,-1.0,5500,66.04,51.9,2,0.6426,0.6382,chair,1,0,0,0,995.0,frames/000383.jpg
18.9919,384,29.444525,13174.190549,89.2,89.16,20.08,0,512,288,BGR888p,1352,1012,0,29996,142,-1,-1.0,5500,66.04,51.9,2,0.6992,0.6514,person,1,0,0,0,984.9,frames/000384.jpg
19.0431,385,29.494504,13174.240529,90.28,90.22,19.52,0,512,288,BGR888p,1352,1012,0,29996,142,-1,-1.0,5500,66.04,51.9,2,0.6729,0.6545,person,1,0,0,0,990.9,frames/000385.jpg
19.0917,386,29.544525,13174.29055,88.99,88.95,20.59,0,512,288,BGR888p,1352,1012,0,29996,142,-1,-1.0,5500,66.04,51.9,2,0.7051,0.6578,person,1,0,0,0,995.0,frames/000386.jpg
19.1431,387,29.59451,13174.340535,90.37,90.32,19.46,0,512,288,BGR888p,1352,1012,0,29996,142,-1,-1.0,5500,66.04,51.9,2,0.6777,0.6599,chair,1,0,0,0,980.9,frames/000387.jpg
19.1921,388,29.644526,13174.390551,89.38,89.34,20.4,0,512,288,BGR888p,1352,1012,0,29996,142,-1,-1.0,5500,66.04,51.9,2,0.75,0.6487,chair,1,0,0,0,993.0,frames/000388.jpg
19.2423,389,29.694509,13174.440534,89.48,89.41,19.91,0,512,288,BGR888p,1352,1012,0,29996,142,-1,-1.0,5500,66.04,51.9,2,0.749,0.6447,chair,1,0,0,0,995.0,frames/000389.jpg
19.2931,390,29.744529,13174.490553,90.22,90.15,19.7,0,512,288,BGR888p,1352,1012,0,29996,142,-1,-1.0,5500,66.04,51.9,2,0.6792,0.6258,chair,1,0,0,0,985.9,frames/000390.jpg
19.3417,391,29.794511,13174.540536,88.88,88.82,20.56,0,512,288,BGR888p,1352,1012,0,29996,142,-1,-1.0,5500,66.04,51.9,2,0.6895,0.613,chair,1,0,0,0,998.1,frames/000391.jpg
19.3938,392,29.844534,13174.590559,90.98,90.92,19.18,0,512,288,BGR888p,1352,1012,0,29996,142,-1,-1.0,5500,66.04,51.9,2,0.7021,0.6147,chair,1,0,0,0,994.0,frames/000392.jpg
19.4421,393,29.894514,13174.640538,89.22,89.16,20.75,0,512,288,BGR888p,1352,1012,0,29996,142,-1,-1.0,5500,66.04,51.9,2,0.6562,0.5906,chair,1,0,0,0,987.9,frames/000393.jpg
19.4928,394,29.944536,13174.690561,89.94,89.88,19.71,0,512,288,BGR888p,1352,1012,0,29996,142,-1,-1.0,5500,66.04,51.9,2,0.6313,0.5754,chair,1,0,0,0,985.9,frames/000394.jpg
19.5438,395,29.994516,13174.740541,90.97,90.93,19.62,0,512,288,BGR888p,1352,1012,0,29996,142,-1,-1.0,5500,66.04,51.9,2,0.6602,0.585,chair,1,0,0,0,986.9,frames/000395.jpg
19.592,396,30.044536,13174.79056,89.27,89.22,20.74,0,512,288,BGR888p,1352,1012,0,29996,142,-1,-1.0,5500,66.04,51.9,2,0.6538,0.5869,chair,1,0,0,0,981.9,frames/000396.jpg
19.642,397,30.094522,13174.840546,89.17,89.11,19.98,0,512,288,BGR888p,1352,1012,0,29996,142,-1,-1.0,5500,66.04,51.9,2,0.6235,0.5639,chair,1,0,0,0,986.9,frames/000397.jpg
19.6936,398,30.144538,13174.890563,90.87,90.82,19.38,0,512,288,BGR888p,1352,1012,0,29996,142,-1,-1.0,5500,66.04,51.9,2,0.6206,0.5669,chair,1,0,0,0,977.9,frames/000398.jpg
19.7441,399,30.194521,13174.940545,91.37,91.33,19.82,0,512,288,BGR888p,1352,1012,0,29996,142,-1,-1.0,5500,66.04,51.9,2,0.5981,0.572,chair,1,0,0,0,973.9,frames/000399.jpg
19.7932,400,30.244528,13174.990553,90.44,90.39,20.36,0,512,288,BGR888p,1352,1012,0,29996,142,-1,-1.0,5500,66.04,51.9,2,0.6235,0.5823,chair,1,0,0,0,986.9,frames/000400.jpg
19.8429,401,30.294511,13175.040535,90.23,90.19,20.1,0,512,288,BGR888p,1352,1012,0,29996,142,-1,-1.0,5500,66.04,51.9,2,0.5947,0.5715,chair,1,0,0,0,979.9,frames/000401.jpg
19.8924,402,30.344518,13175.090543,89.66,89.61,20.2,0,512,288,BGR888p,1352,1012,0,29996,142,-1,-1.0,5500,66.04,51.9,2,0.6353,0.5896,chair,1,0,0,0,984.9,frames/000402.jpg
19.9439,403,30.394504,13175.140528,91.17,91.13,19.44,0,512,288,BGR888p,1352,1012,0,29996,142,-1,-1.0,5500,66.04,51.9,2,0.6147,0.5778,chair,1,0,0,0,981.9,frames/000403.jpg
19.9923,404,30.444521,13175.190545,89.6,89.55,20.65,0,512,288,BGR888p,1352,1012,0,29996,142,-1,-1.0,5500,66.04,51.9,2,0.6304,0.5884,chair,1,0,0,0,992.0,frames/000404.jpg
