seq,label,confidence,xmin,ymin,xmax,ymax
209,1,0.6806640625,0.516150951385498,0.060791015625,0.625995397567749,0.10601337254047394
226,1,0.375732421875,0.45428937673568726,0.201416015625,0.5107609629631042,0.22947341203689575
228,1,0.433837890625,0.44211989641189575,0.19856145977973938,0.511061429977417,0.22964242100715637
229,1,0.515625,0.43487077951431274,0.18873950839042664,0.5056340098381042,0.21980169415473938
231,1,0.49609375,0.42525535821914673,0.14710411429405212,0.5023286938667297,0.18130257725715637
233,0,0.36474609375,0.972459077835083,0.0033616293221712112,1.000394344329834,0.039569564163684845
238,1,0.470703125,0.3432992696762085,0.0050706155598163605,0.4658203125,0.05836839601397514
253,1,0.513671875,0.29627400636672974,0.06584283709526062,0.38335710763931274,0.1111215353012085
504,0,0.42236328125,0.09975960850715637,0.3554311990737915,0.19936898350715637,0.405667781829834
505,0,0.5078125,0.03793570399284363,0.357712984085083,0.15027794241905212,0.41233474016189575
618,0,0.424560546875,0.9572190046310425,0.15428748726844788,0.9993990659713745,0.18817606568336487
624,0,0.5810546875,0.858961820602417,0.001615084707736969,0.9936898946762085,0.051438551396131516
838,0,0.443603515625,0.8020582795143127,0.36776968836784363,0.9539512991905212,0.4354341924190521
839,0,0.517578125,0.817533016204834,0.3714693784713745,0.974459171295166,0.4494253396987915
840,0,0.638671875,0.825946569442749,0.3715068995952606,0.996243953704834,0.4559420049190521
901,0,0.488525390625,0.13254019618034363,0.08803147077560425,0.21495643258094788,0.12518779933452606
902,0,0.75341796875,0.09308330714702606,0.08909253776073456,0.18036358058452606,0.1291128247976303
990,0,0.35205078125,0.9404484033584595,0.0003192611038684845,0.9997183084487915,0.043964091688394547
1492,1,0.35009765625,0.48501354455947876,0.17112380266189575,0.5457575917243958,0.21194225549697876
1499,1,0.488525390625,0.47599905729293823,0.14759239554405212,0.5399827361106873,0.18152794241905212
