model,seq,host_time_s,fps,edge_latency_ms,pc_latency_ms,total_latency_ms,n_objects
yolov6n,0,0.2435,,360.098,-181.15,178.95,2
yolov6n,1,0.3496,30.01,349.436,-97.6,251.84,2
yolov6n,2,0.4624,30.01,324.884,6.42,331.3,6
yolov6n,3,0.5106,30.01,338.875,7.33,346.21,5
yolov6n,4,0.5592,30.01,353.533,7.87,361.4,5
yolov6n,5,0.6069,30.01,367.693,8.11,375.8,6
yolov6n,6,0.6549,30.01,382.786,7.73,390.52,6
yolov6n,7,0.7017,30.01,396.447,7.56,404.01,5
yolov6n,8,0.7471,30.01,410.148,5.86,416.01,6
yolov6n,9,0.7947,30.01,424.376,5.98,430.36,4
yolov6n,12,0.8424,25.01,370.713,7.39,378.1,4
yolov6n,13,0.8915,25.39,385.919,7.95,393.87,6
yolov6n,15,0.9388,24.01,366.961,7.57,374.53,7
yolov6n,16,0.9865,24.38,380.693,8.19,388.88,7
yolov6n,18,1.031,23.34,361.213,5.48,366.69,7
yolov6n,19,1.0785,23.69,374.785,6.08,380.87,7
yolov6n,21,1.1251,22.87,355.506,5.39,360.9,7
yolov6n,22,1.1752,23.19,370.057,7.55,377.61,7
yolov6n,23,1.223,23.49,384.147,7.98,392.13,7
yolov6n,25,1.2704,22.81,365.525,7.37,372.89,7
yolov6n,26,1.3159,23.08,379.013,6.04,385.05,7
yolov6n,28,1.3629,22.51,359.783,5.66,365.44,7
yolov6n,29,1.4104,22.77,373.467,6.08,379.55,7
yolov6n,31,1.4592,22.01,354.093,7.65,361.74,7
yolov6n,32,1.508,22.01,369.37,7.9,377.27,7
yolov6n,33,1.5546,22.01,382.725,7.78,390.51,7
yolov6n,35,1.6027,21.01,364.529,7.43,371.96,6
yolov6n,36,1.6481,21.01,378.343,5.7,384.04,7
yolov6n,38,1.6952,20.01,359.111,5.33,364.44,7
yolov6n,39,1.7432,20.01,373.021,6.19,379.21,6
yolov6n,40,1.7919,21.44,386.583,8.01,394.59,7
yolov6n,42,1.8393,21.01,367.299,7.97,375.27,7
yolov6n,43,1.8867,21.01,381.827,7.6,389.43,8
yolov6n,45,1.932,21.01,361.627,6.39,368.02,6
yolov6n,46,1.9789,21.01,375.569,6.1,381.67,7
yolov6n,48,2.026,21.01,356.288,5.79,362.08,7
yolov6n,49,2.0756,21.01,370.136,8.21,378.35,5
yolov6n,50,2.1237,21.73,384.569,8.56,393.13,7
yolov6n,52,2.1706,21.01,364.966,8.46,373.43,6
yolov6n,53,2.2157,21.01,378.641,6.5,385.14,7
yolov6n,55,2.2624,21.01,358.544,6.67,365.21,6
yolov6n,56,2.3098,21.01,372.867,6.45,379.32,7
yolov6n,58,2.3588,21.01,353.652,7.98,361.63,8
yolov6n,59,2.4063,21.01,367.862,7.95,375.81,6
yolov6n,60,2.4537,21.73,381.985,7.88,389.87,6
yolov6n,62,2.501,21.01,362.636,7.91,370.55,6
yolov6n,63,2.545,21.01,375.621,5.61,381.23,8
yolov6n,65,2.5919,21.01,355.834,5.7,361.53,6
yolov6n,66,2.641,21.01,369.316,7.98,377.3,7
yolov6n,67,2.6882,21.73,382.804,8.39,391.19,7
yolov6n,69,2.7359,21.01,364.391,7.8,372.19,8
yolov6n,70,2.7803,21.01,377.243,6.07,383.31,5
yolov6n,72,2.8273,21.01,357.729,5.9,363.63,8
yolov6n,73,2.8763,21.01,372.547,6.81,379.36,8
yolov6n,75,2.9249,21.01,353.527,7.76,361.29,7
yolov6n,76,2.9718,21.01,367.225,7.67,374.9,7
yolov6n,77,3.0199,21.73,381.955,7.73,389.68,9
yolov6n,79,3.0657,21.01,361.86,6.96,368.82,5
yolov6n,80,3.1116,21.01,375.985,5.37,381.35,6
yolov6n,82,3.1595,21.01,356.539,6.08,362.62,6
yolov6n,83,3.2087,21.01,371.049,7.5,378.55,6
yolov6n,84,3.2575,21.73,385.142,8.89,394.03,6
yolov6n,86,3.3044,21.01,366.45,7.76,374.21,6
yolov6n,87,3.3497,21.73,380.76,5.4,386.16,6
yolov6n,89,3.3969,21.01,361.291,5.48,366.77,6
yolov6n,90,3.444,21.01,375.008,5.59,380.6,6
yolov6n,92,3.4912,21.01,355.657,5.48,361.14,6
yolov6n,93,3.54,21.01,368.799,7.76,376.56,7
yolov6n,94,3.5883,21.73,383.336,7.87,391.21,6
yolov6n,96,3.6358,21.01,364.478,7.64,372.12,6
yolov6n,97,3.6818,21.01,379.043,5.68,384.72,7
yolov6n,99,3.7281,21.01,359.353,5.01,364.36,7
yolov6n,100,3.7762,21.01,373.261,5.9,379.16,7
yolov6n,102,3.8249,21.01,353.473,7.81,361.28,6
yolov6n,103,3.8719,21.01,367.223,7.69,374.91,6
yolov6n,104,3.9194,21.73,381.529,7.53,389.06,6
yolov6n,106,3.964,21.01,361.565,5.5,367.07,6
yolov6n,107,4.0115,21.01,375.35,5.83,381.18,6
yolov6n,109,4.0587,21.01,356.29,5.54,361.83,6
yolov6n,110,4.1083,21.01,371.262,6.81,378.07,7
yolov6n,111,4.1572,21.73,386.013,7.65,393.66,6
yolov6n,113,4.2049,21.01,366.964,7.75,374.71,5
yolov6n,114,4.2537,21.01,381.924,8.21,390.13,5
yolov6n,116,4.2985,21.01,362.305,6.01,368.32,6
yolov6n,117,4.3449,21.01,375.796,5.66,381.46,5
yolov6n,119,4.3922,21.01,356.603,5.52,362.12,6
yolov6n,120,4.4413,21.01,370.888,6.91,377.8,5
yolov6n,121,4.4905,21.73,385.62,8.08,393.7,6
yolov6n,123,4.5375,21.01,366.671,7.34,374.01,6
yolov6n,124,4.5862,21.01,381.639,7.77,389.41,6
yolov6n,126,4.6308,21.01,361.697,5.73,367.43,5
yolov6n,127,4.6778,21.01,375.438,5.64,381.08,5
yolov6n,129,4.7268,21.01,357.797,5.62,363.42,8
yolov6n,130,4.776,21.01,372.06,7.32,379.38,6
yolov6n,131,4.8238,21.73,385.402,8.38,393.78,5
yolov6n,133,4.8698,21.01,365.494,7.64,373.13,5
yolov6n,134,4.9163,21.01,380.586,5.76,386.35,5
yolov6n,136,4.9635,21.01,360.613,6.34,366.95,5
yolov6n,137,5.0099,21.01,374.227,5.75,379.98,5
yolov6n,139,5.0598,21.01,355.268,7.98,363.25,5
yolov6n,140,5.1079,21.01,370.003,8.03,378.03,5
yolov6n,141,5.1558,21.01,384.491,8.14,392.63,5
yolov6n,143,5.2019,21.01,364.781,7.28,372.06,5
yolov6n,144,5.2471,21.01,378.374,5.56,383.93,5
yolov6n,146,5.2941,21.01,358.847,5.44,364.29,5
yolov6n,147,5.3416,21.01,372.598,5.89,378.49,5
yolov6n,148,5.3903,21.73,386.223,7.65,393.87,5
yolov6n,150,5.4375,21.01,366.781,7.59,374.37,6
yolov6n,151,5.4823,21.01,380.488,5.36,385.85,7
yolov6n,153,5.5295,21.01,360.809,5.64,366.45,5
yolov6n,154,5.5773,21.01,375.383,5.47,380.85,6
yolov6n,156,5.6245,21.01,355.822,5.67,361.49,5
yolov6n,157,5.674,21.01,369.908,7.73,377.64,5
yolov6n,158,5.7231,21.73,385.79,7.64,393.43,5
yolov6n,160,5.7693,21.01,365.834,7.18,373.01,6
yolov6n,161,5.8162,21.01,380.882,5.63,386.51,6
yolov6n,163,5.8633,21.01,361.516,5.49,367.01,6
yolov6n,164,5.9111,21.01,375.734,5.74,381.47,7
yolov6n,166,5.959,21.01,357.357,5.39,362.75,5
yolov6n,167,6.0077,21.01,370.799,7.3,378.1,8
yolov6n,168,6.0556,21.73,384.8,7.93,392.73,7
yolov6n,170,6.1025,21.01,364.943,8.0,372.94,7
yolov6n,171,6.1472,21.01,379.228,5.14,384.37,6
yolov6n,173,6.1942,21.01,359.333,5.37,364.7,7
yolov6n,174,6.2417,21.01,373.113,5.74,378.85,7
yolov6n,176,6.2911,21.01,353.943,7.73,361.67,6
yolov6n,177,6.339,21.01,368.153,8.02,376.17,7
yolov6n,178,6.3852,21.01,381.53,7.5,389.03,7
yolov6n,180,6.4293,21.01,360.991,5.58,366.57,6
yolov6n,181,6.477,21.01,374.752,6.17,380.92,7
yolov6n,183,6.5251,21.01,354.835,7.56,362.39,7
yolov6n,184,6.574,21.01,370.368,7.61,377.98,5
yolov6n,185,6.6221,21.73,384.593,8.18,392.77,7
yolov6n,187,6.6689,21.01,365.778,7.06,372.84,7
yolov6n,188,6.7138,21.01,379.107,5.33,384.44,7
yolov6n,190,6.7605,21.01,359.319,5.23,364.55,7
yolov6n,191,6.8082,21.01,373.318,5.56,378.88,7
yolov6n,192,6.8577,21.73,386.96,8.15,395.11,6
yolov6n,194,6.9045,21.01,367.586,7.66,375.25,6
yolov6n,195,6.9522,21.73,381.917,7.69,389.61,5
yolov6n,197,6.9963,21.01,361.687,5.4,367.09,5
yolov6n,198,7.0438,21.01,376.014,5.26,381.27,5
yolov6n,200,7.0917,21.01,356.451,6.06,362.51,5
yolov6n,201,7.1419,21.01,371.121,8.22,379.34,5
yolov6n,202,7.1897,21.73,384.963,8.86,393.82,7
yolov6n,204,7.2359,21.01,365.655,7.77,373.42,6
yolov6n,205,7.285,21.73,381.874,7.34,389.21,7
yolov6n,207,7.3302,21.01,362.168,5.59,367.76,5
yolov6n,208,7.3774,21.01,375.777,5.84,381.62,6
yolov6n,210,7.4242,21.01,356.249,5.49,361.74,6
yolov6n,211,7.4733,21.01,370.109,7.42,377.53,6
yolov6n,212,7.5212,21.73,384.364,7.74,392.1,6
yolov6n,214,7.5682,21.01,365.036,7.48,372.52,6
yolov6n,215,7.6134,21.01,378.927,5.41,384.34,6
yolov6n,217,7.6598,21.01,359.06,5.06,364.12,6
yolov6n,218,7.7082,21.01,372.491,6.67,379.16,6
yolov6n,220,7.7568,21.01,353.645,7.54,361.18,6
yolov6n,221,7.806,21.01,369.166,7.88,377.05,6
yolov6n,222,7.8547,21.01,384.366,8.06,392.43,7
yolov6n,224,7.9012,21.01,364.444,7.85,372.29,6
yolov6n,225,7.9465,21.01,378.605,5.64,384.25,6
yolov6n,227,7.9939,21.01,359.294,5.69,364.98,6
yolov6n,228,8.0415,21.01,373.541,5.77,379.31,6
yolov6n,229,8.0904,21.73,386.963,7.91,394.87,6
yolov6n,231,8.1373,21.01,367.594,7.56,375.15,6
yolov6n,232,8.1848,21.01,381.335,8.0,389.33,6
yolov6n,234,8.2295,21.01,361.667,5.65,367.32,6
yolov6n,235,8.2774,21.01,375.959,5.94,381.9,5
yolov6n,237,8.3252,21.01,357.257,5.78,363.04,5
yolov6n,238,8.3738,21.01,371.332,6.98,378.31,6
yolov6n,239,8.421,21.73,384.336,7.86,392.2,6
yolov6n,241,8.4679,21.01,365.313,7.19,372.5,6
yolov6n,242,8.5135,21.01,379.075,5.62,384.7,6
yolov6n,244,8.5599,21.01,359.478,5.09,364.57,5
yolov6n,245,8.6081,21.01,373.268,6.09,379.36,6
yolov6n,247,8.6571,21.01,353.573,8.24,361.81,6
yolov6n,248,8.7038,21.01,367.506,7.67,375.18,6
yolov6n,249,8.7485,21.73,380.812,5.71,386.52,6
yolov6n,251,8.7954,21.01,361.184,5.57,366.75,6
yolov6n,252,8.842,21.01,374.612,5.49,380.1,6
yolov6n,254,8.8918,21.01,354.951,8.24,363.19,6
yolov6n,255,8.9401,21.01,370.249,7.97,378.22,6
yolov6n,256,8.9872,21.73,383.9,8.08,391.98,6
yolov6n,258,9.0339,21.01,364.395,7.63,372.03,6
yolov6n,259,9.0803,21.01,379.29,5.8,385.09,6
yolov6n,261,9.1278,21.01,359.85,6.09,365.94,6
yolov6n,262,9.1747,21.01,373.655,5.89,379.54,6
yolov6n,263,9.2231,21.73,387.348,7.27,394.62,6
yolov6n,265,9.2708,21.01,367.839,7.8,375.64,6
yolov6n,266,9.318,21.73,382.007,7.52,389.53,6
yolov6n,268,9.3658,21.01,363.328,7.33,370.66,6
yolov6n,269,9.4123,21.01,378.086,5.83,383.92,6
yolov6n,271,9.4593,21.01,358.866,5.41,364.28,6
yolov6n,272,9.5082,21.01,372.925,6.84,379.77,6
yolov6n,273,9.5563,21.73,386.654,7.95,394.6,6
yolov6n,275,9.602,21.01,366.932,6.75,373.68,6
yolov6n,276,9.6488,21.73,381.641,5.48,387.12,7
yolov6n,278,9.6966,21.01,362.076,6.17,368.25,7
yolov6n,279,9.7443,21.01,377.5,5.16,382.66,7
yolov6n,281,9.7927,21.01,358.8,5.57,364.37,7
yolov6n,282,9.841,21.01,372.634,6.76,379.39,7
yolov6n,283,9.8894,21.73,386.526,7.91,394.44,7
yolov6n,285,9.9362,21.01,367.266,7.35,374.62,9
yolov6n,286,9.9848,21.01,381.763,8.12,389.88,9
yolov6n,288,10.0291,21.01,362.247,5.3,367.55,8
yolov8n,0,0.3133,,329.828,-83.52,246.31,4
yolov8n,1,0.4418,30.01,334.461,7.09,341.55,3
yolov8n,2,0.4949,30.01,354.873,6.45,361.32,5
yolov8n,3,0.5465,30.01,374.886,4.73,379.62,5
yolov8n,4,0.5991,30.01,394.61,4.32,398.93,5
yolov8n,5,0.6529,30.01,414.638,4.64,419.28,5
yolov8n,6,0.7085,30.01,434.948,6.66,441.61,5
yolov8n,7,0.7622,30.01,455.073,6.93,462.0,5
yolov8n,8,0.8141,30.01,475.845,4.77,480.62,5
yolov8n,11,0.8668,24.55,428.398,4.96,433.36,3
yolov8n,13,0.9197,23.08,414.998,4.56,419.56,5
yolov8n,14,0.9753,23.58,435.398,6.48,441.88,5
yolov8n,16,1.0293,22.51,422.249,6.99,429.24,6
yolov8n,18,1.0807,21.67,409.552,4.4,413.95,6
yolov8n,19,1.1348,22.11,429.808,4.88,434.69,5
yolov8n,21,1.1902,21.44,416.711,6.81,423.52,5
yolov8n,23,1.2429,20.88,403.649,5.97,409.62,5
yolov8n,24,1.2956,21.26,423.198,5.77,428.97,5
yolov8n,26,1.3478,20.78,410.348,4.12,414.47,5
yolov8n,27,1.4015,21.12,429.73,5.13,434.86,5
yolov8n,29,1.4564,20.7,416.579,6.5,423.08,5
yolov8n,30,1.5096,21.01,437.027,6.0,443.03,5
yolov8n,32,1.5627,20.01,423.018,6.47,429.49,5
yolov8n,34,1.6143,19.01,409.893,4.52,414.41,5
yolov8n,35,1.6662,19.01,428.6,4.43,433.03,5
yolov8n,37,1.7222,18.01,415.075,7.31,422.39,5
yolov8n,39,1.7762,18.22,402.447,7.31,409.76,5
yolov8n,40,1.829,18.63,423.42,5.76,429.18,5
yolov8n,42,1.882,18.63,410.682,4.84,415.52,5
yolov8n,43,1.9376,19.01,431.189,6.6,437.79,5
yolov8n,45,1.9912,18.63,417.682,7.07,424.75,5
yolov8n,47,2.0435,18.63,404.688,5.68,410.37,5
yolov8n,48,2.0958,19.01,423.648,5.63,429.28,5
yolov8n,50,2.1483,18.63,410.483,4.72,415.2,5
yolov8n,51,2.203,19.01,430.365,6.19,436.56,5
yolov8n,53,2.2562,19.01,416.648,6.42,423.07,5
yolov8n,55,2.3077,18.63,401.763,6.26,408.02,5
yolov8n,56,2.3622,19.01,421.831,7.32,429.15,5
yolov8n,58,2.4116,18.63,407.28,4.6,411.88,5
yolov8n,59,2.4647,19.01,426.965,4.73,431.69,5
yolov8n,61,2.5182,18.63,413.887,4.62,418.51,5
yolov8n,63,2.5733,18.63,400.586,6.4,406.99,5
yolov8n,64,2.6274,19.01,420.811,6.92,427.73,5
yolov8n,66,2.6785,18.63,408.053,4.22,412.27,5
yolov8n,67,2.7327,19.01,428.399,4.71,433.11,5
yolov8n,69,2.7893,19.01,416.736,6.3,423.04,5
yolov8n,70,2.8431,19.01,437.332,6.23,443.56,5
yolov8n,72,2.8961,19.01,424.319,5.55,429.87,5
yolov8n,74,2.9475,18.63,410.027,4.6,414.63,5
yolov8n,75,3.0031,19.01,430.034,6.9,436.93,5
yolov8n,77,3.0568,19.01,417.011,6.98,423.99,5
yolov8n,78,3.1089,19.01,437.248,5.49,442.74,5
yolov8n,80,3.1619,19.01,423.678,5.48,429.16,5
yolov8n,82,3.2147,18.63,410.479,4.81,415.29,5
yolov8n,83,3.2702,19.01,430.651,6.83,437.48,5
yolov8n,85,3.3233,19.01,417.458,6.46,423.92,5
yolov8n,87,3.3762,18.63,404.88,5.31,410.19,5
yolov8n,88,3.4291,19.01,424.343,5.41,429.75,5
yolov8n,90,3.4819,18.63,410.681,5.2,415.88,5
yolov8n,91,3.5339,19.01,429.706,4.86,434.57,5
yolov8n,93,3.5897,19.01,416.535,7.15,423.69,5
yolov8n,95,3.6419,18.63,403.506,5.82,409.33,5
yolov8n,96,3.6958,19.01,424.384,5.45,429.83,5
yolov8n,98,3.749,18.63,411.562,4.85,416.41,5
yolov8n,99,3.8054,19.01,432.971,6.53,439.5,5
yolov8n,101,3.8593,18.63,419.853,6.92,426.77,5
yolov8n,103,3.9118,18.63,407.45,5.13,412.58,5
yolov8n,104,3.9635,19.01,426.451,4.57,431.02,5
yolov8n,106,4.017,18.63,413.105,4.77,417.88,5
yolov8n,107,4.0723,19.01,433.284,6.55,439.83,5
yolov8n,109,4.1257,18.63,419.27,7.31,426.58,5
yolov8n,111,4.1768,18.63,406.623,4.45,411.07,5
yolov8n,112,4.231,19.01,426.901,5.04,431.94,5
yolov8n,114,4.2843,18.63,413.895,4.62,418.52,5
yolov8n,115,4.3392,19.01,433.564,6.6,440.16,5
yolov8n,117,4.3927,19.01,419.967,7.05,427.02,5
yolov8n,119,4.4427,18.63,405.571,4.82,410.39,5
yolov8n,120,4.4954,19.01,425.223,4.5,429.72,6
yolov8n,122,4.5491,18.63,411.591,5.18,416.77,6
yolov8n,123,4.6054,19.01,432.724,7.09,439.81,5
yolov8n,125,4.6589,19.01,419.837,6.84,426.68,5
yolov8n,127,4.7103,18.63,406.659,4.72,411.38,5
yolov8n,128,4.7639,19.01,426.441,5.19,431.63,5
yolov8n,130,4.8176,18.63,413.837,4.89,418.73,5
yolov8n,131,4.8721,19.01,432.912,6.97,439.88,5
yolov8n,133,4.925,19.01,419.122,6.99,426.11,5
yolov8n,135,4.9766,18.63,406.224,4.88,411.1,5
yolov8n,136,5.0297,19.01,425.715,5.17,430.88,5
yolov8n,138,5.082,18.63,411.709,4.82,416.53,5
yolov8n,139,5.1373,19.01,432.092,6.48,438.57,5
yolov8n,141,5.1918,19.01,419.114,7.31,426.42,5
yolov8n,143,5.2419,18.63,404.948,4.89,409.84,5
yolov8n,144,5.2957,19.01,425.485,4.89,430.38,5
yolov8n,146,5.3485,18.63,412.105,4.4,416.51,5
yolov8n,147,5.4048,19.01,432.989,6.44,439.43,5
yolov8n,149,5.4585,19.01,420.038,6.47,426.51,5
yolov8n,151,5.5105,18.63,407.103,4.79,411.89,5
yolov8n,152,5.5632,19.01,426.441,4.84,431.28,5
yolov8n,154,5.6163,18.63,413.015,4.69,417.7,5
yolov8n,155,5.6704,19.01,431.898,6.55,438.45,5
yolov8n,157,5.725,19.01,419.204,7.29,426.49,5
yolov8n,159,5.7764,18.63,404.609,6.63,411.24,5
yolov8n,160,5.8279,19.01,424.548,4.84,429.39,5
yolov8n,162,5.8819,18.63,411.695,5.0,416.7,5
yolov8n,163,5.9367,19.01,431.743,6.43,438.17,5
yolov8n,165,5.9908,19.01,418.442,7.21,425.65,5
yolov8n,167,6.0419,18.63,404.931,5.18,410.11,5
yolov8n,168,6.0953,19.01,423.734,6.43,430.16,5
yolov8n,170,6.1468,18.63,410.442,4.58,415.02,5
yolov8n,171,6.2027,19.01,431.22,6.39,437.61,5
yolov8n,173,6.2561,19.01,417.987,6.44,424.43,5
yolov8n,175,6.3086,18.63,404.459,5.84,410.3,5
yolov8n,176,6.3608,19.01,423.75,5.43,429.18,5
yolov8n,178,6.4137,18.63,410.699,4.67,415.37,5
yolov8n,179,6.4691,19.01,430.428,7.07,437.5,5
yolov8n,181,6.5228,19.01,417.512,7.04,424.55,5
yolov8n,183,6.5744,18.63,403.123,6.31,409.43,5
yolov8n,184,6.628,19.01,423.642,6.12,429.76,5
yolov8n,186,6.6791,18.63,410.127,4.11,414.24,5
yolov8n,187,6.7361,19.01,430.917,6.94,437.86,5
yolov8n,189,6.7904,19.01,418.617,6.93,425.55,5
yolov8n,191,6.8427,18.63,406.244,4.93,411.17,5
yolov8n,192,6.895,19.01,425.227,4.96,430.19,5
yolov8n,194,6.9481,18.63,411.64,4.98,416.62,5
yolov8n,195,7.0039,19.01,432.432,6.68,439.11,5
yolov8n,197,7.058,19.01,419.511,7.03,426.54,5
yolov8n,199,7.1083,18.63,405.911,4.26,410.17,5
yolov8n,200,7.1628,19.01,426.571,4.83,431.4,5
yolov8n,202,7.2159,18.63,412.574,5.27,417.84,5
yolov8n,203,7.2697,19.01,431.732,6.64,438.37,5
yolov8n,205,7.324,19.01,418.593,7.36,425.95,5
yolov8n,207,7.3748,18.63,405.122,5.03,410.15,5
yolov8n,208,7.4278,19.01,425.28,4.53,429.81,5
yolov8n,210,7.4823,18.63,412.446,5.26,417.71,5
yolov8n,211,7.5365,19.01,432.161,6.44,438.6,5
yolov8n,213,7.5911,19.01,419.1,7.46,426.56,5
yolov8n,215,7.642,18.63,404.512,6.22,410.73,5
yolov8n,216,7.694,19.01,424.005,5.39,429.4,5
yolov8n,218,7.7475,18.63,411.304,5.01,416.31,5
yolov8n,219,7.802,19.01,430.913,6.56,437.47,5
yolov8n,221,7.8558,19.01,417.63,7.03,424.66,5
yolov8n,223,7.9083,18.63,404.964,5.58,410.54,5
yolov8n,224,7.961,19.01,424.684,5.16,429.84,5
yolov8n,226,8.0136,18.63,410.508,5.36,415.87,5
yolov8n,227,8.0683,19.01,430.657,6.5,437.16,5
yolov8n,229,8.1224,19.01,417.118,7.52,424.64,6
yolov8n,231,8.1728,18.63,402.297,6.11,408.41,5
yolov8n,232,8.2262,19.01,421.84,6.61,428.45,5
yolov8n,234,8.2778,18.63,408.509,4.98,413.49,5
yolov8n,235,8.3304,19.01,428.396,4.34,432.74,5
yolov8n,237,8.3869,19.01,415.972,6.6,422.57,5
yolov8n,238,8.4406,19.01,436.487,6.52,443.01,5
yolov8n,240,8.4941,19.01,423.041,6.78,429.82,5
yolov8n,242,8.5455,18.63,410.409,4.19,414.6,5
yolov8n,243,8.6023,19.01,430.901,7.22,438.12,5
yolov8n,245,8.6561,19.01,418.037,7.17,425.21,5
yolov8n,247,8.7079,18.63,404.557,5.8,410.36,5
yolov8n,248,8.7605,19.01,422.964,6.67,429.63,5
yolov8n,250,8.8127,18.63,410.283,4.96,415.24,5
yolov8n,251,8.8683,19.01,430.724,6.72,437.44,5
yolov8n,253,8.9213,19.01,416.848,7.03,423.88,5
yolov8n,255,8.9742,18.63,404.237,5.87,410.11,5
yolov8n,256,9.0276,19.01,424.677,5.49,430.17,5
yolov8n,258,9.0806,18.63,411.81,4.74,416.55,5
yolov8n,259,9.1362,19.01,431.779,6.98,438.76,5
yolov8n,261,9.1891,19.01,417.848,7.24,425.09,5
yolov8n,263,9.2413,18.63,403.831,6.8,410.63,5
yolov8n,264,9.2932,19.01,423.831,5.38,429.21,5
yolov8n,266,9.3454,18.63,410.04,4.76,414.8,5
yolov8n,267,9.3976,19.01,429.385,4.3,433.68,5
yolov8n,269,9.4535,18.63,416.285,6.57,422.86,5
yolov8n,271,9.507,18.63,403.819,5.9,409.72,5
yolov8n,272,9.5602,19.01,423.712,5.9,429.61,5
yolov8n,274,9.6127,18.63,410.717,4.78,415.5,5
yolov8n,275,9.668,19.01,430.464,6.98,437.44,5
yolov8n,277,9.722,19.01,417.144,7.66,424.8,5
yolov8n,279,9.7741,18.63,404.809,5.52,410.33,5
yolov8n,280,9.828,19.01,425.705,5.1,430.8,5
yolov8n,282,9.8812,18.63,412.703,4.74,417.44,5
yolov8n,283,9.9354,19.01,431.73,6.53,438.26,5
yolov8n,285,9.9891,19.01,417.925,7.44,425.36,5
yolov8n,287,10.0411,18.63,405.094,5.6,410.69,5
traffic_light,0,0.4523,,372.321,9.6,381.92,0
traffic_light,1,0.5666,30.01,455.613,7.28,462.89,0
traffic_light,2,0.6668,30.01,525.284,4.47,529.75,0
traffic_light,3,0.7736,30.01,596.28,7.01,603.29,0
traffic_light,4,0.8785,30.01,667.906,6.86,674.77,0
traffic_light,5,0.9806,30.01,739.383,4.23,743.61,0
traffic_light,6,1.0852,30.01,810.08,4.8,814.88,0
traffic_light,7,1.1879,30.01,879.637,4.64,884.28,0
traffic_light,12,1.2925,20.01,815.504,6.75,822.25,0
traffic_light,15,1.3956,18.01,818.206,7.17,825.38,0
traffic_light,18,1.4983,16.67,821.157,6.93,828.09,0
traffic_light,21,1.5992,15.72,823.53,5.56,829.09,0
traffic_light,24,1.7028,15.01,827.664,5.04,832.7,0
traffic_light,27,1.8103,14.45,831.887,8.32,840.21,0
traffic_light,31,1.9133,13.0,803.268,6.72,809.99,0
traffic_light,34,2.0153,11.0,807.306,4.68,811.99,0
traffic_light,37,2.1193,9.0,811.062,4.86,815.92,0
traffic_light,40,2.2225,9.65,814.672,4.5,819.17,0
traffic_light,43,2.3288,9.65,818.429,7.12,825.55,0
traffic_light,46,2.4308,9.65,820.422,7.16,827.58,0
traffic_light,49,2.5327,9.65,822.914,6.53,829.44,0
traffic_light,52,2.6335,9.65,825.795,4.5,830.3,0
traffic_light,55,2.7398,9.65,829.751,6.84,836.59,0
traffic_light,58,2.8435,10.0,833.277,7.09,840.37,0
traffic_light,62,2.9454,9.65,802.789,6.27,809.06,0
traffic_light,65,3.0471,9.65,805.498,5.21,810.71,0
traffic_light,68,3.1494,9.65,808.046,5.0,813.05,0
traffic_light,71,3.2526,9.65,811.487,4.82,816.31,0
traffic_light,74,3.3584,9.65,815.436,6.74,822.18,0
traffic_light,77,3.4625,9.65,818.833,7.44,826.27,0
traffic_light,80,3.566,9.65,822.344,7.42,829.76,0
traffic_light,83,3.6661,9.65,824.947,4.96,829.91,0
traffic_light,86,3.7727,9.65,829.253,7.34,836.59,0
traffic_light,89,3.8773,10.0,834.187,7.07,841.26,0
traffic_light,92,3.9808,10.0,839.702,5.05,844.75,0
traffic_light,96,4.0844,9.65,810.052,5.04,815.09,0
traffic_light,99,4.1883,9.65,813.621,5.36,818.98,0
traffic_light,102,4.2923,9.65,815.566,7.41,822.98,0
traffic_light,105,4.3953,9.65,818.925,7.12,826.05,0
traffic_light,108,4.4985,9.65,821.722,7.59,829.31,0
traffic_light,111,4.5995,9.65,825.639,4.65,830.29,0
traffic_light,114,4.7057,9.65,829.953,6.64,836.59,0
traffic_light,117,4.8115,9.65,834.362,8.03,842.39,0
traffic_light,121,4.9124,9.31,805.272,4.75,810.02,0
traffic_light,124,5.0165,9.65,808.645,5.46,814.1,0
traffic_light,127,5.1183,9.65,810.849,5.09,815.94,0
traffic_light,130,5.2246,9.65,815.352,6.98,822.33,0
traffic_light,133,5.3284,9.65,818.637,7.54,826.18,0
traffic_light,136,5.4302,9.65,820.644,7.32,827.96,0
traffic_light,139,5.5313,9.65,823.667,5.41,829.08,0
traffic_light,142,5.6349,9.65,827.853,4.93,832.78,0
traffic_light,145,5.7407,9.65,831.591,7.02,838.61,0
traffic_light,149,5.8447,9.65,801.981,7.34,809.32,0
traffic_light,152,5.9462,9.65,805.485,5.39,810.88,0
traffic_light,155,6.0506,9.65,809.875,5.33,815.2,0
traffic_light,158,6.1535,9.65,813.089,5.12,818.21,0
traffic_light,161,6.2581,9.65,815.701,7.11,822.81,0
traffic_light,164,6.3611,9.65,818.209,7.65,825.86,0
traffic_light,167,6.4634,9.65,820.787,7.45,828.24,0
traffic_light,170,6.5645,9.65,824.467,4.89,829.36,0
traffic_light,173,6.67,9.65,829.332,5.59,834.92,0
traffic_light,176,6.7755,10.0,833.104,7.29,840.39,0
traffic_light,180,6.879,9.65,803.734,6.92,810.65,0
traffic_light,183,6.9797,9.65,806.556,4.82,811.38,0
traffic_light,186,7.0838,9.65,809.965,5.51,815.48,0
traffic_light,189,7.1875,9.65,813.906,5.28,819.19,0
traffic_light,192,7.292,9.65,816.675,7.08,823.75,0
traffic_light,195,7.3959,9.65,820.273,7.4,827.67,0
traffic_light,198,7.4974,9.65,823.258,5.92,829.18,0
traffic_light,201,7.6007,9.65,827.515,5.08,832.59,0
traffic_light,204,7.7068,9.65,831.535,7.16,838.69,0
traffic_light,207,7.8104,10.0,834.73,7.65,842.38,0
traffic_light,211,7.9112,9.65,805.46,4.42,809.88,0
traffic_light,214,8.0163,9.65,809.824,5.11,814.93,0
traffic_light,217,8.1185,9.65,812.53,4.68,817.21,0
traffic_light,220,8.2236,9.65,815.548,6.79,822.34,0
traffic_light,223,8.3278,9.65,818.848,7.74,826.59,0
traffic_light,226,8.43,9.65,821.643,7.19,828.83,0
traffic_light,229,8.5308,9.65,824.263,5.39,829.65,0
traffic_light,232,8.6366,9.65,829.426,6.08,835.51,0
traffic_light,235,8.7415,9.65,833.013,7.38,840.39,0
traffic_light,239,8.8443,9.65,803.282,6.66,809.94,0
traffic_light,242,8.9455,9.65,806.521,4.6,811.12,0
traffic_light,245,9.0498,9.65,810.347,5.12,815.47,0
traffic_light,248,9.1531,9.65,813.64,5.22,818.86,0
traffic_light,251,9.2577,9.65,816.405,7.11,823.51,0
traffic_light,254,9.3628,9.65,820.362,8.19,828.55,0
traffic_light,257,9.4637,9.65,822.771,6.76,829.53,0
traffic_light,260,9.5649,9.65,825.479,5.32,830.8,0
traffic_light,263,9.6692,9.65,829.613,5.46,835.07,0
traffic_light,266,9.7745,10.0,833.331,7.05,840.38,0
traffic_light,270,9.8777,9.65,803.785,6.6,810.38,0
traffic_light,273,9.98,9.65,807.5,4.92,812.42,0
traffic_light,276,10.0833,9.65,810.556,5.17,815.73,0
