t_s,seq,idx,label,label_name,confidence,xmin,ymin,xmax,ymax,cx_px,cy_px,w_px,h_px,area_ratio,angle_deg,x_mm,y_mm,z_mm,range_mm,bearing_deg,roi_x,roi_y,roi_w,roi_h,depth_lo_mm,depth_hi_mm
0.0,0,0,56,chair,0.7603,0.30035,0.79416,0.51587,0.99913,209.0,258.2,110.3,59.0,0.04418,0.0,,,,,,,,,,,
0.0004,1,0,56,chair,0.7563,0.30048,0.79351,0.51562,0.99924,208.9,258.2,110.2,59.3,0.04426,0.0,,,,,,,,,,,
0.0008,2,0,56,chair,0.7925,0.30042,0.79514,0.51611,0.9994,209.0,258.4,110.4,58.8,0.04406,0.0,,,,,,,,,,,
0.0497,3,0,56,chair,0.7871,0.30042,0.79481,0.51562,0.99946,208.9,258.4,110.2,58.9,0.04404,0.0,,,,,,,,,,,
0.0835,4,0,56,chair,0.7803,0.30029,0.79536,0.51556,0.9994,208.9,258.4,110.2,58.8,0.04392,0.0,,,,,,,,,,,
0.0839,5,0,56,chair,0.7983,0.29999,0.79633,0.51562,0.99935,208.8,258.6,110.4,58.5,0.04378,0.0,,,,,,,,,,,
0.1163,6,0,56,chair,0.7988,0.30066,0.79709,0.51685,0.9994,209.3,258.7,110.7,58.3,0.04374,0.0,,,,,,,,,,,
0.155,7,0,56,chair,0.7793,0.30066,0.7947,0.51599,0.9994,209.1,258.4,110.2,59.0,0.04408,0.0,,,,,,,,,,,
0.183,8,0,56,chair,0.7983,0.30054,0.79536,0.51575,0.9994,209.0,258.4,110.2,58.8,0.04391,0.0,,,,,,,,,,,
0.2832,11,0,56,chair,0.6382,0.30084,0.78418,0.51709,0.99935,209.4,256.8,110.7,62.0,0.04653,0.0,,,,,,,,,,,
0.2832,11,1,0,person,0.5054,0.42249,0.82053,0.80371,0.99946,313.9,262.1,195.2,51.5,0.06821,0.0,,,,,,,,,,,
0.3165,12,0,56,chair,0.7139,0.30042,0.78624,0.51562,0.99913,208.9,257.1,110.2,61.3,0.04581,0.0,,,,,,,,,,,
0.3496,13,0,56,chair,0.7373,0.30023,0.78874,0.51599,0.99919,209.0,257.5,110.5,60.6,0.04541,0.0,,,,,,,,,,,
0.4163,14,0,56,chair,0.7334,0.30017,0.78971,0.5166,0.99929,209.1,257.6,110.8,60.4,0.04536,0.0,,,,,,,,,,,
0.4497,15,0,56,chair,0.7227,0.30029,0.79015,0.51672,0.99935,209.2,257.7,110.8,60.2,0.04528,0.0,,,,,,,,,,,
0.4501,16,0,56,chair,0.7085,0.30035,0.78939,0.51648,0.99935,209.1,257.6,110.7,60.5,0.04538,0.0,,,,,,,,,,,
0.4829,17,0,56,chair,0.731,0.30035,0.79026,0.51611,0.9994,209.0,257.7,110.5,60.2,0.04512,0.0,,,,,,,,,,,
0.516,18,0,56,chair,0.7085,0.30023,0.78928,0.5166,0.99935,209.1,257.6,110.8,60.5,0.04545,0.0,,,,,,,,,,,
0.516,18,1,0,person,0.5005,0.42786,0.82476,0.79968,0.99946,314.3,262.7,190.4,50.3,0.06496,0.0,,,,,,,,,,,
0.5498,19,0,56,chair,0.7607,0.30035,0.78971,0.51672,0.99935,209.2,257.6,110.8,60.4,0.04536,0.0,,,,,,,,,,,
0.5825,20,0,56,chair,0.7603,0.30035,0.79134,0.5166,0.99929,209.1,257.9,110.7,59.9,0.04497,0.0,,,,,,,,,,,
0.6164,21,0,56,chair,0.7529,0.30023,0.78982,0.51648,0.99924,209.1,257.6,110.7,60.3,0.04529,0.0,,,,,,,,,,,
0.6826,22,0,56,chair,0.7456,0.30023,0.79015,0.51624,0.99929,209.0,257.7,110.6,60.2,0.04518,0.0,,,,,,,,,,,
0.683,23,0,56,chair,0.7344,0.3006,0.79047,0.5166,0.99924,209.2,257.7,110.6,60.1,0.04509,0.0,,,,,,,,,,,
0.7162,24,0,56,chair,0.7627,0.30011,0.79047,0.51685,0.99924,209.1,257.7,111.0,60.1,0.04525,0.0,,,,,,,,,,,
0.7828,25,0,56,chair,0.7607,0.30029,0.7908,0.5166,0.99924,209.1,257.8,110.8,60.0,0.04509,0.0,,,,,,,,,,,
0.8164,26,0,56,chair,0.7397,0.30005,0.78993,0.51672,0.99924,209.1,257.6,110.9,60.3,0.04535,0.0,,,,,,,,,,,
0.8167,27,0,56,chair,0.7627,0.30017,0.79253,0.5166,0.99929,209.1,258.0,110.8,59.5,0.04475,0.0,,,,,,,,,,,
0.8491,28,0,56,chair,0.7939,0.29999,0.79362,0.51709,0.99935,209.2,258.2,111.2,59.3,0.04466,0.0,,,,,,,,,,,
0.9162,29,0,56,chair,0.771,0.30035,0.79178,0.51697,0.99935,209.2,257.9,110.9,59.8,0.04496,0.0,,,,,,,,,,,
0.9166,30,0,56,chair,0.7725,0.30017,0.79156,0.5166,0.99935,209.1,257.9,110.8,59.8,0.04497,0.0,,,,,,,,,,,
0.9496,31,0,56,chair,0.7822,0.30011,0.79253,0.51697,0.99935,209.2,258.0,111.0,59.6,0.04485,0.0,,,,,,,,,,,
0.9828,32,0,56,chair,0.751,0.30029,0.79199,0.51709,0.99929,209.2,257.9,111.0,59.7,0.04494,0.0,,,,,,,,,,,
1.0496,33,0,56,chair,0.7744,0.30017,0.79167,0.5177,0.99929,209.4,257.9,111.4,59.8,0.04516,0.0,,,,,,,,,,,
1.0499,34,0,56,chair,0.7651,0.30005,0.79253,0.51758,0.99924,209.3,258.0,111.4,59.5,0.04497,0.0,,,,,,,,,,,
1.0827,35,0,56,chair,0.7725,0.2998,0.79308,0.51807,0.99935,209.4,258.1,111.8,59.4,0.04502,0.0,,,,,,,,,,,
1.116,36,0,56,chair,0.7822,0.29993,0.79286,0.51782,0.99935,209.3,258.1,111.6,59.5,0.04499,0.0,,,,,,,,,,,
1.149,37,0,56,chair,0.7241,0.30017,0.79047,0.51819,0.9994,209.5,257.7,111.6,60.2,0.04555,0.0,,,,,,,,,,,
1.1828,38,0,56,chair,0.7793,0.30029,0.79199,0.51758,0.9994,209.4,258.0,111.3,59.7,0.04507,0.0,,,,,,,,,,,
1.2161,39,0,56,chair,0.7817,0.30023,0.79286,0.51782,0.99935,209.4,258.1,111.4,59.5,0.04493,0.0,,,,,,,,,,,
1.2828,40,0,56,chair,0.7686,0.29993,0.79427,0.51758,0.99935,209.3,258.3,111.4,59.1,0.04464,0.0,,,,,,,,,,,
1.2832,41,0,56,chair,0.7485,0.30023,0.79232,0.51697,0.9994,209.2,258.0,111.0,59.6,0.04488,0.0,,,,,,,,,,,
1.3159,42,0,56,chair,0.752,0.30023,0.79286,0.51733,0.9994,209.3,258.1,111.2,59.5,0.04484,0.0,,,,,,,,,,,
1.3827,43,0,56,chair,0.7456,0.30029,0.79329,0.51733,0.9994,209.3,258.1,111.1,59.4,0.04473,0.0,,,,,,,,,,,
1.416,44,0,56,chair,0.7451,0.30023,0.79297,0.51782,0.99935,209.4,258.1,111.4,59.4,0.04491,0.0,,,,,,,,,,,
1.4164,45,0,56,chair,0.7573,0.30017,0.79319,0.51794,0.9994,209.4,258.1,111.5,59.4,0.04491,0.0,,,,,,,,,,,
1.4495,46,0,56,chair,0.7397,0.30005,0.79264,0.51819,0.99946,209.5,258.1,111.7,59.6,0.04512,0.0,,,,,,,,,,,
1.5163,47,0,56,chair,0.7822,0.30011,0.79514,0.51843,0.99946,209.5,258.4,111.8,58.8,0.04461,0.0,,,,,,,,,,,
1.5166,48,0,56,chair,0.7607,0.30029,0.79297,0.51831,0.9994,209.6,258.1,111.6,59.5,0.04501,0.0,,,,,,,,,,,
1.5827,49,0,56,chair,0.752,0.30005,0.79253,0.51892,0.9994,209.7,258.0,112.1,59.6,0.04528,0.0,,,,,,,,,,,
1.6161,50,0,56,chair,0.7729,0.29999,0.7921,0.5188,0.9994,209.6,258.0,112.0,59.7,0.04536,0.0,,,,,,,,,,,
1.6165,51,0,56,chair,0.7666,0.2998,0.79351,0.51868,0.9994,209.5,258.2,112.1,59.3,0.04507,0.0,,,,,,,,,,,
1.6822,52,0,56,chair,0.7554,0.29993,0.79275,0.51892,0.99951,209.6,258.1,112.1,59.5,0.04528,0.0,,,,,,,,,,,
1.7163,53,0,56,chair,0.7725,0.30017,0.79351,0.51941,0.99946,209.8,258.2,112.3,59.3,0.04515,0.0,,,,,,,,,,,
1.7495,54,0,56,chair,0.7573,0.30023,0.79167,0.51941,0.9994,209.8,257.9,112.2,59.8,0.04553,0.0,,,,,,,,,,,
1.7829,55,0,56,chair,0.7476,0.29993,0.79329,0.51953,0.99946,209.8,258.2,112.4,59.4,0.04527,0.0,,,,,,,,,,,
1.7833,56,0,56,chair,0.7417,0.30017,0.79167,0.51917,0.99946,209.8,257.9,112.1,59.8,0.04551,0.0,,,,,,,,,,,
1.8163,57,0,56,chair,0.7529,0.30011,0.79329,0.51892,0.99951,209.7,258.2,112.0,59.4,0.04512,0.0,,,,,,,,,,,
1.8496,58,0,56,chair,0.7261,0.30017,0.79091,0.5188,0.99946,209.7,257.8,111.9,60.1,0.0456,0.0,,,,,,,,,,,
1.8828,59,0,56,chair,0.7227,0.29999,0.79199,0.5188,0.99946,209.6,258.0,112.0,59.8,0.0454,0.0,,,,,,,,,,,
1.9162,60,0,56,chair,0.7422,0.29999,0.79134,0.51892,0.99946,209.6,257.9,112.1,59.9,0.04556,0.0,,,,,,,,,,,
1.9494,61,0,56,chair,0.7373,0.30017,0.79167,0.51855,0.9994,209.6,257.9,111.8,59.8,0.04536,0.0,,,,,,,,,,,
2.0159,62,0,56,chair,0.7271,0.29999,0.79091,0.51868,0.99935,209.6,257.8,112.0,60.0,0.04558,0.0,,,,,,,,,,,
2.0163,63,0,56,chair,0.7314,0.30035,0.79102,0.51929,0.99935,209.8,257.8,112.1,60.0,0.04561,0.0,,,,,,,,,,,
2.0494,64,0,56,chair,0.7485,0.30023,0.79297,0.5188,0.99929,209.7,258.1,111.9,59.4,0.0451,0.0,,,,,,,,,,,
2.1162,65,0,56,chair,0.7231,0.30011,0.79134,0.51843,0.99924,209.5,257.8,111.8,59.9,0.04539,0.0,,,,,,,,,,,
2.1165,66,0,56,chair,0.7397,0.29974,0.79134,0.51758,0.99935,209.2,257.9,111.5,59.9,0.04531,0.0,,,,,,,,,,,
2.1493,67,0,56,chair,0.7544,0.30011,0.79134,0.51721,0.99929,209.2,257.9,111.2,59.9,0.04515,0.0,,,,,,,,,,,
2.1827,68,0,56,chair,0.7681,0.30011,0.79308,0.51636,0.99929,209.0,258.1,110.7,59.4,0.04459,0.0,,,,,,,,,,,
2.2159,69,0,56,chair,0.7554,0.3006,0.79199,0.51599,0.99935,209.0,258.0,110.3,59.7,0.04466,0.0,,,,,,,,,,,
2.2492,70,0,56,chair,0.7529,0.30005,0.79134,0.51599,0.99929,208.9,257.9,110.6,59.9,0.0449,0.0,,,,,,,,,,,
2.2827,71,0,56,chair,0.7451,0.30023,0.79167,0.51575,0.99929,208.9,257.9,110.3,59.8,0.04475,0.0,,,,,,,,,,,
2.349,72,0,56,chair,0.7583,0.30035,0.79232,0.51599,0.99935,209.0,258.0,110.4,59.6,0.04464,0.0,,,,,,,,,,,
2.3493,73,0,56,chair,0.7764,0.30011,0.79297,0.51611,0.99929,209.0,258.1,110.6,59.4,0.04457,0.0,,,,,,,,,,,
2.3827,74,0,56,chair,0.7725,0.29987,0.79297,0.51611,0.99924,208.9,258.1,110.7,59.4,0.0446,0.0,,,,,,,,,,,
2.4158,75,0,56,chair,0.751,0.30029,0.7921,0.51685,0.99924,209.2,258.0,110.9,59.7,0.04486,0.0,,,,,,,,,,,
2.4491,76,0,56,chair,0.749,0.30017,0.79199,0.51648,0.99929,209.1,257.9,110.8,59.7,0.04484,0.0,,,,,,,,,,,
2.4827,77,0,56,chair,0.7427,0.30017,0.7921,0.51685,0.99935,209.2,258.0,110.9,59.7,0.04491,0.0,,,,,,,,,,,
2.5159,78,0,56,chair,0.7544,0.29993,0.7934,0.51709,0.99929,209.2,258.1,111.2,59.3,0.04471,0.0,,,,,,,,,,,
2.5493,79,0,56,chair,0.752,0.30042,0.79221,0.51709,0.99935,209.3,258.0,110.9,59.7,0.04488,0.0,,,,,,,,,,,
2.5828,80,0,56,chair,0.7402,0.30023,0.79308,0.5177,0.9994,209.4,258.1,111.3,59.4,0.04487,0.0,,,,,,,,,,,
2.6159,81,0,56,chair,0.7627,0.30029,0.79178,0.51843,0.99935,209.6,257.9,111.7,59.8,0.04528,0.0,,,,,,,,,,,
2.6488,82,0,56,chair,0.7378,0.30035,0.79058,0.51904,0.99935,209.8,257.7,112.0,60.1,0.04566,0.0,,,,,,,,,,,
2.6824,83,0,56,chair,0.728,0.30023,0.79112,0.51941,0.99929,209.8,257.8,112.2,60.0,0.04563,0.0,,,,,,,,,,,
2.7158,84,0,56,chair,0.7168,0.30042,0.78982,0.51941,0.99929,209.9,257.6,112.1,60.3,0.04587,0.0,,,,,,,,,,,
2.7158,84,1,74,clock,0.501,0.02841,0.5261,0.06419,0.60878,23.7,163.4,18.3,23.8,0.00296,0.0,,,,,,,,,,,
2.7489,85,0,56,chair,0.7358,0.2998,0.79069,0.52014,0.99929,209.9,257.8,112.8,60.1,0.04596,0.0,,,,,,,,,,,
2.7891,86,0,56,chair,0.7397,0.30017,0.79134,0.52014,0.99935,210.0,257.9,112.6,59.9,0.04576,0.0,,,,,,,,,,,
2.816,87,0,56,chair,0.7651,0.30035,0.79156,0.52002,0.99935,210.0,257.9,112.5,59.8,0.04565,0.0,,,,,,,,,,,
2.8495,88,0,56,chair,0.752,0.30011,0.79069,0.51965,0.99929,209.9,257.8,112.4,60.1,0.0458,0.0,,,,,,,,,,,
2.8824,89,0,56,chair,0.7456,0.30017,0.79134,0.52014,0.99935,210.0,257.9,112.6,59.9,0.04576,0.0,,,,,,,,,,,
2.916,90,0,56,chair,0.7397,0.30029,0.7883,0.5199,0.9994,210.0,257.4,112.4,60.8,0.04636,0.0,,,,,,,,,,,
2.9492,91,0,56,chair,0.7676,0.29993,0.79199,0.52002,0.9994,209.9,258.0,112.7,59.7,0.04565,0.0,,,,,,,,,,,
2.9819,92,0,56,chair,0.7432,0.29999,0.79199,0.52014,0.9994,210.0,258.0,112.7,59.7,0.04566,0.0,,,,,,,,,,,
3.0153,93,0,56,chair,0.7358,0.30035,0.7895,0.52002,0.99935,210.0,257.6,112.5,60.4,0.0461,0.0,,,,,,,,,,,
3.0492,94,0,56,chair,0.7441,0.30029,0.79004,0.52014,0.9994,210.0,257.7,112.6,60.3,0.04603,0.0,,,,,,,,,,,
3.0824,95,0,56,chair,0.7642,0.30023,0.79134,0.52026,0.9994,210.0,257.9,112.7,59.9,0.04578,0.0,,,,,,,,,,,
3.1157,96,0,56,chair,0.7349,0.30005,0.79123,0.52026,0.99929,210.0,257.8,112.7,59.9,0.04582,0.0,,,,,,,,,,,
3.1491,97,0,56,chair,0.7466,0.30005,0.79167,0.52002,0.99935,209.9,257.9,112.6,59.8,0.04568,0.0,,,,,,,,,,,
3.1826,98,0,56,chair,0.7368,0.30017,0.79232,0.52002,0.99935,210.0,258.0,112.6,59.6,0.04552,0.0,,,,,,,,,,,
3.2153,99,0,56,chair,0.7363,0.30048,0.79178,0.51978,0.99929,210.0,257.9,112.3,59.8,0.04551,0.0,,,,,,,,,,,
3.2488,100,0,56,chair,0.7402,0.29993,0.79188,0.5199,0.99929,209.9,257.9,112.6,59.7,0.04562,0.0,,,,,,,,,,,
3.2824,101,0,56,chair,0.7427,0.30005,0.79167,0.51917,0.99924,209.7,257.9,112.2,59.8,0.04548,0.0,,,,,,,,,,,
3.3155,102,0,56,chair,0.7197,0.30011,0.79036,0.51917,0.99929,209.7,257.7,112.2,60.2,0.04577,0.0,,,,,,,,,,,
3.349,103,0,56,chair,0.7222,0.29993,0.79123,0.51941,0.99935,209.8,257.8,112.4,59.9,0.04568,0.0,,,,,,,,,,,
3.3824,104,0,56,chair,0.7349,0.30017,0.79134,0.51868,0.99929,209.6,257.9,111.9,59.9,0.04544,0.0,,,,,,,,,,,
3.4156,105,0,56,chair,0.7222,0.30011,0.79145,0.51904,0.99935,209.7,257.9,112.1,59.9,0.04552,0.0,,,,,,,,,,,
3.449,106,0,56,chair,0.7544,0.30023,0.7934,0.51831,0.99929,209.5,258.1,111.7,59.3,0.0449,0.0,,,,,,,,,,,
3.482,107,0,56,chair,0.7568,0.30029,0.79264,0.51807,0.99929,209.5,258.0,111.5,59.5,0.045,0.0,,,,,,,,,,,
3.5156,108,0,56,chair,0.7686,0.30023,0.79416,0.51831,0.99929,209.5,258.3,111.7,59.1,0.04473,0.0,,,,,,,,,,,
3.5824,109,0,56,chair,0.7725,0.29999,0.79275,0.51672,0.99935,209.1,258.1,111.0,59.5,0.04478,0.0,,,,,,,,,,,
3.6154,110,0,56,chair,0.7676,0.30005,0.79275,0.51709,0.99935,209.2,258.1,111.1,59.5,0.04484,0.0,,,,,,,,,,,
3.6489,111,0,56,chair,0.7388,0.30005,0.79297,0.51685,0.99935,209.1,258.1,111.0,59.4,0.04474,0.0,,,,,,,,,,,
3.682,112,0,56,chair,0.7397,0.30005,0.79232,0.51758,0.99929,209.3,258.0,111.4,59.6,0.04502,0.0,,,,,,,,,,,
3.7157,113,0,56,chair,0.7393,0.30005,0.79199,0.51855,0.99935,209.6,258.0,111.9,59.7,0.04531,0.0,,,,,,,,,,,
3.749,114,0,56,chair,0.7632,0.30023,0.79232,0.51807,0.9994,209.5,258.0,111.5,59.6,0.04511,0.0,,,,,,,,,,,
3.7881,115,0,56,chair,0.7593,0.30017,0.79253,0.51855,0.99924,209.6,258.0,111.8,59.5,0.04514,0.0,,,,,,,,,,,
3.7886,116,0,56,chair,0.7529,0.30005,0.79232,0.51831,0.99935,209.5,258.0,111.7,59.6,0.04519,0.0,,,,,,,,,,,
3.816,117,0,56,chair,0.7446,0.29962,0.79253,0.51819,0.99929,209.4,258.0,111.9,59.5,0.04519,0.0,,,,,,,,,,,
3.8824,118,0,56,chair,0.771,0.30005,0.79405,0.51758,0.99929,209.3,258.2,111.4,59.1,0.04465,0.0,,,,,,,,,,,
3.8829,119,0,56,chair,0.7417,0.30005,0.79221,0.51782,0.99935,209.4,258.0,111.5,59.7,0.04511,0.0,,,,,,,,,,,
3.9489,120,0,56,chair,0.7676,0.29999,0.79405,0.5177,0.99935,209.3,258.2,111.5,59.1,0.0447,0.0,,,,,,,,,,,
3.9493,121,0,56,chair,0.7319,0.30035,0.79232,0.51624,0.99935,209.0,258.0,110.5,59.6,0.0447,0.0,,,,,,,,,,,
3.9824,122,0,56,chair,0.751,0.29999,0.79449,0.51648,0.99935,209.0,258.3,110.8,59.0,0.04435,0.0,,,,,,,,,,,
4.0155,123,0,56,chair,0.7212,0.30011,0.79069,0.51514,0.99935,208.7,257.8,110.1,60.1,0.04487,0.0,,,,,,,,,,,
4.0485,124,0,56,chair,0.7002,0.30011,0.79004,0.51251,0.99935,208.0,257.7,108.7,60.3,0.04446,0.0,,,,,,,,,,,
4.0823,125,0,56,chair,0.6528,0.30005,0.79102,0.50922,0.99913,207.2,257.8,107.1,59.9,0.04353,0.0,,,,,,,,,,,
4.0823,125,1,0,person,0.5063,0.29395,0.79568,0.87793,0.99957,300.0,258.5,299.0,58.7,0.11907,0.0,,,,,,,,,,,
4.1156,126,0,56,chair,0.6367,0.29999,0.79188,0.50525,0.99935,206.1,257.9,105.1,59.8,0.04259,0.0,,,,,,,,,,,
4.1489,127,0,56,chair,0.6431,0.29974,0.79373,0.50433,0.99946,205.8,258.2,104.8,59.3,0.04209,0.0,,,,,,,,,,,
4.1822,128,0,56,chair,0.6343,0.29987,0.79232,0.50397,0.99962,205.8,258.0,104.5,59.7,0.04231,0.0,,,,,,,,,,,
4.2153,129,0,56,chair,0.6738,0.29993,0.79395,0.50415,0.99962,205.8,258.3,104.6,59.2,0.042,0.0,,,,,,,,,,,
4.2823,130,0,56,chair,0.7051,0.29974,0.79557,0.50464,0.99967,205.9,258.5,104.9,58.8,0.04182,0.0,,,,,,,,,,,
4.2827,131,0,56,chair,0.6948,0.29974,0.79557,0.50513,0.99962,206.0,258.5,105.2,58.8,0.04191,0.0,,,,,,,,,,,
4.3155,132,0,56,chair,0.7036,0.29974,0.79373,0.50781,0.99973,206.7,258.3,106.5,59.3,0.04286,0.0,,,,,,,,,,,
4.3155,132,1,0,person,0.501,0.42798,0.79926,0.80505,0.99967,315.7,259.0,193.1,57.7,0.07557,0.0,,,,,,,,,,,
4.3486,133,0,56,chair,0.7119,0.29956,0.79525,0.50958,0.99962,207.1,258.5,107.5,58.9,0.04292,0.0,,,,,,,,,,,
4.3486,133,1,0,person,0.5171,0.43091,0.8023,0.79651,0.99967,314.2,259.5,187.2,56.8,0.07216,0.0,,,,,,,,,,,
4.4154,134,0,56,chair,0.7568,0.29987,0.79546,0.51074,0.99973,207.5,258.5,108.0,58.8,0.04307,0.0,,,,,,,,,,,
4.4154,134,1,0,person,0.5425,0.43127,0.801,0.79675,0.99984,314.4,259.3,187.1,57.3,0.07267,0.0,,,,,,,,,,,
4.4488,135,0,56,chair,0.7524,0.29999,0.79362,0.51129,0.99962,207.7,258.2,108.2,59.3,0.04353,0.0,,,,,,,,,,,
4.4822,136,0,56,chair,0.7329,0.2998,0.79362,0.51233,0.99967,207.9,258.2,108.8,59.3,0.04379,0.0,,,,,,,,,,,
4.5152,137,0,56,chair,0.7231,0.2998,0.79416,0.513,0.99957,208.1,258.3,109.2,59.2,0.04379,0.0,,,,,,,,,,,
4.5489,138,0,56,chair,0.7295,0.29968,0.79319,0.51276,0.99951,208.0,258.1,109.1,59.4,0.04396,0.0,,,,,,,,,,,
4.5819,139,0,56,chair,0.7554,0.29987,0.79416,0.51343,0.99967,208.2,258.3,109.3,59.2,0.04389,0.0,,,,,,,,,,,
4.615,140,0,56,chair,0.7554,0.2998,0.79427,0.51361,0.99962,208.2,258.3,109.5,59.1,0.04391,0.0,,,,,,,,,,,
4.6155,141,0,56,chair,0.7734,0.29962,0.79438,0.51373,0.99967,208.2,258.3,109.6,59.1,0.04395,0.0,,,,,,,,,,,
4.6822,142,0,56,chair,0.7632,0.2998,0.79503,0.51361,0.99957,208.2,258.4,109.5,58.9,0.04373,0.0,,,,,,,,,,,
4.6827,143,0,56,chair,0.7329,0.29987,0.79449,0.51324,0.99967,208.2,258.4,109.2,59.1,0.04378,0.0,,,,,,,,,,,
4.7151,144,0,56,chair,0.7529,0.2998,0.7959,0.51337,0.99962,208.2,258.6,109.3,58.7,0.04351,0.0,,,,,,,,,,,
4.782,145,0,56,chair,0.7446,0.29999,0.79405,0.51349,0.99967,208.3,258.3,109.3,59.2,0.0439,0.0,,,,,,,,,,,
4.8157,146,0,56,chair,0.7368,0.29993,0.79395,0.51251,0.99967,208.0,258.3,108.8,59.2,0.04373,0.0,,,,,,,,,,,
4.816,147,0,56,chair,0.7358,0.29968,0.79351,0.51227,0.99962,207.9,258.2,108.8,59.4,0.04382,0.0,,,,,,,,,,,
4.8489,148,0,56,chair,0.7051,0.29968,0.79319,0.51154,0.99957,207.7,258.2,108.5,59.4,0.04372,0.0,,,,,,,,,,,
4.9155,149,0,56,chair,0.7446,0.29962,0.79525,0.50989,0.99957,207.2,258.5,107.7,58.8,0.04296,0.0,,,,,,,,,,,
4.916,150,0,56,chair,0.7202,0.29956,0.79395,0.51062,0.99951,207.4,258.3,108.1,59.2,0.04339,0.0,,,,,,,,,,,
4.9816,151,0,56,chair,0.7168,0.2998,0.79297,0.51031,0.99967,207.4,258.1,107.8,59.5,0.04351,0.0,,,,,,,,,,,
4.9819,152,0,56,chair,0.7261,0.29987,0.79297,0.51025,0.99962,207.4,258.1,107.7,59.5,0.04348,0.0,,,,,,,,,,,
5.0156,153,0,56,chair,0.7539,0.29974,0.79503,0.51044,0.99973,207.4,258.4,107.9,59.0,0.04313,0.0,,,,,,,,,,,
5.0487,154,0,56,chair,0.7524,0.2998,0.79438,0.50977,0.99957,207.2,258.3,107.5,59.1,0.04308,0.0,,,,,,,,,,,
5.0487,154,1,0,person,0.5073,0.42883,0.80827,0.79578,0.99935,313.5,260.3,187.9,55.0,0.07012,0.0,,,,,,,,,,,
5.0822,155,0,56,chair,0.7388,0.29974,0.7934,0.50989,0.99957,207.3,258.2,107.6,59.4,0.04333,0.0,,,,,,,,,,,
5.1155,156,0,56,chair,0.7632,0.29944,0.79622,0.51062,0.99957,207.4,258.6,108.1,58.6,0.04294,0.0,,,,,,,,,,,
5.1823,157,0,56,chair,0.7124,0.30017,0.79427,0.5105,0.99957,207.5,258.3,107.7,59.1,0.04318,0.0,,,,,,,,,,,
5.1828,158,0,56,chair,0.7446,0.2998,0.7959,0.50873,0.99951,207.0,258.5,107.0,58.6,0.04254,0.0,,,,,,,,,,,
5.1828,158,1,0,person,0.52,0.42517,0.80604,0.79089,1.00022,311.3,260.1,187.2,55.9,0.07102,0.0,,,,,,,,,,,
5.2154,159,0,56,chair,0.7314,0.29987,0.79579,0.50842,0.99962,206.9,258.5,106.8,58.7,0.04251,0.0,,,,,,,,,,,
5.2485,160,0,56,chair,0.7427,0.29962,0.79416,0.51007,0.99957,207.3,258.3,107.8,59.2,0.04323,0.0,,,,,,,,,,,
5.2819,161,0,56,chair,0.7344,0.29999,0.79633,0.50836,0.99962,206.9,258.6,106.7,58.5,0.04236,0.0,,,,,,,,,,,
5.3153,162,0,56,chair,0.6963,0.29999,0.79525,0.5094,0.99962,207.2,258.5,107.2,58.9,0.0428,0.0,,,,,,,,,,,
5.3485,163,0,56,chair,0.6904,0.29962,0.7947,0.50812,0.9994,206.8,258.4,106.8,59.0,0.04268,0.0,,,,,,,,,,,
5.3821,164,0,56,chair,0.7051,0.29962,0.79525,0.50763,0.99951,206.7,258.4,106.5,58.8,0.04249,0.0,,,,,,,,,,,
5.4154,165,0,56,chair,0.7148,0.29968,0.7946,0.50763,0.99957,206.7,258.4,106.5,59.0,0.04262,0.0,,,,,,,,,,,
5.4815,166,0,56,chair,0.6865,0.29962,0.79514,0.50751,0.99957,206.6,258.4,106.4,58.9,0.0425,0.0,,,,,,,,,,,
5.4819,167,0,56,chair,0.6963,0.29993,0.79481,0.50745,0.99957,206.7,258.4,106.3,59.0,0.04249,0.0,,,,,,,,,,,
5.5152,168,0,56,chair,0.6934,0.29956,0.79525,0.50873,0.9994,206.9,258.4,107.1,58.8,0.0427,0.0,,,,,,,,,,,
5.5817,169,0,56,chair,0.7144,0.29956,0.79492,0.51001,0.99962,207.2,258.4,107.8,59.0,0.04308,0.0,,,,,,,,,,,
5.615,170,0,56,chair,0.6938,0.30011,0.79449,0.50812,0.99957,206.9,258.3,106.5,59.1,0.04266,0.0,,,,,,,,,,,
5.6482,171,0,56,chair,0.7261,0.29987,0.79546,0.50958,0.99967,207.2,258.5,107.4,58.8,0.04282,0.0,,,,,,,,,,,
5.6819,172,0,56,chair,0.7456,0.29987,0.7959,0.51019,0.99967,207.4,258.6,107.7,58.7,0.04286,0.0,,,,,,,,,,,
5.6823,173,0,56,chair,0.7227,0.30005,0.79481,0.50977,0.99967,207.3,258.4,107.4,59.0,0.04296,0.0,,,,,,,,,,,
5.7153,174,0,56,chair,0.7607,0.29962,0.79612,0.51099,0.99962,207.5,258.6,108.2,58.6,0.04301,0.0,,,,,,,,,,,
5.7153,174,1,0,person,0.5098,0.42505,0.8074,0.79712,0.99935,312.9,260.2,190.5,55.3,0.07142,0.0,,,,,,,,,,,
5.7483,175,0,56,chair,0.7417,0.29968,0.79503,0.51074,0.99962,207.5,258.4,108.1,58.9,0.04318,0.0,,,,,,,,,,,
5.7483,175,1,0,person,0.5137,0.42712,0.80849,0.79028,0.99935,311.7,260.3,185.9,55.0,0.06931,0.0,,,,,,,,,,,
5.7818,176,0,56,chair,0.7168,0.2998,0.79362,0.5105,0.99967,207.4,258.2,107.9,59.3,0.04341,0.0,,,,,,,,,,,
5.8149,177,0,56,chair,0.7402,0.29968,0.79481,0.51184,0.99962,207.7,258.4,108.6,59.0,0.04345,0.0,,,,,,,,,,,
5.8486,178,0,56,chair,0.7734,0.29938,0.79633,0.51349,0.99962,208.1,258.6,109.6,58.5,0.04353,0.0,,,,,,,,,,,
5.8818,179,0,56,chair,0.7422,0.30005,0.79373,0.51361,0.99957,208.3,258.2,109.3,59.3,0.04396,0.0,,,,,,,,,,,
5.9148,180,0,56,chair,0.7603,0.2998,0.7946,0.51471,0.99967,208.5,258.4,110.0,59.1,0.04407,0.0,,,,,,,,,,,
5.9486,181,0,56,chair,0.7603,0.29987,0.79384,0.51379,0.99957,208.3,258.3,109.5,59.3,0.04401,0.0,,,,,,,,,,,
5.9817,182,0,56,chair,0.7646,0.29974,0.79481,0.51483,0.99967,208.5,258.4,110.1,59.0,0.04406,0.0,,,,,,,,,,,
6.0147,183,0,56,chair,0.7769,0.29974,0.79481,0.51514,0.99967,208.6,258.4,110.3,59.0,0.04413,0.0,,,,,,,,,,,
6.0486,184,0,56,chair,0.7539,0.29999,0.79384,0.51556,0.99967,208.8,258.3,110.4,59.3,0.04437,0.0,,,,,,,,,,,
6.0814,185,0,56,chair,0.7363,0.29987,0.79438,0.5155,0.99962,208.7,258.3,110.4,59.1,0.04426,0.0,,,,,,,,,,,
6.1482,186,0,56,chair,0.7593,0.29999,0.79492,0.5144,0.99967,208.5,258.4,109.8,59.0,0.0439,0.0,,,,,,,,,,,
6.1816,187,0,56,chair,0.748,0.2998,0.79373,0.5144,0.99951,208.4,258.2,109.9,59.3,0.04416,0.0,,,,,,,,,,,
6.1821,188,0,56,chair,0.7192,0.30011,0.79384,0.51459,0.99935,208.6,258.2,109.8,59.2,0.04408,0.0,,,,,,,,,,,
6.2487,189,0,56,chair,0.7568,0.29993,0.79416,0.51538,0.99951,208.7,258.3,110.3,59.1,0.04424,0.0,,,,,,,,,,,
6.2491,190,0,56,chair,0.7495,0.30005,0.79405,0.51532,0.99962,208.7,258.3,110.2,59.2,0.04425,0.0,,,,,,,,,,,
6.2814,191,0,56,chair,0.7314,0.29999,0.7934,0.51526,0.9994,208.7,258.2,110.2,59.3,0.04435,0.0,,,,,,,,,,,
6.3149,192,0,56,chair,0.7568,0.29999,0.79351,0.51532,0.99951,208.7,258.2,110.2,59.3,0.04436,0.0,,,,,,,,,,,
6.3484,193,0,56,chair,0.7881,0.29999,0.79492,0.51544,0.99957,208.8,258.4,110.3,58.9,0.04409,0.0,,,,,,,,,,,
6.3815,194,0,56,chair,0.7632,0.29974,0.79373,0.51483,0.9994,208.5,258.2,110.1,59.2,0.04424,0.0,,,,,,,,,,,
6.4152,195,0,56,chair,0.7661,0.29968,0.79351,0.51514,0.99935,208.6,258.2,110.3,59.3,0.04435,0.0,,,,,,,,,,,
6.4152,195,1,0,person,0.5107,0.42554,0.81348,0.87732,0.99978,333.5,261.1,231.3,53.7,0.08417,0.0,,,,,,,,,,,
6.4485,196,0,56,chair,0.7764,0.2998,0.79319,0.51489,0.99935,208.6,258.1,110.1,59.4,0.04434,0.0,,,,,,,,,,,
6.4815,197,0,56,chair,0.7476,0.30005,0.79286,0.5152,0.99935,208.7,258.1,110.2,59.5,0.04443,0.0,,,,,,,,,,,
6.5148,198,0,56,chair,0.7729,0.30011,0.79373,0.51495,0.9994,208.7,258.2,110.0,59.2,0.04419,0.0,,,,,,,,,,,
6.5148,198,1,0,person,0.5073,0.44165,0.80935,0.89636,1.0,342.5,260.5,232.8,54.9,0.08669,0.0,,,,,,,,,,,
6.5484,199,0,56,chair,0.7598,0.29993,0.79221,0.51495,0.99935,208.6,258.0,110.1,59.7,0.04454,0.0,,,,,,,,,,,
6.5819,200,0,56,chair,0.7607,0.30029,0.79264,0.51489,0.9994,208.7,258.1,109.9,59.5,0.04437,0.0,,,,,,,,,,,
6.6148,201,0,56,chair,0.7603,0.29968,0.79319,0.51428,0.99957,208.4,258.2,109.9,59.4,0.04429,0.0,,,,,,,,,,,
6.648,202,0,56,chair,0.7617,0.29968,0.79232,0.51367,0.9994,208.2,258.0,109.6,59.6,0.04431,0.0,,,,,,,,,,,
6.6816,203,0,56,chair,0.7397,0.30029,0.79253,0.51404,0.99946,208.5,258.0,109.4,59.6,0.04423,0.0,,,,,,,,,,,
6.7152,204,0,56,chair,0.7402,0.2998,0.79026,0.51404,0.99929,208.3,257.7,109.7,60.2,0.04478,0.0,,,,,,,,,,,
6.7152,204,1,0,person,0.5063,0.43188,0.79883,0.89685,1.00022,340.2,259.1,238.1,58.0,0.09364,0.0,,,,,,,,,,,
6.7483,205,0,56,chair,0.7666,0.29987,0.79253,0.51392,0.99929,208.3,258.0,109.6,59.5,0.04426,0.0,,,,,,,,,,,
6.7483,205,1,0,person,0.5132,0.4292,0.80002,0.89832,1.00022,339.8,259.2,240.2,57.7,0.09392,0.0,,,,,,,,,,,
6.7815,206,0,56,chair,0.7388,0.2998,0.79308,0.51422,0.9994,208.4,258.1,109.8,59.4,0.04424,0.0,,,,,,,,,,,
6.8149,207,0,56,chair,0.7598,0.2998,0.7921,0.51392,0.99929,208.3,258.0,109.6,59.7,0.04436,0.0,,,,,,,,,,,
6.8149,207,1,0,person,0.5127,0.42212,0.80078,0.87927,0.99978,333.2,259.3,234.1,57.3,0.09097,0.0,,,,,,,,,,,
6.8485,208,0,56,chair,0.7544,0.30011,0.79275,0.51373,0.99935,208.3,258.1,109.4,59.5,0.04413,0.0,,,,,,,,,,,
6.8485,208,1,0,person,0.5049,0.42554,0.80458,0.87622,0.99978,333.3,259.8,230.7,56.2,0.08797,0.0,,,,,,,,,,,
6.8817,209,0,56,chair,0.75,0.29974,0.79188,0.51428,0.99935,208.4,257.9,109.8,59.8,0.04451,0.0,,,,,,,,,,,
6.8817,209,1,0,person,0.5044,0.42493,0.81174,0.87476,0.99957,332.7,260.8,230.3,54.1,0.08449,0.0,,,,,,,,,,,
6.9149,210,0,56,chair,0.7603,0.29962,0.79329,0.51428,0.9994,208.4,258.1,109.9,59.4,0.04424,0.0,,,,,,,,,,,
6.9149,210,1,0,person,0.5166,0.42944,0.81141,0.87451,0.99978,333.8,260.8,227.9,54.3,0.08384,0.0,,,,,,,,,,,
6.9478,211,0,56,chair,0.7583,0.29993,0.79329,0.51599,0.9994,208.9,258.1,110.6,59.4,0.04453,0.0,,,,,,,,,,,
6.9478,211,1,0,person,0.502,0.42725,0.815,0.8717,0.99957,332.5,261.3,227.6,53.2,0.08203,0.0,,,,,,,,,,,
6.9816,212,0,56,chair,0.7773,0.30023,0.79449,0.51599,0.99946,209.0,258.3,110.5,59.0,0.04422,0.0,,,,,,,,,,,
7.0148,213,0,56,chair,0.7598,0.29993,0.79438,0.51648,0.99935,209.0,258.3,110.9,59.0,0.04439,0.0,,,,,,,,,,,
7.0483,214,0,56,chair,0.7642,0.29999,0.7934,0.51672,0.99951,209.1,258.2,111.0,59.4,0.04467,0.0,,,,,,,,,,,
7.081,215,0,56,chair,0.7715,0.29999,0.79503,0.51599,0.9994,208.9,258.4,110.6,58.9,0.04414,0.0,,,,,,,,,,,
7.1148,216,0,56,chair,0.7632,0.29993,0.79438,0.51611,0.9994,208.9,258.3,110.7,59.0,0.04432,0.0,,,,,,,,,,,
7.1483,217,0,56,chair,0.7441,0.29999,0.79286,0.51501,0.99946,208.6,258.1,110.1,59.5,0.04442,0.0,,,,,,,,,,,
7.1815,218,0,56,chair,0.7383,0.29999,0.79373,0.51514,0.99962,208.7,258.2,110.2,59.3,0.0443,0.0,,,,,,,,,,,
7.2144,219,0,56,chair,0.7544,0.29993,0.79438,0.51495,0.99967,208.6,258.3,110.1,59.1,0.04414,0.0,,,,,,,,,,,
7.2478,220,0,56,chair,0.7793,0.29974,0.79536,0.5152,0.99973,208.6,258.5,110.3,58.9,0.04403,0.0,,,,,,,,,,,
7.3145,221,0,56,chair,0.7617,0.29968,0.7946,0.51495,0.99946,208.5,258.3,110.2,59.0,0.0441,0.0,,,,,,,,,,,
7.3148,222,0,56,chair,0.77,0.29962,0.7946,0.51489,0.99957,208.5,258.4,110.2,59.0,0.04412,0.0,,,,,,,,,,,
7.3477,223,0,56,chair,0.7568,0.29999,0.79286,0.51538,0.99957,208.7,258.1,110.3,59.5,0.04452,0.0,,,,,,,,,,,
7.3814,224,0,56,chair,0.7256,0.29974,0.7946,0.51508,0.99973,208.6,258.4,110.3,59.1,0.04417,0.0,,,,,,,,,,,
7.4144,225,0,56,chair,0.7212,0.30017,0.79362,0.51123,0.99957,207.7,258.2,108.1,59.3,0.04347,0.0,,,,,,,,,,,
7.4483,226,0,56,chair,0.7075,0.30005,0.79286,0.51154,0.99967,207.8,258.1,108.3,59.6,0.04374,0.0,,,,,,,,,,,
7.5147,227,0,56,chair,0.7261,0.29987,0.79319,0.513,0.99967,208.1,258.2,109.1,59.5,0.04401,0.0,,,,,,,,,,,
7.5147,227,1,0,person,0.5063,0.43176,0.80404,0.8009,0.99946,315.6,259.7,189.0,56.3,0.07214,0.0,,,,,,,,,,,
7.5151,228,0,56,chair,0.7261,0.30023,0.79253,0.51172,0.99967,207.9,258.1,108.3,59.7,0.04381,0.0,,,,,,,,,,,
7.5151,228,1,0,person,0.502,0.42981,0.80436,0.79724,0.99962,314.1,259.8,188.1,56.2,0.07174,0.0,,,,,,,,,,,
7.5483,229,0,56,chair,0.6948,0.2998,0.79134,0.51019,0.99962,207.4,257.9,107.7,60.0,0.04382,0.0,,,,,,,,,,,
7.6144,230,0,56,chair,0.7002,0.30005,0.79438,0.50934,0.99962,207.2,258.3,107.2,59.1,0.04295,0.0,,,,,,,,,,,
7.648,231,0,56,chair,0.7114,0.30011,0.79253,0.50867,0.99973,207.0,258.1,106.8,59.7,0.04321,0.0,,,,,,,,,,,
7.648,231,1,0,person,0.5171,0.42993,0.79894,0.7926,0.99935,313.0,259.0,185.7,57.7,0.07268,0.0,,,,,,,,,,,
7.6484,232,0,56,chair,0.7036,0.30005,0.7934,0.50854,0.99967,207.0,258.2,106.7,59.4,0.04301,0.0,,,,,,,,,,,
7.6484,232,1,0,person,0.5122,0.43066,0.79905,0.79761,0.99929,314.4,259.0,187.9,57.7,0.07348,0.0,,,,,,,,,,,
7.6815,233,0,56,chair,0.7144,0.30011,0.79232,0.50861,0.99962,207.0,258.0,106.8,59.7,0.04322,0.0,,,,,,,,,,,
7.6815,233,1,0,person,0.5244,0.43408,0.7998,0.79578,0.99935,314.8,259.1,185.2,57.5,0.07218,0.0,,,,,,,,,,,
7.7476,234,0,56,chair,0.7002,0.30023,0.79232,0.50952,0.99962,207.3,258.0,107.2,59.7,0.04339,0.0,,,,,,,,,,,
7.7476,234,1,0,person,0.5117,0.43567,0.79568,0.78882,0.9994,313.5,258.5,180.8,58.7,0.07194,0.0,,,,,,,,,,,
7.748,235,0,56,chair,0.6699,0.30011,0.79264,0.50867,0.99967,207.0,258.1,106.8,59.6,0.04318,0.0,,,,,,,,,,,
7.7814,236,0,56,chair,0.6992,0.29987,0.79275,0.50812,0.99973,206.8,258.1,106.6,59.6,0.0431,0.0,,,,,,,,,,,
7.8147,237,0,56,chair,0.6685,0.30029,0.7934,0.50842,0.99967,207.0,258.2,106.6,59.4,0.04293,0.0,,,,,,,,,,,
7.8813,238,0,56,chair,0.708,0.30023,0.79395,0.51001,0.99967,207.4,258.3,107.4,59.2,0.04316,0.0,,,,,,,,,,,
7.9149,239,0,56,chair,0.731,0.2998,0.79438,0.51031,0.99967,207.4,258.3,107.8,59.1,0.04322,0.0,,,,,,,,,,,
7.9149,239,1,0,person,0.5068,0.44006,0.8023,0.79004,0.99946,314.9,259.5,179.2,56.8,0.069,0.0,,,,,,,,,,,
7.9479,240,0,56,chair,0.7163,0.30005,0.79384,0.51111,0.99957,207.7,258.3,108.1,59.3,0.04342,0.0,,,,,,,,,,,
7.9483,241,0,56,chair,0.73,0.30005,0.79416,0.51105,0.99967,207.6,258.3,108.0,59.2,0.04336,0.0,,,,,,,,,,,
7.9814,242,0,56,chair,0.6987,0.30048,0.79232,0.51099,0.99946,207.7,258.0,107.8,59.7,0.04361,0.0,,,,,,,,,,,
7.9814,242,1,74,clock,0.5,0.02856,0.52601,0.06425,0.60837,23.8,163.4,18.3,23.7,0.00294,0.0,,,,,,,,,,,
8.0148,243,0,56,chair,0.7183,0.30011,0.79264,0.51068,0.99962,207.6,258.1,107.8,59.6,0.04358,0.0,,,,,,,,,,,
8.0481,244,0,56,chair,0.6992,0.30035,0.79134,0.50989,0.99957,207.4,257.9,107.3,60.0,0.04363,0.0,,,,,,,,,,,
8.0812,245,0,56,chair,0.7246,0.2998,0.79221,0.51019,0.99957,207.4,258.0,107.7,59.7,0.04363,0.0,,,,,,,,,,,
8.1479,246,0,56,chair,0.7188,0.29999,0.79243,0.51074,0.99962,207.5,258.1,107.9,59.7,0.04367,0.0,,,,,,,,,,,
8.1482,247,0,56,chair,0.7261,0.29987,0.79384,0.50983,0.99962,207.3,258.3,107.5,59.3,0.04321,0.0,,,,,,,,,,,
8.1809,248,0,56,chair,0.7231,0.29999,0.79329,0.51007,0.99967,207.4,258.2,107.6,59.4,0.04336,0.0,,,,,,,,,,,
8.1809,248,1,74,clock,0.501,0.02878,0.52582,0.0643,0.60862,23.8,163.4,18.2,23.8,0.00294,0.0,,,,,,,,,,,
8.1809,248,2,0,person,0.5005,0.43823,0.80566,0.78894,0.99946,314.2,259.9,179.6,55.8,0.06797,0.0,,,,,,,,,,,
8.2146,249,0,56,chair,0.7139,0.30005,0.79297,0.51001,0.99962,207.4,258.1,107.5,59.5,0.04339,0.0,,,,,,,,,,,
8.2146,249,1,0,person,0.5,0.43835,0.80382,0.79077,0.99989,314.7,259.7,180.4,56.5,0.0691,0.0,,,,,,,,,,,
8.2481,250,0,56,chair,0.6953,0.29974,0.79221,0.50946,0.99962,207.2,258.0,107.4,59.7,0.0435,0.0,,,,,,,,,,,
8.3145,251,0,56,chair,0.6816,0.29993,0.79188,0.50922,0.99967,207.1,258.0,107.2,59.8,0.04349,0.0,,,,,,,,,,,
8.3478,252,0,56,chair,0.7124,0.29974,0.79275,0.5083,0.99967,206.9,258.1,106.8,59.6,0.04316,0.0,,,,,,,,,,,
8.3478,252,1,74,clock,0.502,0.02864,0.52534,0.06407,0.60894,23.7,163.3,18.1,24.1,0.00296,0.0,,,,,,,,,,,
8.3481,253,0,56,chair,0.709,0.30023,0.79221,0.50879,0.99962,207.1,258.0,106.8,59.7,0.04326,0.0,,,,,,,,,,,
8.3481,253,1,0,person,0.501,0.4353,0.79937,0.79187,0.99962,314.2,259.1,182.6,57.7,0.0714,0.0,,,,,,,,,,,
8.3815,254,0,56,chair,0.7065,0.30005,0.79329,0.50861,0.99967,207.0,258.2,106.8,59.4,0.04304,0.0,,,,,,,,,,,
8.3815,254,1,0,person,0.501,0.43848,0.80035,0.79065,0.99957,314.7,259.2,180.3,57.4,0.07016,0.0,,,,,,,,,,,
8.4145,255,0,56,chair,0.7061,0.2998,0.79373,0.50824,0.99967,206.9,258.2,106.7,59.3,0.04293,0.0,,,,,,,,,,,
8.4478,256,0,56,chair,0.6875,0.30011,0.79102,0.50909,0.99957,207.2,257.8,107.0,60.1,0.04358,0.0,,,,,,,,,,,
8.5145,257,0,56,chair,0.7017,0.29993,0.79112,0.50989,0.9994,207.3,257.8,107.5,60.0,0.04373,0.0,,,,,,,,,,,
8.5149,258,0,56,chair,0.6899,0.29999,0.79221,0.50928,0.99962,207.2,258.0,107.2,59.7,0.04341,0.0,,,,,,,,,,,
8.5479,259,0,56,chair,0.6953,0.29987,0.79351,0.50885,0.99962,207.0,258.2,107.0,59.4,0.04307,0.0,,,,,,,,,,,
8.5812,260,0,56,chair,0.6846,0.29999,0.79112,0.50793,0.99957,206.8,257.9,106.5,60.0,0.04335,0.0,,,,,,,,,,,
8.6485,261,0,56,chair,0.6904,0.30011,0.79351,0.50842,0.99973,207.0,258.2,106.7,59.4,0.04296,0.0,,,,,,,,,,,
8.6494,262,0,56,chair,0.7383,0.30011,0.79416,0.50812,0.99973,206.9,258.3,106.5,59.2,0.04276,0.0,,,,,,,,,,,
8.6814,263,0,56,chair,0.728,0.2998,0.79405,0.50806,0.99973,206.8,258.3,106.6,59.2,0.04283,0.0,,,,,,,,,,,
8.7144,264,0,56,chair,0.6685,0.30017,0.79351,0.50684,0.99962,206.6,258.2,105.8,59.4,0.0426,0.0,,,,,,,,,,,
8.7808,265,0,56,chair,0.7051,0.29993,0.79438,0.50732,0.99984,206.7,258.4,106.2,59.2,0.04261,0.0,,,,,,,,,,,
8.8139,266,0,56,chair,0.6558,0.29999,0.79275,0.50842,0.99962,207.0,258.1,106.7,59.6,0.04312,0.0,,,,,,,,,,,
8.8142,267,0,56,chair,0.6748,0.29993,0.79243,0.50751,0.99962,206.7,258.1,106.3,59.7,0.04301,0.0,,,,,,,,,,,
8.881,268,0,56,chair,0.6699,0.29993,0.79427,0.50671,0.99967,206.5,258.3,105.9,59.2,0.04247,0.0,,,,,,,,,,,
8.914,269,0,56,chair,0.6855,0.29956,0.79362,0.50623,0.99967,206.3,258.2,105.8,59.3,0.04258,0.0,,,,,,,,,,,
8.914,269,1,0,person,0.5049,0.44189,0.79232,0.79089,0.99984,315.6,258.1,178.7,59.8,0.07242,0.0,,,,,,,,,,,
8.9478,270,0,56,chair,0.6807,0.29974,0.79362,0.50598,0.99962,206.3,258.2,105.6,59.3,0.04249,0.0,,,,,,,,,,,
8.9478,270,1,0,person,0.5098,0.43994,0.78776,0.78967,0.99989,314.8,257.4,179.1,61.1,0.07419,0.0,,,,,,,,,,,
8.9482,271,0,56,chair,0.6699,0.30005,0.79275,0.50616,0.99967,206.4,258.1,105.5,59.6,0.04265,0.0,,,,,,,,,,,
8.9482,271,1,0,person,0.5039,0.44055,0.78038,0.7887,1.0,314.7,256.4,178.3,63.3,0.07646,0.0,,,,,,,,,,,
8.9812,272,0,56,chair,0.6675,0.29993,0.79253,0.50903,0.99957,207.1,258.1,107.1,59.6,0.04329,0.0,,,,,,,,,,,
8.9812,272,1,0,person,0.5146,0.44006,0.7857,0.79236,0.99984,315.5,257.1,180.4,61.7,0.07544,0.0,,,,,,,,,,,
9.0478,273,0,56,chair,0.7178,0.30005,0.79329,0.5094,0.99967,207.2,258.2,107.2,59.4,0.04321,0.0,,,,,,,,,,,
9.0478,273,1,0,person,0.5298,0.43909,0.79427,0.79346,0.99962,315.5,258.3,181.4,59.1,0.07277,0.0,,,,,,,,,,,
9.0482,274,0,56,chair,0.731,0.29993,0.79384,0.5094,0.99978,207.2,258.3,107.2,59.3,0.04314,0.0,,,,,,,,,,,
9.0482,274,1,0,person,0.5303,0.4375,0.79546,0.79102,0.99973,314.5,258.5,181.0,58.8,0.07221,0.0,,,,,,,,,,,
9.0809,275,0,56,chair,0.7222,0.29956,0.79286,0.51154,0.99967,207.6,258.1,108.5,59.6,0.04384,0.0,,,,,,,,,,,
9.0809,275,1,0,person,0.521,0.43542,0.80002,0.79187,0.99935,314.2,259.1,182.5,57.4,0.07105,0.0,,,,,,,,,,,
9.1478,276,0,56,chair,0.7368,0.29987,0.79156,0.5116,0.99962,207.7,257.9,108.4,59.9,0.04405,0.0,,,,,,,,,,,
9.1481,277,0,56,chair,0.7456,0.29974,0.79373,0.5116,0.99967,207.7,258.2,108.5,59.3,0.04363,0.0,,,,,,,,,,,
9.1813,278,0,56,chair,0.7456,0.29968,0.79362,0.51154,0.99967,207.7,258.2,108.5,59.3,0.04365,0.0,,,,,,,,,,,
9.1813,278,1,0,person,0.5083,0.43848,0.79991,0.7948,0.99924,315.7,259.1,182.4,57.4,0.07103,0.0,,,,,,,,,,,
9.2143,279,0,56,chair,0.7563,0.29987,0.79395,0.5119,0.99967,207.8,258.3,108.6,59.2,0.04362,0.0,,,,,,,,,,,
9.2143,279,1,0,person,0.5176,0.43701,0.79785,0.79077,0.99935,314.3,258.8,181.1,58.0,0.07128,0.0,,,,,,,,,,,
9.248,280,0,56,chair,0.7139,0.30011,0.79297,0.51038,0.99967,207.5,258.1,107.7,59.5,0.04346,0.0,,,,,,,,,,,
9.248,280,1,0,person,0.5146,0.43835,0.79991,0.79321,0.9994,315.3,259.1,181.7,57.5,0.07079,0.0,,,,,,,,,,,
9.2812,281,0,56,chair,0.7144,0.30035,0.79243,0.51019,0.99962,207.5,258.1,107.4,59.7,0.04348,0.0,,,,,,,,,,,
9.2812,281,1,0,person,0.521,0.43933,0.79937,0.79382,0.99935,315.7,259.0,181.5,57.6,0.07089,0.0,,,,,,,,,,,
9.3478,282,0,56,chair,0.7163,0.30011,0.79319,0.51044,0.99973,207.5,258.2,107.7,59.5,0.04344,0.0,,,,,,,,,,,
9.3478,282,1,0,person,0.5122,0.43591,0.79818,0.79211,0.9994,314.4,258.9,182.4,58.0,0.07167,0.0,,,,,,,,,,,
9.3482,283,0,56,chair,0.7173,0.29999,0.79221,0.51019,0.99957,207.4,258.0,107.6,59.7,0.04359,0.0,,,,,,,,,,,
9.3482,283,1,0,person,0.5088,0.43604,0.80013,0.79126,0.99924,314.2,259.1,181.9,57.3,0.07073,0.0,,,,,,,,,,,
9.3807,284,0,56,chair,0.7402,0.2995,0.79373,0.5105,0.99967,207.4,258.2,108.0,59.3,0.04345,0.0,,,,,,,,,,,
9.4143,285,0,56,chair,0.7251,0.2998,0.79405,0.51031,0.99973,207.4,258.3,107.8,59.2,0.0433,0.0,,,,,,,,,,,
9.4143,285,1,0,person,0.5151,0.43689,0.80024,0.79211,0.9994,314.6,259.1,181.9,57.4,0.07075,0.0,,,,,,,,,,,
9.4472,286,0,56,chair,0.6948,0.29987,0.79232,0.51025,0.99962,207.4,258.0,107.7,59.7,0.04361,0.0,,,,,,,,,,,
9.4807,287,0,56,chair,0.7334,0.29999,0.7934,0.51154,0.99967,207.8,258.2,108.3,59.4,0.04364,0.0,,,,,,,,,,,
9.514,288,0,56,chair,0.6904,0.29987,0.79232,0.51056,0.99962,207.5,258.0,107.9,59.7,0.04368,0.0,,,,,,,,,,,
9.5477,289,0,56,chair,0.7222,0.29993,0.79275,0.51086,0.99967,207.6,258.1,108.0,59.6,0.04365,0.0,,,,,,,,,,,
9.5477,289,1,0,person,0.5029,0.43542,0.80512,0.79236,0.99989,314.3,259.9,182.8,56.1,0.06952,0.0,,,,,,,,,,,
9.5811,290,0,56,chair,0.7251,0.29987,0.79362,0.51044,0.99973,207.4,258.2,107.8,59.4,0.0434,0.0,,,,,,,,,,,
9.6143,291,0,56,chair,0.7451,0.29987,0.79362,0.50964,0.99973,207.2,258.2,107.4,59.4,0.04324,0.0,,,,,,,,,,,
9.6143,291,1,0,person,0.5049,0.43835,0.79872,0.79175,0.99957,314.9,259.0,180.9,57.8,0.07098,0.0,,,,,,,,,,,
9.6476,292,0,56,chair,0.7017,0.29974,0.79373,0.50909,0.99973,207.1,258.3,107.2,59.3,0.04313,0.0,,,,,,,,,,,
9.681,293,0,56,chair,0.6753,0.30017,0.79286,0.50836,0.99973,207.0,258.1,106.6,59.6,0.04307,0.0,,,,,,,,,,,
9.7143,294,0,56,chair,0.6958,0.29999,0.79351,0.51031,0.99962,207.4,258.2,107.7,59.4,0.04335,0.0,,,,,,,,,,,
9.7476,295,0,56,chair,0.6875,0.30029,0.79058,0.50946,0.99957,207.3,257.8,107.1,60.2,0.04371,0.0,,,,,,,,,,,
9.781,296,0,56,chair,0.6558,0.30017,0.79156,0.51123,0.99951,207.7,257.9,108.1,59.9,0.04389,0.0,,,,,,,,,,,
9.8478,297,0,56,chair,0.6792,0.29987,0.79145,0.51044,0.99951,207.4,257.9,107.8,59.9,0.04381,0.0,,,,,,,,,,,
9.8482,298,0,56,chair,0.7188,0.29999,0.79232,0.51099,0.9994,207.6,258.0,108.0,59.6,0.04369,0.0,,,,,,,,,,,
9.8811,299,0,56,chair,0.6958,0.29987,0.79243,0.51215,0.99951,207.9,258.0,108.7,59.6,0.04396,0.0,,,,,,,,,,,
9.9143,300,0,56,chair,0.6826,0.30017,0.79112,0.51367,0.9994,208.3,257.8,109.3,60.0,0.04447,0.0,,,,,,,,,,,
9.9472,301,0,56,chair,0.7192,0.30005,0.79199,0.51263,0.99957,208.0,258.0,108.8,59.8,0.04413,0.0,,,,,,,,,,,
9.9809,302,0,56,chair,0.7451,0.30017,0.79156,0.51227,0.99957,208.0,257.9,108.6,59.9,0.04412,0.0,,,,,,,,,,,
10.015,303,0,56,chair,0.7485,0.29974,0.7921,0.51392,0.99946,208.3,258.0,109.7,59.7,0.04441,0.0,,,,,,,,,,,
10.0479,304,0,56,chair,0.7305,0.29987,0.79102,0.51404,0.9994,208.4,257.8,109.7,60.0,0.04463,0.0,,,,,,,,,,,
10.081,305,0,56,chair,0.7432,0.30005,0.79156,0.51379,0.99935,208.3,257.9,109.4,59.8,0.04441,0.0,,,,,,,,,,,
10.1137,306,0,56,chair,0.771,0.30005,0.7921,0.51428,0.99946,208.5,258.0,109.7,59.7,0.04442,0.0,,,,,,,,,,,
10.1809,307,0,56,chair,0.7661,0.30017,0.79178,0.51404,0.99951,208.4,257.9,109.5,59.8,0.04443,0.0,,,,,,,,,,,
10.1812,308,0,56,chair,0.7725,0.29987,0.79232,0.51361,0.99951,208.3,258.0,109.4,59.7,0.04428,0.0,,,,,,,,,,,
10.1812,308,1,0,person,0.5234,0.42322,0.80219,0.86804,0.99957,330.6,259.5,227.7,56.8,0.0878,0.0,,,,,,,,,,,
10.2137,309,0,56,chair,0.77,0.29987,0.79232,0.51398,0.99951,208.3,258.0,109.6,59.7,0.04436,0.0,,,,,,,,,,,
10.2474,310,0,56,chair,0.7476,0.30029,0.79178,0.51373,0.99946,208.4,257.9,109.3,59.8,0.04433,0.0,,,,,,,,,,,
10.281,311,0,56,chair,0.7051,0.30035,0.78939,0.51404,0.99929,208.5,257.6,109.4,60.5,0.04485,0.0,,,,,,,,,,,
10.281,311,1,74,clock,0.501,0.02885,0.5255,0.0641,0.60802,23.8,163.2,18.0,23.8,0.00291,0.0,,,,,,,,,,,
10.3138,312,0,56,chair,0.7124,0.30029,0.79167,0.51385,0.99946,208.4,257.9,109.3,59.8,0.04438,0.0,,,,,,,,,,,
10.3476,313,0,56,chair,0.7251,0.30023,0.7908,0.51355,0.9994,208.3,257.8,109.2,60.1,0.0445,0.0,,,,,,,,,,,
10.4141,314,0,56,chair,0.7295,0.30017,0.79188,0.51349,0.9994,208.3,257.9,109.2,59.8,0.04427,0.0,,,,,,,,,,,
10.4145,315,0,56,chair,0.7212,0.30048,0.79047,0.51105,0.99946,207.8,257.7,107.8,60.2,0.04401,0.0,,,,,,,,,,,
10.4476,316,0,56,chair,0.7285,0.29999,0.79221,0.51062,0.99946,207.5,258.0,107.8,59.7,0.04365,0.0,,,,,,,,,,,
10.4476,316,1,0,person,0.5015,0.43982,0.80263,0.80261,0.99957,318.1,259.5,185.7,56.7,0.07145,0.0,,,,,,,,,,,
10.4808,317,0,56,chair,0.7119,0.30048,0.79004,0.50995,0.99962,207.5,257.7,107.2,60.4,0.0439,0.0,,,,,,,,,,,
10.5139,318,0,56,chair,0.7163,0.30023,0.78961,0.50964,0.9994,207.3,257.6,107.2,60.4,0.04393,0.0,,,,,,,,,,,
10.5474,319,0,56,chair,0.7124,0.30048,0.79167,0.50989,0.99957,207.5,257.9,107.2,59.9,0.04354,0.0,,,,,,,,,,,
10.614,320,0,56,chair,0.7114,0.30029,0.79329,0.51068,0.99962,207.6,258.2,107.7,59.4,0.04341,0.0,,,,,,,,,,,
10.6143,321,0,56,chair,0.6885,0.30011,0.79188,0.50989,0.99957,207.4,258.0,107.4,59.8,0.04357,0.0,,,,,,,,,,,
10.6475,322,0,56,chair,0.7217,0.30029,0.79286,0.50861,0.99978,207.1,258.1,106.7,59.6,0.04311,0.0,,,,,,,,,,,
10.6475,322,1,0,person,0.5078,0.44153,0.79546,0.79504,0.99967,316.6,258.5,181.0,58.8,0.07219,0.0,,,,,,,,,,,
10.7141,323,0,56,chair,0.645,0.29999,0.79047,0.50708,0.99967,206.6,257.8,106.0,60.2,0.04332,0.0,,,,,,,,,,,
10.7145,324,0,56,chair,0.7114,0.30017,0.79329,0.50623,0.99967,206.4,258.2,105.5,59.4,0.04253,0.0,,,,,,,,,,,
10.7145,324,1,0,person,0.5098,0.44165,0.79178,0.79187,0.99978,315.8,258.0,179.3,59.9,0.07285,0.0,,,,,,,,,,,
10.7474,325,0,56,chair,0.7373,0.30005,0.79308,0.50604,0.99978,206.4,258.2,105.5,59.5,0.04258,0.0,,,,,,,,,,,
10.7474,325,1,0,person,0.5151,0.44104,0.78906,0.79126,0.99989,315.5,257.6,179.3,60.7,0.07384,0.0,,,,,,,,,,,
10.8139,326,0,56,chair,0.6875,0.30023,0.79134,0.50635,0.99967,206.5,257.9,105.5,60.0,0.04294,0.0,,,,,,,,,,,
10.8139,326,1,0,person,0.5098,0.44263,0.79167,0.79285,0.99989,316.3,258.0,179.3,60.0,0.07292,0.0,,,,,,,,,,,
10.8473,327,0,56,chair,0.7148,0.30048,0.79058,0.50909,0.99973,207.2,257.8,106.8,60.2,0.04363,0.0,,,,,,,,,,,
10.8473,327,1,0,person,0.5288,0.44055,0.79503,0.78967,0.99973,314.9,258.4,178.7,59.0,0.07146,0.0,,,,,,,,,,,
10.8476,328,0,56,chair,0.6836,0.30035,0.79167,0.50934,0.99946,207.3,257.9,107.0,59.8,0.04343,0.0,,,,,,,,,,,
10.8476,328,1,74,clock,0.5059,0.02885,0.52588,0.06427,0.60802,23.8,163.3,18.1,23.7,0.00291,0.0,,,,,,,,,,,
10.8808,329,0,56,chair,0.6924,0.30023,0.79145,0.50989,0.9994,207.4,257.9,107.3,59.9,0.0436,0.0,,,,,,,,,,,
10.8808,329,1,0,person,0.5122,0.44238,0.79839,0.80249,0.99946,318.7,258.9,184.4,57.9,0.07241,0.0,,,,,,,,,,,
10.914,330,0,56,chair,0.688,0.2998,0.79047,0.51056,0.9994,207.5,257.7,107.9,60.2,0.04403,0.0,,,,,,,,,,,
10.9807,331,0,56,chair,0.709,0.30029,0.78863,0.5119,0.9994,207.9,257.5,108.3,60.7,0.0446,0.0,,,,,,,,,,,
11.0141,332,0,56,chair,0.7095,0.29993,0.79123,0.51135,0.9994,207.7,257.9,108.2,60.0,0.04401,0.0,,,,,,,,,,,
11.0141,332,1,0,person,0.5132,0.42444,0.79774,0.86353,0.99978,329.7,258.8,224.8,58.2,0.08871,0.0,,,,,,,,,,,
11.0145,333,0,56,chair,0.6973,0.30011,0.78993,0.51099,0.9994,207.6,257.7,108.0,60.3,0.04417,0.0,,,,,,,,,,,
11.0145,333,1,0,person,0.5078,0.42224,0.79818,0.86169,0.99978,328.7,258.9,225.0,58.1,0.08859,0.0,,,,,,,,,,,
11.0808,334,0,56,chair,0.6919,0.30005,0.79047,0.51031,0.9994,207.5,257.7,107.7,60.2,0.04393,0.0,,,,,,,,,,,
11.0808,334,1,0,person,0.5259,0.42444,0.79612,0.8678,0.99978,330.8,258.6,227.0,58.7,0.09029,0.0,,,,,,,,,,,
11.1139,335,0,56,chair,0.6978,0.29999,0.79047,0.51019,0.9994,207.4,257.7,107.6,60.2,0.04392,0.0,,,,,,,,,,,
11.1139,335,1,0,person,0.5063,0.42102,0.79612,0.86743,0.99978,329.8,258.6,228.6,58.7,0.09092,0.0,,,,,,,,,,,
11.1143,336,0,56,chair,0.7202,0.29968,0.79156,0.51001,0.99946,207.3,257.9,107.7,59.9,0.04373,0.0,,,,,,,,,,,
11.1143,336,1,0,person,0.5005,0.42285,0.79894,0.86621,0.99978,330.0,259.0,227.0,57.8,0.08904,0.0,,,,,,,,,,,
11.1473,337,0,56,chair,0.6802,0.30029,0.79058,0.5097,0.99946,207.4,257.8,107.2,60.2,0.04374,0.0,,,,,,,,,,,
11.1803,338,0,56,chair,0.7495,0.29987,0.79112,0.50983,0.99962,207.3,257.9,107.5,60.0,0.04378,0.0,,,,,,,,,,,
11.1803,338,1,0,person,0.5059,0.42224,0.79688,0.86768,0.99957,330.2,258.7,228.1,58.4,0.09029,0.0,,,,,,,,,,,
11.2139,339,0,56,chair,0.7197,0.2998,0.79264,0.5094,0.99962,207.2,258.1,107.3,59.6,0.04338,0.0,,,,,,,,,,,
11.254,340,0,56,chair,0.7119,0.30011,0.79145,0.50977,0.99951,207.3,257.9,107.3,59.9,0.04362,0.0,,,,,,,,,,,
11.2806,341,0,56,chair,0.7163,0.30011,0.79091,0.51068,0.99957,207.6,257.8,107.8,60.1,0.04394,0.0,,,,,,,,,,,
11.3472,342,0,56,chair,0.7524,0.30029,0.79221,0.51068,0.99957,207.6,258.0,107.7,59.7,0.04363,0.0,,,,,,,,,,,
11.3475,343,0,56,chair,0.7271,0.30011,0.79286,0.51276,0.99957,208.1,258.1,108.9,59.5,0.04396,0.0,,,,,,,,,,,
11.3807,344,0,56,chair,0.7397,0.29962,0.79286,0.513,0.99957,208.0,258.1,109.3,59.5,0.04411,0.0,,,,,,,,,,,
11.4135,345,0,56,chair,0.7324,0.29993,0.79112,0.51385,0.99951,208.3,257.9,109.5,60.0,0.04458,0.0,,,,,,,,,,,
11.4808,346,0,56,chair,0.7427,0.30017,0.79297,0.5141,0.99957,208.5,258.1,109.5,59.5,0.0442,0.0,,,,,,,,,,,
11.4811,347,0,56,chair,0.7144,0.29987,0.79286,0.5127,0.99951,208.0,258.1,109.0,59.5,0.04398,0.0,,,,,,,,,,,
11.4811,347,1,0,person,0.5034,0.43726,0.80707,0.79773,0.99957,316.2,260.2,184.6,55.4,0.06939,0.0,,,,,,,,,,,
11.5138,348,0,56,chair,0.7197,0.29987,0.79221,0.51038,0.99962,207.4,258.0,107.8,59.7,0.04366,0.0,,,,,,,,,,,
11.5138,348,1,0,person,0.5024,0.4314,0.8036,0.79895,0.99957,315.0,259.7,188.2,56.4,0.07203,0.0,,,,,,,,,,,
11.5806,349,0,56,chair,0.7163,0.29999,0.79438,0.50793,0.99957,206.8,258.3,106.5,59.1,0.04267,0.0,,,,,,,,,,,
11.6138,350,0,56,chair,0.7021,0.29968,0.79297,0.50702,0.99962,206.5,258.1,106.2,59.5,0.04285,0.0,,,,,,,,,,,
11.6138,350,1,0,person,0.5107,0.43958,0.79622,0.79529,0.99967,316.1,258.6,182.1,58.6,0.07237,0.0,,,,,,,,,,,
11.6142,351,0,56,chair,0.7183,0.30011,0.79449,0.5069,0.99978,206.6,258.4,105.9,59.1,0.04245,0.0,,,,,,,,,,,
11.6472,352,0,56,chair,0.6831,0.30029,0.79286,0.5069,0.99978,206.6,258.1,105.8,59.6,0.04275,0.0,,,,,,,,,,,
11.6804,353,0,56,chair,0.6929,0.29999,0.79058,0.50677,0.99957,206.5,257.8,105.9,60.2,0.04321,0.0,,,,,,,,,,,
11.7471,354,0,56,chair,0.6982,0.29968,0.79188,0.50775,0.99967,206.7,258.0,106.5,59.8,0.04323,0.0,,,,,,,,,,,
11.7475,355,0,56,chair,0.7119,0.29993,0.79221,0.50562,0.99978,206.2,258.0,105.3,59.8,0.0427,0.0,,,,,,,,,,,
11.7475,355,1,0,person,0.5078,0.4408,0.79351,0.79126,0.99967,315.4,258.2,179.4,59.4,0.07225,0.0,,,,,,,,,,,
11.8138,356,0,56,chair,0.7495,0.29987,0.79536,0.5047,0.99978,206.0,258.5,104.9,58.9,0.04187,0.0,,,,,,,,,,,
11.8138,356,1,0,person,0.5112,0.44226,0.7883,0.79041,0.99989,315.6,257.5,178.3,60.9,0.07367,0.0,,,,,,,,,,,
11.8142,357,0,56,chair,0.7344,0.29999,0.79449,0.50494,0.99978,206.1,258.4,104.9,59.1,0.04207,0.0,,,,,,,,,,,
11.8142,357,1,0,person,0.5015,0.43835,0.78168,0.7937,0.99995,315.4,256.6,181.9,62.9,0.07756,0.0,,,,,,,,,,,
11.8806,358,0,56,chair,0.707,0.29999,0.79308,0.50397,0.99967,205.8,258.2,104.4,59.5,0.04214,0.0,,,,,,,,,,,
11.8806,358,1,0,person,0.5039,0.44019,0.77886,0.79773,1.00005,316.9,256.2,183.1,63.7,0.07908,0.0,,,,,,,,,,,
11.881,359,0,56,chair,0.7158,0.30005,0.79395,0.50372,0.99978,205.8,258.3,104.3,59.3,0.04192,0.0,,,,,,,,,,,
11.9139,360,0,56,chair,0.6807,0.30035,0.79275,0.50372,0.99973,205.8,258.1,104.1,59.6,0.04209,0.0,,,,,,,,,,,
11.9472,361,0,56,chair,0.6899,0.30029,0.79232,0.50452,0.99978,206.0,258.1,104.6,59.7,0.04237,0.0,,,,,,,,,,,
12.0138,362,0,56,chair,0.6865,0.30005,0.79275,0.50482,0.99973,206.0,258.1,104.8,59.6,0.04238,0.0,,,,,,,,,,,
12.0467,363,0,56,chair,0.6904,0.30017,0.79308,0.50464,0.99978,206.0,258.2,104.7,59.5,0.04226,0.0,,,,,,,,,,,
12.0805,364,0,56,chair,0.7031,0.30011,0.79536,0.50452,0.99973,206.0,258.5,104.7,58.9,0.04178,0.0,,,,,,,,,,,
12.0805,364,1,0,person,0.5269,0.43677,0.77159,0.79199,0.99995,314.6,255.1,181.9,65.8,0.08112,0.0,,,,,,,,,,,
12.0809,365,0,56,chair,0.7251,0.29999,0.79525,0.50476,0.99973,206.0,258.5,104.8,58.9,0.04187,0.0,,,,,,,,,,,
12.0809,365,1,0,person,0.5205,0.4364,0.77018,0.78979,1.0,313.9,254.9,180.9,66.2,0.08122,0.0,,,,,,,,,,,
12.1136,366,0,56,chair,0.7051,0.2998,0.79308,0.50549,0.99973,206.2,258.2,105.3,59.5,0.04251,0.0,,,,,,,,,,,
12.1471,367,0,56,chair,0.7017,0.29999,0.79264,0.50525,0.99973,206.1,258.1,105.1,59.6,0.04251,0.0,,,,,,,,,,,
12.1804,368,0,56,chair,0.7012,0.30017,0.79319,0.50476,0.99967,206.1,258.2,104.8,59.5,0.04224,0.0,,,,,,,,,,,
12.2136,369,0,56,chair,0.7163,0.30023,0.7934,0.50629,0.99973,206.5,258.2,105.5,59.4,0.04252,0.0,,,,,,,,,,,
12.2474,370,0,56,chair,0.7075,0.30017,0.79308,0.50726,0.99973,206.7,258.2,106.0,59.5,0.0428,0.0,,,,,,,,,,,
12.2805,371,0,56,chair,0.7163,0.30023,0.7947,0.50732,0.99978,206.7,258.4,106.0,59.1,0.04247,0.0,,,,,,,,,,,
12.3136,372,0,56,chair,0.7207,0.29999,0.79373,0.50677,0.99973,206.5,258.3,105.9,59.3,0.0426,0.0,,,,,,,,,,,
12.347,373,0,56,chair,0.6978,0.2998,0.79481,0.50641,0.99973,206.4,258.4,105.8,59.0,0.04234,0.0,,,,,,,,,,,
12.347,373,1,0,person,0.5015,0.43567,0.79286,0.79041,0.99978,313.9,258.1,181.6,59.6,0.0734,0.0,,,,,,,,,,,
12.3801,374,0,56,chair,0.7065,0.29987,0.79384,0.50488,0.99973,206.0,258.3,105.0,59.3,0.04221,0.0,,,,,,,,,,,
12.4139,375,0,56,chair,0.7417,0.29974,0.79492,0.50488,0.99973,206.0,258.4,105.0,59.0,0.04201,0.0,,,,,,,,,,,
12.4139,375,1,0,person,0.5093,0.43604,0.77745,0.78882,0.99989,313.6,255.9,180.6,64.1,0.07847,0.0,,,,,,,,,,,
12.4472,376,0,56,chair,0.7339,0.2998,0.79438,0.50543,0.99978,206.1,258.4,105.3,59.2,0.04224,0.0,,,,,,,,,,,
12.48,377,0,56,chair,0.7241,0.30017,0.79384,0.50519,0.99978,206.2,258.3,105.0,59.3,0.04222,0.0,,,,,,,,,,,
12.48,377,1,0,person,0.5059,0.43701,0.7832,0.78992,0.99989,314.1,256.8,180.7,62.4,0.07647,0.0,,,,,,,,,,,
12.5141,378,0,56,chair,0.7217,0.30017,0.79395,0.50659,0.99978,206.5,258.3,105.7,59.3,0.04249,0.0,,,,,,,,,,,
12.5141,378,1,0,person,0.5156,0.43872,0.79123,0.78967,0.99989,314.5,257.9,179.7,60.1,0.07323,0.0,,,,,,,,,,,
12.5141,378,2,74,clock,0.5068,0.02864,0.5261,0.06406,0.60832,23.7,163.4,18.1,23.7,0.00291,0.0,,,,,,,,,,,
12.5471,379,0,56,chair,0.7139,0.30011,0.79286,0.50702,0.99973,206.6,258.1,105.9,59.6,0.0428,0.0,,,,,,,,,,,
12.5804,380,0,56,chair,0.7202,0.29968,0.79362,0.50751,0.99973,206.6,258.2,106.4,59.4,0.04284,0.0,,,,,,,,,,,
12.5804,380,1,0,person,0.5103,0.43823,0.80143,0.79919,0.99957,316.8,259.3,184.8,57.1,0.07152,0.0,,,,,,,,,,,
12.6134,381,0,56,chair,0.7368,0.29999,0.79199,0.50836,0.99973,206.9,258.0,106.7,59.8,0.04329,0.0,,,,,,,,,,,
12.6134,381,1,0,person,0.5112,0.4386,0.80078,0.80408,0.99957,318.1,259.3,187.1,57.3,0.07265,0.0,,,,,,,,,,,
12.6466,382,0,56,chair,0.7158,0.30011,0.79243,0.50977,0.99957,207.3,258.0,107.3,59.7,0.04343,0.0,,,,,,,,,,,
12.6801,383,0,56,chair,0.7192,0.29956,0.79297,0.51013,0.99962,207.3,258.1,107.8,59.5,0.04351,0.0,,,,,,,,,,,
12.7136,384,0,56,chair,0.6807,0.29999,0.79134,0.50995,0.9994,207.3,257.9,107.5,59.9,0.04368,0.0,,,,,,,,,,,
12.7467,385,0,56,chair,0.7197,0.29999,0.79221,0.51031,0.99962,207.4,258.0,107.7,59.7,0.04362,0.0,,,,,,,,,,,
12.7467,385,1,0,person,0.5063,0.43872,0.80046,0.79968,0.99957,317.0,259.2,184.8,57.3,0.07187,0.0,,,,,,,,,,,
12.7804,386,0,56,chair,0.709,0.29987,0.79319,0.50854,0.99967,207.0,258.2,106.8,59.5,0.04309,0.0,,,,,,,,,,,
12.7804,386,1,0,person,0.5068,0.43909,0.80143,0.79724,0.99957,316.5,259.3,183.4,57.1,0.07096,0.0,,,,,,,,,,,
12.8135,387,0,56,chair,0.7124,0.29999,0.79253,0.50812,0.99962,206.9,258.1,106.6,59.6,0.0431,0.0,,,,,,,,,,,
12.8472,388,0,56,chair,0.6836,0.29999,0.79199,0.50818,0.99962,206.9,258.0,106.6,59.8,0.04323,0.0,,,,,,,,,,,
12.8472,388,1,0,person,0.5059,0.43518,0.80002,0.79077,0.99957,313.8,259.1,182.1,57.5,0.07096,0.0,,,,,,,,,,,
12.8804,389,0,56,chair,0.6953,0.30011,0.79243,0.50824,0.99973,206.9,258.1,106.6,59.7,0.04315,0.0,,,,,,,,,,,
12.9135,390,0,56,chair,0.6938,0.29999,0.79232,0.50818,0.99957,206.9,258.0,106.6,59.7,0.04315,0.0,,,,,,,,,,,
12.9473,391,0,56,chair,0.7197,0.30011,0.79329,0.50861,0.99973,207.0,258.2,106.8,59.5,0.04304,0.0,,,,,,,,,,,
12.9802,392,0,56,chair,0.7627,0.29987,0.79427,0.50916,0.99962,207.1,258.3,107.2,59.1,0.04298,0.0,,,,,,,,,,,
12.9802,392,1,0,person,0.5088,0.43713,0.80056,0.79321,0.99951,315.0,259.2,182.3,57.3,0.07084,0.0,,,,,,,,,,,
13.0136,393,0,56,chair,0.7368,0.29987,0.79427,0.50885,0.99962,207.0,258.3,107.0,59.1,0.04291,0.0,,,,,,,,,,,
13.0136,393,1,0,person,0.5088,0.4375,0.79991,0.79248,0.99951,314.9,259.1,181.7,57.5,0.07085,0.0,,,,,,,,,,,
13.0472,394,0,56,chair,0.7129,0.2998,0.79351,0.50995,0.99957,207.3,258.2,107.6,59.3,0.0433,0.0,,,,,,,,,,,
13.0472,394,1,0,person,0.5024,0.43555,0.80154,0.79211,0.99946,314.3,259.3,182.6,57.0,0.07057,0.0,,,,,,,,,,,
13.1135,395,0,56,chair,0.7178,0.2998,0.79253,0.50861,0.99957,207.0,258.1,106.9,59.6,0.04323,0.0,,,,,,,,,,,
13.1135,395,1,0,person,0.501,0.43555,0.8036,0.79114,0.99957,314.0,259.7,182.1,56.4,0.06968,0.0,,,,,,,,,,,
13.1139,396,0,56,chair,0.7041,0.29999,0.79178,0.51019,0.99962,207.4,258.0,107.6,59.9,0.04369,0.0,,,,,,,,,,,
13.147,397,0,56,chair,0.7305,0.29987,0.79286,0.51044,0.99962,207.4,258.1,107.8,59.5,0.04354,0.0,,,,,,,,,,,
13.147,397,1,0,person,0.501,0.43762,0.80404,0.79187,0.99957,314.7,259.7,181.4,56.3,0.06927,0.0,,,,,,,,,,,
13.2133,398,0,56,chair,0.7202,0.30017,0.79286,0.51074,0.99967,207.6,258.1,107.8,59.6,0.04355,0.0,,,,,,,,,,,
13.2133,398,1,0,person,0.5054,0.43726,0.80501,0.79138,0.99946,314.5,259.8,181.3,56.0,0.06886,0.0,,,,,,,,,,,
13.2136,399,0,56,chair,0.7163,0.30017,0.79156,0.51013,0.99957,207.4,257.9,107.5,59.9,0.04367,0.0,,,,,,,,,,,
13.2527,400,0,56,chair,0.6699,0.30017,0.79134,0.5097,0.99951,207.3,257.9,107.3,60.0,0.04362,0.0,,,,,,,,,,,
13.2804,401,0,56,chair,0.6973,0.29987,0.79112,0.51001,0.99946,207.3,257.8,107.6,60.0,0.04378,0.0,,,,,,,,,,,
13.3136,402,0,56,chair,0.6963,0.30011,0.79243,0.51074,0.99951,207.6,258.0,107.8,59.6,0.04362,0.0,,,,,,,,,,,
13.3472,403,0,56,chair,0.7021,0.29999,0.79286,0.5116,0.99951,207.8,258.1,108.3,59.5,0.04373,0.0,,,,,,,,,,,
13.3803,404,0,56,chair,0.7319,0.29974,0.79329,0.51306,0.99957,208.1,258.2,109.2,59.4,0.044,0.0,,,,,,,,,,,
13.4134,405,0,56,chair,0.729,0.30005,0.79253,0.51337,0.99957,208.2,258.1,109.2,59.6,0.04417,0.0,,,,,,,,,,,
13.4796,406,0,56,chair,0.7285,0.30005,0.79329,0.51343,0.99951,208.3,258.2,109.3,59.4,0.044,0.0,,,,,,,,,,,
13.5132,407,0,56,chair,0.7188,0.2998,0.79286,0.51324,0.99951,208.1,258.1,109.3,59.5,0.04411,0.0,,,,,,,,,,,
13.5135,408,0,56,chair,0.7144,0.30017,0.79232,0.513,0.99951,208.2,258.0,109.0,59.7,0.0441,0.0,,,,,,,,,,,
13.5468,409,0,56,chair,0.7295,0.29993,0.7921,0.51245,0.99946,208.0,258.0,108.8,59.7,0.04407,0.0,,,,,,,,,,,
13.5796,410,0,56,chair,0.7295,0.30017,0.79178,0.51062,0.99946,207.6,257.9,107.8,59.8,0.04371,0.0,,,,,,,,,,,
13.6131,411,0,56,chair,0.7163,0.30023,0.79188,0.50952,0.99946,207.3,258.0,107.2,59.8,0.04344,0.0,,,,,,,,,,,
13.6131,411,1,0,person,0.5063,0.44067,0.80273,0.79895,0.99967,317.3,259.5,183.4,56.7,0.07056,0.0,,,,,,,,,,,
13.6468,412,0,56,chair,0.689,0.29993,0.7921,0.51001,0.99951,207.3,258.0,107.6,59.7,0.04357,0.0,,,,,,,,,,,
13.6802,413,0,56,chair,0.7271,0.29999,0.79308,0.5094,0.99967,207.2,258.2,107.2,59.5,0.04326,0.0,,,,,,,,,,,
13.6802,413,1,0,person,0.5063,0.43811,0.79915,0.79297,0.99957,315.2,259.0,181.7,57.7,0.07112,0.0,,,,,,,,,,,
13.7136,414,0,56,chair,0.71,0.30023,0.7921,0.51025,0.99957,207.5,258.0,107.5,59.8,0.04357,0.0,,,,,,,,,,,
13.7136,414,1,0,person,0.5039,0.43701,0.79796,0.78894,0.99962,313.8,258.9,180.2,58.1,0.07097,0.0,,,,,,,,,,,
13.7468,415,0,56,chair,0.7466,0.30017,0.79308,0.50909,0.99973,207.2,258.2,107.0,59.5,0.04317,0.0,,,,,,,,,,,
13.7468,415,1,0,person,0.5098,0.4386,0.79688,0.79053,0.99957,314.7,258.7,180.2,58.4,0.07133,0.0,,,,,,,,,,,
13.7802,416,0,56,chair,0.7261,0.30011,0.79123,0.51007,0.99973,207.4,257.9,107.5,60.0,0.04378,0.0,,,,,,,,,,,
13.7802,416,1,0,person,0.5259,0.43958,0.79818,0.78772,0.99962,314.2,258.9,178.2,58.0,0.07013,0.0,,,,,,,,,,,
13.8135,417,0,56,chair,0.7251,0.30042,0.79232,0.51056,0.99967,207.6,258.0,107.6,59.7,0.04357,0.0,,,,,,,,,,,
13.8135,417,1,0,person,0.5132,0.43909,0.80154,0.79224,0.99962,315.2,259.4,180.8,57.0,0.06995,0.0,,,,,,,,,,,
13.8467,418,0,56,chair,0.7061,0.29974,0.79167,0.51062,0.99951,207.5,257.9,108.0,59.9,0.04383,0.0,,,,,,,,,,,
13.8799,419,0,56,chair,0.71,0.30005,0.79319,0.51166,0.99962,207.8,258.2,108.3,59.5,0.04368,0.0,,,,,,,,,,,
13.9133,420,0,56,chair,0.7119,0.29999,0.79178,0.51227,0.99973,207.9,258.0,108.7,59.9,0.04414,0.0,,,,,,,,,,,
13.9465,421,0,56,chair,0.6938,0.29974,0.7908,0.51245,0.9994,207.9,257.8,108.9,60.1,0.04437,0.0,,,,,,,,,,,
14.0133,422,0,56,chair,0.7021,0.29999,0.7921,0.51263,0.99951,208.0,258.0,108.9,59.7,0.0441,0.0,,,,,,,,,,,
14.0136,423,0,56,chair,0.6865,0.29999,0.79091,0.51147,0.99957,207.7,257.8,108.3,60.1,0.04413,0.0,,,,,,,,,,,
14.0465,424,0,56,chair,0.6807,0.30011,0.79123,0.5127,0.9994,208.1,257.9,108.8,60.0,0.04425,0.0,,,,,,,,,,,
14.0795,425,0,56,chair,0.7251,0.30048,0.79102,0.51337,0.99946,208.3,257.8,109.0,60.0,0.04437,0.0,,,,,,,,,,,
14.0795,425,1,0,person,0.5068,0.44214,0.80892,0.79944,0.99957,317.8,260.4,182.9,54.9,0.06812,0.0,,,,,,,,,,,
14.1133,426,0,56,chair,0.7002,0.29987,0.78971,0.51324,0.9994,208.2,257.6,109.2,60.4,0.04474,0.0,,,,,,,,,,,
14.1467,427,0,56,chair,0.7192,0.29974,0.79004,0.51373,0.9994,208.2,257.7,109.6,60.3,0.0448,0.0,,,,,,,,,,,
14.1797,428,0,56,chair,0.7148,0.29993,0.79112,0.51343,0.9994,208.2,257.8,109.3,60.0,0.04447,0.0,,,,,,,,,,,
14.1797,428,1,0,person,0.5044,0.44141,0.80686,0.81628,0.99967,322.0,260.1,191.9,55.5,0.07228,0.0,,,,,,,,,,,
14.2139,429,0,56,chair,0.728,0.29993,0.79069,0.51312,0.99935,208.1,257.8,109.2,60.1,0.04448,0.0,,,,,,,,,,,
14.2468,430,0,56,chair,0.7314,0.2998,0.79026,0.51282,0.99946,208.0,257.7,109.1,60.2,0.04456,0.0,,,,,,,,,,,
14.2799,431,0,56,chair,0.7295,0.30005,0.79091,0.51282,0.9994,208.1,257.8,108.9,60.0,0.04436,0.0,,,,,,,,,,,
14.2799,431,1,0,person,0.5317,0.44604,0.79774,0.82751,0.99978,326.0,258.8,195.3,58.2,0.07707,0.0,,,,,,,,,,,
14.3129,432,0,56,chair,0.7324,0.30005,0.79102,0.51288,0.99929,208.1,257.8,109.0,60.0,0.04433,0.0,,,,,,,,,,,
14.3129,432,1,0,person,0.5278,0.44397,0.79503,0.83447,0.99984,327.3,258.5,199.9,59.0,0.07998,0.0,,,,,,,,,,,
14.3463,433,0,56,chair,0.7207,0.30011,0.78852,0.51337,0.99935,208.3,257.5,109.2,60.7,0.04496,0.0,,,,,,,,,,,
14.3463,433,1,0,person,0.5225,0.44458,0.79503,0.82715,0.99957,325.6,258.4,195.9,58.9,0.07825,0.0,,,,,,,,,,,
14.3802,434,0,56,chair,0.7017,0.30042,0.78754,0.51367,0.9994,208.4,257.3,109.2,61.0,0.04518,0.0,,,,,,,,,,,
14.3802,434,1,0,person,0.5146,0.4458,0.79243,0.83398,0.99967,327.6,258.1,198.7,59.7,0.08045,0.0,,,,,,,,,,,
14.3802,434,2,74,clock,0.502,0.02855,0.5258,0.06425,0.60859,23.8,163.4,18.3,23.8,0.00296,0.0,,,,,,,,,,,
14.4133,435,0,56,chair,0.6846,0.30023,0.78787,0.51349,0.9994,208.3,257.4,109.2,60.9,0.04511,0.0,,,,,,,,,,,
14.4133,435,1,0,person,0.5273,0.45081,0.79123,0.82776,0.99967,327.3,257.9,193.0,60.0,0.07857,0.0,,,,,,,,,,,
14.4466,436,0,56,chair,0.7051,0.30005,0.78928,0.51337,0.9994,208.2,257.6,109.2,60.5,0.04482,0.0,,,,,,,,,,,
14.4466,436,1,0,person,0.5342,0.45093,0.79156,0.82068,0.99967,325.5,257.9,189.3,59.9,0.07695,0.0,,,,,,,,,,,
14.4797,437,0,56,chair,0.7529,0.30042,0.79026,0.51306,0.99951,208.3,257.7,108.9,60.3,0.04449,0.0,,,,,,,,,,,
14.4797,437,1,0,person,0.5298,0.4502,0.79308,0.82178,0.99962,325.6,258.1,190.2,59.5,0.07675,0.0,,,,,,,,,,,
14.5129,438,0,56,chair,0.7222,0.30054,0.78993,0.51312,0.9994,208.3,257.7,108.8,60.3,0.04453,0.0,,,,,,,,,,,
14.5129,438,1,0,person,0.5308,0.45178,0.79145,0.82324,0.99962,326.4,257.9,190.2,60.0,0.07733,0.0,,,,,,,,,,,
14.5129,438,2,74,clock,0.5029,0.02872,0.52618,0.06393,0.60813,23.7,163.3,18.0,23.6,0.00289,0.0,,,,,,,,,,,
14.5465,439,0,56,chair,0.7051,0.29993,0.787,0.51251,0.9994,208.0,257.2,108.8,61.2,0.04515,0.0,,,,,,,,,,,
14.5465,439,1,0,person,0.5093,0.45129,0.7895,0.82544,0.99967,326.8,257.6,191.6,60.5,0.07864,0.0,,,,,,,,,,,
14.5799,440,0,56,chair,0.7109,0.30023,0.78852,0.51239,0.9994,208.0,257.5,108.6,60.7,0.04474,0.0,,,,,,,,,,,
14.5799,440,1,0,person,0.5308,0.4541,0.78657,0.82568,0.99984,327.6,257.2,190.2,61.4,0.07925,0.0,,,,,,,,,,,
14.6129,441,0,56,chair,0.7163,0.30011,0.7883,0.51123,0.99935,207.7,257.4,108.1,60.8,0.04456,0.0,,,,,,,,,,,
14.6129,441,1,0,person,0.522,0.45215,0.78006,0.81995,0.99984,325.7,256.3,188.3,63.3,0.08084,0.0,,,,,,,,,,,
14.6463,442,0,56,chair,0.6982,0.30023,0.78939,0.51111,0.99935,207.7,257.6,108.0,60.5,0.04428,0.0,,,,,,,,,,,
14.6463,442,1,0,person,0.5088,0.44971,0.78016,0.823,0.99984,325.8,256.3,191.1,63.3,0.082,0.0,,,,,,,,,,,
14.6798,443,0,56,chair,0.7046,0.30029,0.7895,0.51147,0.9994,207.8,257.6,108.1,60.5,0.04433,0.0,,,,,,,,,,,
14.6798,443,1,0,person,0.5273,0.44739,0.77973,0.81604,0.99989,323.4,256.3,188.7,63.4,0.08116,0.0,,,,,,,,,,,
14.713,444,0,56,chair,0.6978,0.30017,0.78787,0.51166,0.9994,207.8,257.4,108.3,60.9,0.04474,0.0,,,,,,,,,,,
14.713,444,1,0,person,0.5024,0.45117,0.78396,0.82507,0.99978,326.7,256.9,191.4,62.2,0.0807,0.0,,,,,,,,,,,
14.7469,445,0,56,chair,0.7212,0.30017,0.78787,0.51178,0.9994,207.9,257.4,108.3,60.9,0.04476,0.0,,,,,,,,,,,
14.7469,445,1,0,person,0.5234,0.44873,0.78407,0.81909,0.99989,324.6,256.9,189.6,62.2,0.07993,0.0,,,,,,,,,,,
14.7798,446,0,56,chair,0.6729,0.30005,0.78874,0.51068,0.99935,207.5,257.5,107.8,60.7,0.04436,0.0,,,,,,,,,,,
14.8127,447,0,56,chair,0.7021,0.29993,0.78971,0.5108,0.9994,207.5,257.6,108.0,60.4,0.04422,0.0,,,,,,,,,,,
14.8127,447,1,0,person,0.5107,0.44543,0.77854,0.82092,0.99989,324.2,256.1,192.3,63.7,0.08311,0.0,,,,,,,,,,,
14.8466,448,0,56,chair,0.6675,0.30035,0.7895,0.51093,0.9994,207.7,257.6,107.8,60.5,0.0442,0.0,,,,,,,,,,,
14.8793,449,0,56,chair,0.6948,0.30023,0.79145,0.51086,0.9994,207.6,257.9,107.8,59.9,0.0438,0.0,,,,,,,,,,,
14.9462,450,0,56,chair,0.6846,0.30042,0.78928,0.51086,0.9994,207.7,257.6,107.7,60.5,0.04422,0.0,,,,,,,,,,,
14.9466,451,0,56,chair,0.7012,0.30023,0.78939,0.51099,0.99951,207.7,257.6,107.9,60.5,0.04428,0.0,,,,,,,,,,,
14.9466,451,1,0,person,0.5073,0.45276,0.78255,0.82935,0.99978,328.2,256.7,192.8,62.6,0.08181,0.0,,,,,,,,,,,
14.9466,451,2,74,clock,0.501,0.02902,0.52596,0.06404,0.60802,23.8,163.3,17.9,23.6,0.00287,0.0,,,,,,,,,,,
14.9797,452,0,56,chair,0.7388,0.30017,0.78982,0.5119,0.99935,207.9,257.6,108.4,60.3,0.04436,0.0,,,,,,,,,,,
14.9797,452,1,0,person,0.5317,0.4541,0.78342,0.83167,0.99984,329.2,256.8,193.3,62.3,0.08171,0.0,,,,,,,,,,,
15.013,453,0,56,chair,0.7324,0.29974,0.79123,0.51276,0.99935,208.0,257.8,109.1,59.9,0.04433,0.0,,,,,,,,,,,
15.013,453,1,0,person,0.5298,0.45239,0.78776,0.83386,0.99967,329.3,257.4,195.3,61.0,0.08084,0.0,,,,,,,,,,,
15.0465,454,0,56,chair,0.7646,0.29999,0.7921,0.51355,0.99929,208.3,258.0,109.3,59.7,0.04425,0.0,,,,,,,,,,,
15.0465,454,1,0,person,0.5405,0.45007,0.78971,0.83545,0.99967,329.1,257.7,197.3,60.5,0.08091,0.0,,,,,,,,,,,
15.0849,455,0,56,chair,0.7524,0.30011,0.79058,0.51337,0.9994,208.3,257.8,109.2,60.1,0.04453,0.0,,,,,,,,,,,
15.0849,455,1,0,person,0.5356,0.45544,0.79134,0.83472,0.99962,330.3,257.9,194.2,60.0,0.079,0.0,,,,,,,,,,,
15.1133,456,0,56,chair,0.7666,0.30035,0.7895,0.51459,0.9994,208.6,257.6,109.7,60.5,0.04497,0.0,,,,,,,,,,,
15.1133,456,1,0,person,0.5337,0.45422,0.79069,0.83997,0.99962,331.3,257.8,197.5,60.2,0.08059,0.0,,,,,,,,,,,
15.1463,457,0,56,chair,0.7773,0.30029,0.79058,0.51501,0.9994,208.7,257.8,109.9,60.1,0.04484,0.0,,,,,,,,,,,
15.1463,457,1,0,person,0.5171,0.453,0.79188,0.83374,0.99973,329.4,258.0,194.9,59.9,0.07914,0.0,,,,,,,,,,,
15.18,458,0,56,chair,0.7939,0.30042,0.79123,0.51489,0.9994,208.7,257.9,109.8,60.0,0.04465,0.0,,,,,,,,,,,
15.18,458,1,0,person,0.5151,0.45483,0.79232,0.83594,0.99978,330.4,258.1,195.1,59.7,0.07907,0.0,,,,,,,,,,,
15.2126,459,0,56,chair,0.7632,0.30011,0.78993,0.5141,0.99935,208.4,257.7,109.6,60.3,0.04481,0.0,,,,,,,,,,,
15.2126,459,1,0,person,0.5308,0.4563,0.79069,0.83191,0.99978,329.8,257.8,192.3,60.2,0.07854,0.0,,,,,,,,,,,
15.2519,460,0,56,chair,0.7866,0.30005,0.79156,0.51361,0.99935,208.3,257.9,109.3,59.8,0.04438,0.0,,,,,,,,,,,
15.2519,460,1,0,person,0.5342,0.45483,0.79102,0.83118,0.99973,329.2,257.9,192.7,60.1,0.07855,0.0,,,,,,,,,,,
15.2794,461,0,56,chair,0.7617,0.30035,0.79026,0.51373,0.9994,208.4,257.7,109.3,60.2,0.04463,0.0,,,,,,,,,,,
15.2794,461,1,0,person,0.5425,0.45032,0.79167,0.8335,0.99967,328.7,258.0,196.2,59.9,0.0797,0.0,,,,,,,,,,,
15.3132,462,0,56,chair,0.7759,0.29987,0.79275,0.51379,0.99946,208.3,258.1,109.5,59.5,0.04422,0.0,,,,,,,,,,,
15.3132,462,1,0,person,0.5352,0.4519,0.79362,0.82507,0.99989,326.9,258.3,191.1,59.4,0.07697,0.0,,,,,,,,,,,
15.3463,463,0,56,chair,0.7827,0.30017,0.79145,0.51428,0.99935,208.5,257.9,109.6,59.9,0.04451,0.0,,,,,,,,,,,
15.3463,463,1,0,person,0.5269,0.45129,0.7934,0.82825,0.99995,327.6,258.2,193.0,59.5,0.07786,0.0,,,,,,,,,,,
15.3798,464,0,56,chair,0.7871,0.30011,0.79156,0.51483,0.99935,208.6,257.9,109.9,59.8,0.04462,0.0,,,,,,,,,,,
15.3798,464,1,0,person,0.5366,0.453,0.79438,0.82483,0.99989,327.1,258.4,190.4,59.2,0.07641,0.0,,,,,,,,,,,
15.4132,465,0,56,chair,0.7734,0.30017,0.79112,0.51514,0.99935,208.7,257.8,110.1,60.0,0.04476,0.0,,,,,,,,,,,
15.4132,465,1,74,clock,0.5039,0.02885,0.52536,0.06415,0.60807,23.8,163.2,18.1,23.8,0.00292,0.0,,,,,,,,,,,
15.4463,466,0,56,chair,0.7686,0.30042,0.79004,0.5152,0.99935,208.8,257.7,110.0,60.3,0.04496,0.0,,,,,,,,,,,
15.4463,466,1,0,person,0.5132,0.45471,0.79774,0.83398,0.99989,329.9,258.9,194.2,58.2,0.07667,0.0,,,,,,,,,,,
15.4797,467,0,56,chair,0.7666,0.30042,0.79091,0.51489,0.99929,208.7,257.8,109.8,60.0,0.04469,0.0,,,,,,,,,,,
15.4797,467,1,0,person,0.502,0.45544,0.79807,0.83582,0.99946,330.6,258.8,194.8,58.0,0.0766,0.0,,,,,,,,,,,
15.5129,468,0,56,chair,0.7905,0.2998,0.79199,0.51483,0.99935,208.5,258.0,110.1,59.7,0.04459,0.0,,,,,,,,,,,
15.5129,468,1,0,person,0.5151,0.44519,0.79492,0.86841,0.99957,336.3,258.4,216.7,58.9,0.08661,0.0,,,,,,,,,,,
15.5798,469,0,56,chair,0.8145,0.2998,0.7934,0.5152,0.9994,208.6,258.2,110.3,59.3,0.04437,0.0,,,,,,,,,,,
15.5801,470,0,56,chair,0.8062,0.30005,0.79275,0.51562,0.9994,208.8,258.1,110.4,59.5,0.04455,0.0,,,,,,,,,,,
15.5801,470,1,0,person,0.5225,0.45117,0.79785,0.83606,0.99946,329.5,258.8,197.1,58.1,0.0776,0.0,,,,,,,,,,,
15.6127,471,0,56,chair,0.7686,0.30023,0.79102,0.51501,0.9994,208.7,257.8,110.0,60.0,0.04476,0.0,,,,,,,,,,,
15.6127,471,1,0,person,0.5283,0.44128,0.79536,0.87,0.99957,335.7,258.5,219.5,58.8,0.08755,0.0,,,,,,,,,,,
15.6465,472,0,56,chair,0.7827,0.30005,0.79167,0.51495,0.9994,208.6,257.9,110.0,59.8,0.04464,0.0,,,,,,,,,,,
15.6465,472,1,0,person,0.5347,0.43628,0.79612,0.87244,0.99935,335.0,258.5,223.3,58.5,0.08864,0.0,,,,,,,,,,,
15.6797,473,0,56,chair,0.8101,0.30011,0.79232,0.51508,0.99935,208.7,258.0,110.1,59.6,0.04451,0.0,,,,,,,,,,,
15.6797,473,1,0,person,0.5132,0.42578,0.79525,0.8739,0.99978,332.7,258.5,229.4,58.9,0.09165,0.0,,,,,,,,,,,
15.7465,474,0,56,chair,0.7896,0.30054,0.79058,0.51483,0.99946,208.7,257.8,109.7,60.2,0.04476,0.0,,,,,,,,,,,
15.7465,474,1,0,person,0.5024,0.45105,0.79579,0.84033,0.99973,330.6,258.6,199.3,58.7,0.07939,0.0,,,,,,,,,,,
15.747,475,0,56,chair,0.7998,0.30017,0.79102,0.51489,0.99935,208.7,257.8,109.9,60.0,0.04473,0.0,,,,,,,,,,,
15.7797,476,0,56,chair,0.8062,0.29999,0.79297,0.51471,0.99935,208.6,258.1,109.9,59.4,0.04431,0.0,,,,,,,,,,,
15.7797,476,1,0,person,0.5054,0.42615,0.79525,0.86951,0.99978,331.7,258.5,227.0,58.9,0.09068,0.0,,,,,,,,,,,
15.813,477,0,56,chair,0.7817,0.29993,0.79145,0.51495,0.99935,208.6,257.9,110.1,59.9,0.0447,0.0,,,,,,,,,,,
15.8463,478,0,56,chair,0.7715,0.30005,0.79188,0.51514,0.99935,208.7,257.9,110.1,59.8,0.04462,0.0,,,,,,,,,,,
15.8463,478,1,0,person,0.5107,0.43701,0.79503,0.87439,0.99957,335.7,258.4,223.9,58.9,0.08946,0.0,,,,,,,,,,,
15.8795,479,0,56,chair,0.7915,0.30011,0.79308,0.51562,0.99929,208.8,258.1,110.3,59.4,0.04444,0.0,,,,,,,,,,,
15.8795,479,1,0,person,0.5122,0.43518,0.79655,0.87109,0.99978,334.4,258.7,223.2,58.5,0.08859,0.0,,,,,,,,,,,
15.9125,480,0,56,chair,0.79,0.30005,0.79253,0.51483,0.9994,208.6,258.0,110.0,59.6,0.04443,0.0,,,,,,,,,,,
15.9125,480,1,0,person,0.5312,0.43909,0.79655,0.86914,0.99978,334.9,258.7,220.2,58.5,0.0874,0.0,,,,,,,,,,,
15.9458,481,0,56,chair,0.7715,0.30023,0.7908,0.51562,0.99946,208.9,257.8,110.3,60.1,0.04494,0.0,,,,,,,,,,,
15.9458,481,1,0,person,0.5112,0.4386,0.79763,0.86987,0.99978,335.0,258.8,220.8,58.2,0.08718,0.0,,,,,,,,,,,
15.9795,482,0,56,chair,0.7734,0.30011,0.79134,0.5152,0.99924,208.7,257.8,110.1,59.9,0.04472,0.0,,,,,,,,,,,
15.9795,482,1,0,person,0.5107,0.43689,0.79698,0.87122,0.99978,334.9,258.7,222.4,58.4,0.08808,0.0,,,,,,,,,,,
16.0125,483,0,56,chair,0.8101,0.30017,0.79264,0.51508,0.99935,208.7,258.0,110.0,59.5,0.04442,0.0,,,,,,,,,,,
16.0125,483,1,0,person,0.5127,0.44946,0.79818,0.84705,0.99935,331.9,258.8,203.6,57.9,0.07998,0.0,,,,,,,,,,,
16.046,484,0,56,chair,0.8052,0.30005,0.79253,0.51508,0.9994,208.7,258.0,110.1,59.6,0.04448,0.0,,,,,,,,,,,
16.046,484,1,0,person,0.5186,0.45312,0.79796,0.83899,0.99946,330.8,258.8,197.6,58.0,0.07775,0.0,,,,,,,,,,,
16.0799,485,0,56,chair,0.7842,0.29993,0.79243,0.51447,0.99935,208.5,258.0,109.8,59.6,0.04439,0.0,,,,,,,,,,,
16.0799,485,1,0,person,0.5151,0.44885,0.79872,0.84851,0.99946,332.1,258.9,204.6,57.8,0.08023,0.0,,,,,,,,,,,
16.1131,486,0,56,chair,0.7881,0.30011,0.79156,0.51318,0.99935,208.2,257.9,109.1,59.8,0.04427,0.0,,,,,,,,,,,
16.1131,486,1,0,person,0.5239,0.42627,0.79557,0.87085,0.99957,332.1,258.5,227.6,58.8,0.09069,0.0,,,,,,,,,,,
16.1464,487,0,56,chair,0.75,0.30011,0.79178,0.51331,0.99946,208.2,257.9,109.2,59.8,0.04428,0.0,,,,,,,,,,,
16.1464,487,1,0,person,0.5034,0.43762,0.79622,0.86975,0.99957,334.7,258.6,221.3,58.6,0.08787,0.0,,,,,,,,,,,
16.1793,488,0,56,chair,0.8042,0.30011,0.79156,0.51306,0.9994,208.2,257.9,109.0,59.9,0.04426,0.0,,,,,,,,,,,
16.1793,488,1,0,person,0.5034,0.43103,0.79677,0.87146,0.99957,333.4,258.7,225.5,58.4,0.08932,0.0,,,,,,,,,,,
16.213,489,0,56,chair,0.79,0.29993,0.79015,0.51288,0.9994,208.1,257.7,109.0,60.3,0.04456,0.0,,,,,,,,,,,
16.213,489,1,0,person,0.5078,0.42883,0.79622,0.87585,0.99957,334.0,258.6,228.9,58.6,0.0909,0.0,,,,,,,,,,,
16.2516,490,0,56,chair,0.7651,0.30042,0.79156,0.51331,0.99935,208.3,257.9,109.0,59.8,0.04424,0.0,,,,,,,,,,,
16.2516,490,1,0,person,0.5186,0.42859,0.79568,0.87109,0.99957,332.7,258.5,226.6,58.7,0.09022,0.0,,,,,,,,,,,
16.2789,491,0,56,chair,0.7744,0.29987,0.79069,0.51312,0.9994,208.1,257.8,109.2,60.1,0.04451,0.0,,,,,,,,,,,
16.3128,492,0,56,chair,0.7734,0.30011,0.79102,0.51288,0.99951,208.1,257.8,108.9,60.0,0.04436,0.0,,,,,,,,,,,
16.3128,492,1,0,person,0.5132,0.43335,0.79449,0.87183,0.99957,334.1,258.3,224.5,59.1,0.08992,0.0,,,,,,,,,,,
16.3794,493,0,56,chair,0.7417,0.29999,0.7908,0.513,0.99935,208.1,257.8,109.1,60.1,0.04442,0.0,,,,,,,,,,,
16.3794,493,1,0,person,0.5049,0.42798,0.79568,0.87378,0.99978,333.3,258.5,228.2,58.8,0.09099,0.0,,,,,,,,,,,
16.3798,494,0,56,chair,0.7661,0.30005,0.79112,0.51233,0.9994,208.0,257.8,108.7,60.0,0.04421,0.0,,,,,,,,,,,
16.3798,494,1,0,person,0.5,0.42529,0.79622,0.87354,0.99957,332.5,258.6,229.5,58.6,0.09115,0.0,,,,,,,,,,,
16.413,495,0,56,chair,0.7456,0.30023,0.79112,0.51282,0.9994,208.1,257.8,108.8,60.0,0.04428,0.0,,,,,,,,,,,
16.413,495,1,74,clock,0.5088,0.02895,0.52539,0.06419,0.60788,23.8,163.2,18.0,23.8,0.00291,0.0,,,,,,,,,,,
16.4462,496,0,56,chair,0.7842,0.30011,0.79178,0.51306,0.9994,208.2,257.9,109.0,59.8,0.04421,0.0,,,,,,,,,,,
16.4462,496,1,0,person,0.5239,0.42639,0.7947,0.87195,0.99957,332.4,258.4,228.1,59.0,0.09128,0.0,,,,,,,,,,,
16.4791,497,0,56,chair,0.7949,0.30011,0.79123,0.51288,0.99957,208.1,257.9,108.9,60.0,0.04433,0.0,,,,,,,,,,,
16.4791,497,1,0,person,0.5039,0.42712,0.79481,0.86987,0.99957,332.0,258.4,226.7,59.0,0.09066,0.0,,,,,,,,,,,
16.5124,498,0,56,chair,0.7939,0.30005,0.79308,0.51318,0.99951,208.2,258.1,109.1,59.5,0.044,0.0,,,,,,,,,,,
16.5124,498,1,0,person,0.5347,0.42554,0.79622,0.86987,0.99957,331.6,258.6,227.5,58.6,0.09035,0.0,,,,,,,,,,,
16.5461,499,0,56,chair,0.7915,0.29999,0.79384,0.51306,0.99951,208.1,258.2,109.1,59.2,0.04382,0.0,,,,,,,,,,,
16.5461,499,1,0,person,0.5044,0.42566,0.79568,0.87256,0.99978,332.3,258.5,228.8,58.8,0.09121,0.0,,,,,,,,,,,
16.5792,500,0,56,chair,0.749,0.30011,0.79058,0.51257,0.99935,208.0,257.7,108.8,60.1,0.04436,0.0,,,,,,,,,,,
16.5792,500,1,0,person,0.5044,0.45044,0.79753,0.86084,0.99995,335.7,258.8,210.1,58.3,0.08307,0.0,,,,,,,,,,,
16.6127,501,0,56,chair,0.7773,0.30017,0.79036,0.51318,0.9994,208.2,257.7,109.1,60.2,0.04453,0.0,,,,,,,,,,,
16.6127,501,1,0,person,0.519,0.45178,0.7972,0.85022,0.99995,333.3,258.8,204.0,58.4,0.08078,0.0,,,,,,,,,,,
16.646,502,0,56,chair,0.7764,0.30023,0.78982,0.513,0.9994,208.2,257.6,108.9,60.4,0.04459,0.0,,,,,,,,,,,
16.646,502,1,0,person,0.5137,0.42749,0.79644,0.87256,0.99978,332.8,258.7,227.9,58.6,0.0905,0.0,,,,,,,,,,,
16.6791,503,0,56,chair,0.7866,0.29993,0.79308,0.51349,0.9994,208.2,258.1,109.3,59.4,0.04406,0.0,,,,,,,,,,,
16.6791,503,1,0,person,0.5107,0.4292,0.79633,0.87024,0.99978,332.7,258.6,225.8,58.6,0.08973,0.0,,,,,,,,,,,
16.7129,504,0,56,chair,0.7773,0.30017,0.79178,0.51245,0.99935,208.0,257.9,108.7,59.8,0.04406,0.0,,,,,,,,,,,
16.7129,504,1,0,person,0.5103,0.43445,0.79655,0.87183,0.99957,334.4,258.6,223.9,58.5,0.0888,0.0,,,,,,,,,,,
16.7798,505,0,56,chair,0.7627,0.29999,0.7895,0.51263,0.99929,208.0,257.6,108.9,60.4,0.04461,0.0,,,,,,,,,,,
16.7798,505,1,0,person,0.522,0.44995,0.79677,0.85071,0.99989,333.0,258.7,205.2,58.5,0.0814,0.0,,,,,,,,,,,
16.7803,506,0,56,chair,0.7827,0.29974,0.79243,0.51306,0.99951,208.1,258.0,109.2,59.6,0.04417,0.0,,,,,,,,,,,
16.7803,506,1,0,person,0.5156,0.42651,0.79644,0.87134,0.99978,332.2,258.7,227.8,58.6,0.09045,0.0,,,,,,,,,,,
16.7803,506,2,74,clock,0.5049,0.02875,0.5261,0.06424,0.6081,23.8,163.3,18.2,23.6,0.00291,0.0,,,,,,,,,,,
16.8135,507,0,56,chair,0.7925,0.29993,0.79275,0.51294,0.9994,208.1,258.1,109.1,59.5,0.04402,0.0,,,,,,,,,,,
16.8135,507,1,0,person,0.5029,0.42749,0.79763,0.87231,0.99957,332.7,258.8,227.7,58.2,0.08983,0.0,,,,,,,,,,,
16.8462,508,0,56,chair,0.79,0.30017,0.79156,0.51251,0.9994,208.0,257.9,108.7,59.9,0.04413,0.0,,,,,,,,,,,
16.8462,508,1,0,person,0.5171,0.43054,0.7972,0.87085,0.99978,333.2,258.8,225.4,58.3,0.0892,0.0,,,,,,,,,,,
16.8794,509,0,56,chair,0.77,0.29993,0.79091,0.51276,0.99935,208.0,257.8,109.0,60.0,0.04436,0.0,,,,,,,,,,,
16.8794,509,1,0,person,0.5156,0.42981,0.79644,0.87341,1.0,333.6,258.7,227.1,58.6,0.0903,0.0,,,,,,,,,,,
16.9127,510,0,56,chair,0.7568,0.29999,0.79036,0.51276,0.99935,208.1,257.7,108.9,60.2,0.04447,0.0,,,,,,,,,,,
16.9127,510,1,0,person,0.5005,0.43079,0.79579,0.86938,1.0,332.8,258.6,224.6,58.8,0.08956,0.0,,,,,,,,,,,
16.9456,511,0,56,chair,0.7681,0.29999,0.79069,0.51331,0.9994,208.2,257.8,109.2,60.1,0.04452,0.0,,,,,,,,,,,
16.9456,511,1,0,person,0.5117,0.43225,0.79633,0.87012,1.0,333.4,258.7,224.2,58.7,0.08918,0.0,,,,,,,,,,,
16.9795,512,0,56,chair,0.8013,0.29974,0.7921,0.513,0.99935,208.1,258.0,109.2,59.7,0.0442,0.0,,,,,,,,,,,
16.9795,512,1,0,person,0.5225,0.42725,0.79514,0.8739,0.99978,333.1,258.5,228.7,58.9,0.0914,0.0,,,,,,,,,,,
17.0461,513,0,56,chair,0.7891,0.29968,0.7934,0.51257,0.99946,207.9,258.2,109.0,59.3,0.04387,0.0,,,,,,,,,,,
17.0461,513,1,0,person,0.5166,0.42517,0.79633,0.8739,0.99978,332.6,258.6,229.7,58.6,0.09129,0.0,,,,,,,,,,,
17.0466,514,0,56,chair,0.7563,0.29987,0.78961,0.51202,0.99946,207.8,257.6,108.6,60.4,0.04452,0.0,,,,,,,,,,,
17.0466,514,1,0,person,0.519,0.43176,0.79492,0.87463,0.99957,334.4,258.4,226.7,58.9,0.09063,0.0,,,,,,,,,,,
17.0796,515,0,56,chair,0.7725,0.29993,0.79004,0.51105,0.9994,207.6,257.7,108.1,60.3,0.0442,0.0,,,,,,,,,,,
17.0796,515,1,0,person,0.5142,0.4292,0.79351,0.86633,0.99957,331.7,258.2,223.8,59.3,0.09008,0.0,,,,,,,,,,,
17.1129,516,0,56,chair,0.75,0.29987,0.79058,0.51074,0.99946,207.5,257.8,108.0,60.2,0.04405,0.0,,,,,,,,,,,
17.1129,516,1,0,person,0.5391,0.43127,0.79351,0.86914,0.99957,332.9,258.2,224.2,59.3,0.09023,0.0,,,,,,,,,,,
17.1796,517,0,56,chair,0.7627,0.30011,0.78928,0.5105,0.99957,207.5,257.6,107.7,60.6,0.04424,0.0,,,,,,,,,,,
17.1796,517,1,0,person,0.54,0.4353,0.79395,0.87036,0.99935,334.2,258.2,222.8,59.2,0.08936,0.0,,,,,,,,,,,
17.18,518,0,56,chair,0.7314,0.30017,0.78787,0.51025,0.9994,207.5,257.4,107.6,60.9,0.04444,0.0,,,,,,,,,,,
17.18,518,1,0,person,0.5332,0.43225,0.79319,0.87439,0.99935,334.5,258.1,226.4,59.4,0.09115,0.0,,,,,,,,,,,
17.2129,519,0,56,chair,0.7524,0.29993,0.79015,0.51074,0.99946,207.5,257.7,107.9,60.3,0.04412,0.0,,,,,,,,,,,
17.2129,519,1,0,person,0.5166,0.43542,0.7934,0.87207,0.99957,334.7,258.2,223.6,59.4,0.09002,0.0,,,,,,,,,,,
17.2794,520,0,56,chair,0.7554,0.29993,0.79134,0.51086,0.99951,207.6,257.9,108.0,60.0,0.04391,0.0,,,,,,,,,,,
17.2794,520,1,0,person,0.5132,0.44714,0.79319,0.84888,0.99946,331.8,258.1,205.7,59.4,0.08287,0.0,,,,,,,,,,,
17.2798,521,0,56,chair,0.7217,0.29987,0.78906,0.51111,0.9994,207.6,257.5,108.2,60.6,0.04443,0.0,,,,,,,,,,,
17.2798,521,1,0,person,0.5293,0.427,0.79308,0.87732,0.99957,333.9,258.1,230.6,59.5,0.09299,0.0,,,,,,,,,,,
17.3126,522,0,56,chair,0.7812,0.29999,0.7908,0.51215,0.99946,207.9,257.8,108.6,60.1,0.04427,0.0,,,,,,,,,,,
17.3126,522,1,0,person,0.5127,0.42529,0.79395,0.87024,0.99935,331.7,258.2,227.8,59.2,0.09139,0.0,,,,,,,,,,,
17.3458,523,0,56,chair,0.7764,0.29999,0.79112,0.51294,0.99946,208.1,257.8,109.0,60.0,0.04437,0.0,,,,,,,,,,,
17.3458,523,1,0,person,0.5146,0.4342,0.79405,0.86548,0.99957,332.7,258.3,220.8,59.2,0.08864,0.0,,,,,,,,,,,
17.3794,524,0,56,chair,0.7871,0.30005,0.79112,0.51306,0.99935,208.2,257.8,109.1,60.0,0.04436,0.0,,,,,,,,,,,
17.3794,524,1,0,person,0.5132,0.43103,0.79395,0.87036,0.99957,333.2,258.3,224.9,59.2,0.09034,0.0,,,,,,,,,,,
17.4128,525,0,56,chair,0.7632,0.29987,0.79004,0.51294,0.9994,208.1,257.7,109.1,60.3,0.04461,0.0,,,,,,,,,,,
17.4128,525,1,0,person,0.5293,0.43262,0.79438,0.86975,0.99957,333.4,258.3,223.8,59.1,0.08969,0.0,,,,,,,,,,,
17.4128,525,2,74,clock,0.5,0.02913,0.52563,0.06425,0.60753,23.9,163.2,18.0,23.6,0.00288,0.0,,,,,,,,,,,
17.446,526,0,56,chair,0.792,0.29993,0.79243,0.51288,0.99935,208.1,258.0,109.0,59.6,0.04406,0.0,,,,,,,,,,,
17.446,526,1,74,clock,0.5166,0.02884,0.52558,0.06413,0.60799,23.8,163.2,18.1,23.7,0.00291,0.0,,,,,,,,,,,
17.4795,527,0,56,chair,0.751,0.29993,0.7908,0.51306,0.99935,208.1,257.8,109.1,60.1,0.04445,0.0,,,,,,,,,,,
17.4795,527,1,0,person,0.5044,0.43262,0.79742,0.8717,0.99978,333.9,258.8,224.8,58.3,0.08885,0.0,,,,,,,,,,,
17.5125,528,0,56,chair,0.751,0.30017,0.79145,0.51337,0.99935,208.3,257.9,109.2,59.9,0.04432,0.0,,,,,,,,,,,
17.5125,528,1,0,person,0.5181,0.43896,0.79796,0.8689,0.99978,334.8,258.9,220.1,58.1,0.08677,0.0,,,,,,,,,,,
17.5458,529,0,56,chair,0.7939,0.30011,0.79351,0.51318,0.9994,208.2,258.2,109.1,59.3,0.04387,0.0,,,,,,,,,,,
17.5458,529,1,0,person,0.502,0.44287,0.79894,0.87109,0.99978,336.4,259.0,219.2,57.8,0.086,0.0,,,,,,,,,,,
17.579,530,0,56,chair,0.7993,0.30005,0.79405,0.51331,0.99946,208.2,258.3,109.2,59.2,0.04381,0.0,,,,,,,,,,,
17.6123,531,0,56,chair,0.7769,0.30011,0.79178,0.51367,0.9994,208.3,257.9,109.3,59.8,0.04434,0.0,,,,,,,,,,,
17.6456,532,0,56,chair,0.7676,0.30005,0.78961,0.51318,0.99929,208.2,257.6,109.1,60.4,0.04469,0.0,,,,,,,,,,,
17.6456,532,1,0,person,0.5107,0.44763,0.7985,0.8606,1.00016,334.9,259.0,211.4,58.1,0.08328,0.0,,,,,,,,,,,
17.6786,533,0,56,chair,0.7939,0.29962,0.79308,0.51312,0.99946,208.1,258.1,109.3,59.4,0.04406,0.0,,,,,,,,,,,
17.6786,533,1,0,person,0.5127,0.44775,0.79807,0.85828,1.00005,334.3,258.9,210.2,58.2,0.08292,0.0,,,,,,,,,,,
17.7119,534,0,56,chair,0.771,0.29974,0.79232,0.51312,0.99951,208.1,258.0,109.3,59.7,0.04421,0.0,,,,,,,,,,,
17.7459,535,0,56,chair,0.7754,0.29987,0.79232,0.51318,0.99929,208.1,258.0,109.2,59.6,0.04415,0.0,,,,,,,,,,,
17.7459,535,1,0,person,0.5205,0.43127,0.79872,0.87402,0.99978,334.2,259.0,226.7,57.9,0.08902,0.0,,,,,,,,,,,
17.7791,536,0,56,chair,0.7793,0.29993,0.79286,0.51282,0.99935,208.1,258.1,109.0,59.5,0.04396,0.0,,,,,,,,,,,
17.7791,536,1,0,person,0.5044,0.43213,0.79839,0.86877,0.99978,333.0,258.9,223.6,58.0,0.08793,0.0,,,,,,,,,,,
17.8182,537,0,56,chair,0.7734,0.29956,0.79297,0.51337,0.9994,208.1,258.1,109.5,59.5,0.04414,0.0,,,,,,,,,,,
17.8182,537,1,0,person,0.5044,0.43213,0.79666,0.87024,0.99957,333.4,258.7,224.3,58.4,0.0889,0.0,,,,,,,,,,,
17.8459,538,0,56,chair,0.7725,0.29962,0.79156,0.51276,0.99946,208.0,257.9,109.1,59.9,0.04431,0.0,,,,,,,,,,,
17.8459,538,1,0,person,0.502,0.42932,0.79763,0.87341,0.99978,333.5,258.8,227.4,58.2,0.08977,0.0,,,,,,,,,,,
17.8792,539,0,56,chair,0.7759,0.2998,0.79221,0.5127,0.99951,208.0,258.0,109.0,59.7,0.04413,0.0,,,,,,,,,,,
17.8792,539,1,0,person,0.5044,0.4491,0.79709,0.86426,0.99984,336.2,258.8,212.6,58.4,0.08417,0.0,,,,,,,,,,,
17.9124,540,0,56,chair,0.7539,0.29999,0.79058,0.51251,0.9994,208.0,257.8,108.8,60.1,0.04438,0.0,,,,,,,,,,,
17.9124,540,1,0,person,0.5288,0.43469,0.79731,0.86963,0.99978,333.9,258.8,222.7,58.3,0.08806,0.0,,,,,,,,,,,
17.9458,541,0,56,chair,0.7715,0.29999,0.79069,0.51257,0.99935,208.0,257.8,108.8,60.1,0.04436,0.0,,,,,,,,,,,
17.9458,541,1,0,person,0.521,0.42993,0.79698,0.86853,0.99957,332.4,258.7,224.6,58.3,0.08886,0.0,,,,,,,,,,,
17.9794,542,0,56,chair,0.7695,0.2998,0.79145,0.51276,0.9994,208.0,257.9,109.0,59.9,0.04429,0.0,,,,,,,,,,,
17.9794,542,1,0,person,0.5205,0.42603,0.79579,0.87134,0.99957,332.1,258.5,228.0,58.7,0.09075,0.0,,,,,,,,,,,
17.9794,542,2,74,clock,0.5029,0.02884,0.52539,0.06418,0.60867,23.8,163.3,18.1,24.0,0.00294,0.0,,,,,,,,,,,
18.0124,543,0,56,chair,0.7891,0.30011,0.79329,0.51172,0.99951,207.8,258.2,108.3,59.4,0.04364,0.0,,,,,,,,,,,
18.0124,543,1,0,person,0.5186,0.42615,0.79286,0.87634,0.99957,333.4,258.1,230.5,59.5,0.09306,0.0,,,,,,,,,,,
18.0459,544,0,56,chair,0.7437,0.29987,0.79134,0.51056,0.99946,207.5,257.9,107.9,59.9,0.04385,0.0,,,,,,,,,,,
18.0459,544,1,0,person,0.5039,0.42798,0.79297,0.87524,0.99957,333.6,258.1,229.0,59.5,0.0924,0.0,,,,,,,,,,,
18.079,545,0,56,chair,0.7271,0.29993,0.79232,0.50897,0.99962,207.1,258.0,107.0,59.7,0.04333,0.0,,,,,,,,,,,
18.079,545,1,0,person,0.5132,0.45386,0.78917,0.83618,0.9994,330.3,257.6,195.7,60.5,0.08038,0.0,,,,,,,,,,,
18.1126,546,0,56,chair,0.7007,0.29974,0.79102,0.50787,0.99967,206.7,257.9,106.6,60.1,0.04343,0.0,,,,,,,,,,,
18.1126,546,1,0,person,0.519,0.4563,0.78212,0.83704,0.99973,331.1,256.6,194.9,62.7,0.08285,0.0,,,,,,,,,,,
18.1455,547,0,56,chair,0.6914,0.30005,0.79015,0.50824,0.99946,206.9,257.7,106.6,60.3,0.04358,0.0,,,,,,,,,,,
18.1455,547,1,0,person,0.5083,0.45361,0.78234,0.83936,0.99978,331.0,256.6,197.5,62.6,0.08388,0.0,,,,,,,,,,,
18.179,548,0,56,chair,0.7222,0.30017,0.79058,0.50928,0.99951,207.2,257.8,107.1,60.2,0.04369,0.0,,,,,,,,,,,
18.179,548,1,0,person,0.5278,0.45337,0.78364,0.84363,0.99973,332.0,256.8,199.8,62.2,0.08433,0.0,,,,,,,,,,,
18.2125,549,0,56,chair,0.7358,0.30005,0.7908,0.51074,0.99957,207.6,257.8,107.9,60.1,0.04399,0.0,,,,,,,,,,,
18.2125,549,1,0,person,0.5132,0.44934,0.78885,0.83618,0.99962,329.1,257.5,198.1,60.7,0.08153,0.0,,,,,,,,,,,
18.2469,550,0,56,chair,0.7407,0.29968,0.79058,0.51147,0.99951,207.7,257.8,108.4,60.2,0.04425,0.0,,,,,,,,,,,
18.2469,550,1,0,person,0.5259,0.45215,0.79319,0.83435,0.99957,329.3,258.2,195.7,59.4,0.07888,0.0,,,,,,,,,,,
18.2796,551,0,56,chair,0.7661,0.2995,0.79286,0.51257,0.99951,207.9,258.1,109.1,59.5,0.04403,0.0,,,,,,,,,,,
18.2796,551,1,0,person,0.5293,0.45288,0.79319,0.82373,0.99973,326.8,258.2,189.9,59.5,0.0766,0.0,,,,,,,,,,,
18.3123,552,0,56,chair,0.7852,0.29974,0.79134,0.51288,0.99951,208.0,257.9,109.1,60.0,0.04437,0.0,,,,,,,,,,,
18.3123,552,1,0,person,0.5269,0.45715,0.79362,0.82288,0.99978,327.7,258.2,187.3,59.4,0.0754,0.0,,,,,,,,,,,
18.3453,553,0,56,chair,0.7798,0.29987,0.79232,0.51337,0.99946,208.2,258.0,109.3,59.7,0.04422,0.0,,,,,,,,,,,
18.3453,553,1,0,person,0.519,0.45312,0.79308,0.82117,0.99973,326.2,258.2,188.4,59.5,0.07606,0.0,,,,,,,,,,,
18.379,554,0,56,chair,0.7451,0.29987,0.78993,0.51324,0.99929,208.2,257.6,109.2,60.3,0.04467,0.0,,,,,,,,,,,
18.379,554,1,0,person,0.5269,0.45422,0.79427,0.83154,0.99984,329.2,258.4,193.2,59.2,0.07757,0.0,,,,,,,,,,,
18.4127,555,0,56,chair,0.7725,0.29999,0.78874,0.51428,0.9994,208.5,257.5,109.7,60.7,0.04514,0.0,,,,,,,,,,,
18.4127,555,1,0,person,0.5249,0.45056,0.79351,0.84631,0.99989,332.0,258.2,202.6,59.4,0.08167,0.0,,,,,,,,,,,
18.4458,556,0,56,chair,0.8018,0.29999,0.79015,0.51489,0.99929,208.6,257.7,110.0,60.2,0.04494,0.0,,,,,,,,,,,
18.4458,556,1,0,person,0.5215,0.4303,0.79362,0.87158,0.99935,333.3,258.2,225.9,59.3,0.09078,0.0,,,,,,,,,,,
18.4788,557,0,56,chair,0.7949,0.29987,0.79253,0.51501,0.9994,208.6,258.0,110.2,59.6,0.04451,0.0,,,,,,,,,,,
18.4788,557,1,0,person,0.5244,0.4375,0.79395,0.86743,0.99935,334.1,258.2,220.1,59.2,0.08831,0.0,,,,,,,,,,,
18.5127,558,0,56,chair,0.7881,0.29968,0.79329,0.51422,0.99924,208.4,258.1,109.8,59.3,0.04418,0.0,,,,,,,,,,,
18.5127,558,1,0,person,0.5244,0.45374,0.79503,0.83081,1.0,328.8,258.5,193.1,59.0,0.07729,0.0,,,,,,,,,,,
18.5454,559,0,56,chair,0.7822,0.30005,0.79123,0.51483,0.99929,208.6,257.8,110.0,59.9,0.04469,0.0,,,,,,,,,,,
18.5454,559,1,0,person,0.5112,0.45715,0.79731,0.84473,0.99946,333.3,258.7,198.4,58.2,0.07835,0.0,,,,,,,,,,,
18.5789,560,0,56,chair,0.7939,0.29999,0.79243,0.51501,0.99935,208.6,258.0,110.1,59.6,0.04449,0.0,,,,,,,,,,,
18.6122,561,0,56,chair,0.7759,0.30017,0.79243,0.51562,0.99935,208.8,258.0,110.3,59.6,0.04458,0.0,,,,,,,,,,,
18.6122,561,1,0,person,0.5044,0.43774,0.79644,0.87183,0.99978,335.2,258.7,222.3,58.6,0.08827,0.0,,,,,,,,,,,
18.6456,562,0,56,chair,0.7949,0.29974,0.79395,0.51587,0.9994,208.8,258.2,110.7,59.2,0.0444,0.0,,,,,,,,,,,
18.679,563,0,56,chair,0.771,0.30017,0.79102,0.51556,0.99935,208.8,257.8,110.3,60.0,0.04487,0.0,,,,,,,,,,,
18.7122,564,0,56,chair,0.7754,0.30017,0.79232,0.5152,0.9994,208.7,258.0,110.1,59.6,0.04453,0.0,,,,,,,,,,,
18.7457,565,0,56,chair,0.7817,0.30017,0.79275,0.51489,0.99935,208.7,258.1,109.9,59.5,0.04436,0.0,,,,,,,,,,,
18.7457,565,1,0,person,0.5142,0.4447,0.7947,0.87061,0.99935,336.7,258.3,218.1,58.9,0.08716,0.0,,,,,,,,,,,
18.779,566,0,56,chair,0.7974,0.29999,0.79308,0.51483,0.99951,208.6,258.1,110.0,59.5,0.04435,0.0,,,,,,,,,,,
18.779,566,1,0,person,0.521,0.44727,0.79655,0.86853,0.99957,336.8,258.6,215.7,58.5,0.08552,0.0,,,,,,,,,,,
18.8128,567,0,56,chair,0.7993,0.29968,0.79308,0.51495,0.9994,208.5,258.1,110.2,59.4,0.04441,0.0,,,,,,,,,,,
18.8128,567,1,0,person,0.5034,0.45532,0.79796,0.84448,0.99935,332.7,258.8,199.2,58.0,0.07837,0.0,,,,,,,,,,,
18.8456,568,0,56,chair,0.7744,0.30005,0.79036,0.51489,0.9994,208.6,257.7,110.0,60.2,0.04491,0.0,,,,,,,,,,,
18.8456,568,1,0,person,0.5059,0.45483,0.79829,0.84607,0.99946,333.0,258.9,200.3,57.9,0.07871,0.0,,,,,,,,,,,
18.879,569,0,56,chair,0.7964,0.29999,0.79221,0.51483,0.9994,208.6,258.0,110.0,59.7,0.04451,0.0,,,,,,,,,,,
18.879,569,1,0,person,0.519,0.45386,0.79785,0.83691,0.99935,330.4,258.8,196.1,58.0,0.07718,0.0,,,,,,,,,,,
18.9122,570,0,56,chair,0.7725,0.30023,0.79134,0.51489,0.99929,208.7,257.9,109.9,59.9,0.04464,0.0,,,,,,,,,,,
18.9122,570,1,0,person,0.5049,0.45349,0.79818,0.84399,0.99946,332.2,258.9,199.9,58.0,0.0786,0.0,,,,,,,,,,,
18.9456,571,0,56,chair,0.7842,0.29993,0.79178,0.51465,0.9994,208.5,257.9,109.9,59.8,0.04458,0.0,,,,,,,,,,,
18.9456,571,1,74,clock,0.5068,0.02873,0.52563,0.06418,0.60796,23.8,163.2,18.2,23.7,0.00292,0.0,,,,,,,,,,,
18.9456,571,2,0,person,0.5,0.44092,0.79622,0.87122,0.99957,335.9,258.6,220.3,58.6,0.0875,0.0,,,,,,,,,,,
18.9788,572,0,56,chair,0.7798,0.29993,0.79123,0.51483,0.99935,208.6,257.8,110.0,59.9,0.04472,0.0,,,,,,,,,,,
19.012,573,0,56,chair,0.7964,0.2998,0.79297,0.51471,0.99946,208.5,258.1,110.0,59.5,0.04438,0.0,,,,,,,,,,,
19.0451,574,0,56,chair,0.7759,0.2998,0.79069,0.51422,0.99929,208.4,257.8,109.8,60.1,0.04473,0.0,,,,,,,,,,,
19.0451,574,1,0,person,0.519,0.44177,0.79525,0.87,0.99957,335.8,258.5,219.3,58.8,0.0875,0.0,,,,,,,,,,,
19.0789,575,0,56,chair,0.7764,0.30011,0.79134,0.51434,0.99924,208.5,257.8,109.7,59.9,0.04454,0.0,,,,,,,,,,,
19.0789,575,1,0,person,0.5112,0.45093,0.7959,0.84851,0.99995,332.7,258.6,203.6,58.8,0.08113,0.0,,,,,,,,,,,
19.1118,576,0,56,chair,0.7812,0.29987,0.79058,0.51398,0.99935,208.3,257.7,109.6,60.1,0.0447,0.0,,,,,,,,,,,
19.1118,576,1,0,person,0.5098,0.43896,0.79557,0.87231,0.99935,335.7,258.5,221.9,58.7,0.08831,0.0,,,,,,,,,,,
19.1458,577,0,56,chair,0.7891,0.2998,0.79232,0.51416,0.99919,208.4,258.0,109.8,59.6,0.04434,0.0,,,,,,,,,,,
19.1458,577,1,0,person,0.5039,0.43713,0.79579,0.8739,0.99957,335.6,258.5,223.6,58.7,0.089,0.0,,,,,,,,,,,
19.1458,577,2,74,clock,0.502,0.0287,0.52591,0.06404,0.60815,23.7,163.3,18.1,23.7,0.00291,0.0,,,,,,,,,,,
19.179,578,0,56,chair,0.7798,0.30005,0.79058,0.51392,0.99935,208.4,257.7,109.5,60.1,0.04465,0.0,,,,,,,,,,,
19.179,578,1,0,person,0.5117,0.45349,0.79655,0.85156,1.00022,334.1,258.7,203.8,58.7,0.08107,0.0,,,,,,,,,,,
19.179,578,2,74,clock,0.5,0.02872,0.52604,0.06392,0.60818,23.7,163.3,18.0,23.7,0.00289,0.0,,,,,,,,,,,
19.2118,579,0,56,chair,0.8013,0.29987,0.79253,0.51398,0.9994,208.3,258.0,109.6,59.6,0.04429,0.0,,,,,,,,,,,
19.2118,579,1,0,person,0.5059,0.42896,0.79742,0.87207,0.99957,333.1,258.8,226.9,58.2,0.08957,0.0,,,,,,,,,,,
19.2458,580,0,56,chair,0.7876,0.29987,0.79253,0.51428,0.99929,208.4,258.0,109.8,59.5,0.04433,0.0,,,,,,,,,,,
19.2458,580,1,0,person,0.5142,0.44495,0.79894,0.84534,0.99935,330.3,259.0,205.0,57.7,0.08024,0.0,,,,,,,,,,,
19.2792,581,0,56,chair,0.8135,0.29968,0.79351,0.51404,0.99935,208.3,258.2,109.8,59.3,0.04412,0.0,,,,,,,,,,,
19.2792,581,1,0,person,0.5093,0.44971,0.79839,0.84753,0.99946,332.1,258.9,203.7,57.9,0.07999,0.0,,,,,,,,,,,
19.3119,582,0,56,chair,0.8271,0.29993,0.79384,0.51447,0.99946,208.5,258.2,109.8,59.2,0.04411,0.0,,,,,,,,,,,
19.3119,582,1,0,person,0.5215,0.44556,0.79915,0.84705,0.99935,330.9,259.0,205.6,57.7,0.08038,0.0,,,,,,,,,,,
19.3454,583,0,56,chair,0.8252,0.2998,0.79362,0.51459,0.99929,208.5,258.2,110.0,59.2,0.04418,0.0,,,,,,,,,,,
19.3454,583,1,0,person,0.5098,0.44653,0.79915,0.85022,0.99946,332.0,259.0,206.7,57.7,0.08086,0.0,,,,,,,,,,,
19.3789,584,0,56,chair,0.7969,0.29962,0.79156,0.51422,0.99935,208.3,257.9,109.9,59.8,0.04459,0.0,,,,,,,,,,,
19.3789,584,1,0,person,0.5088,0.44556,0.79839,0.85535,0.99935,333.0,258.9,209.8,57.9,0.08235,0.0,,,,,,,,,,,
19.4121,585,0,56,chair,0.7764,0.2998,0.79134,0.51465,0.99924,208.5,257.8,110.0,59.9,0.04467,0.0,,,,,,,,,,,
19.4121,585,1,0,person,0.5093,0.44885,0.79915,0.85388,0.99935,333.5,259.0,207.4,57.7,0.08109,0.0,,,,,,,,,,,
19.4455,586,0,56,chair,0.792,0.29987,0.79069,0.5144,0.99935,208.5,257.8,109.8,60.1,0.04476,0.0,,,,,,,,,,,
19.4455,586,1,0,person,0.502,0.4342,0.79525,0.87451,0.99978,335.0,258.5,225.4,58.9,0.09006,0.0,,,,,,,,,,,
19.4786,587,0,56,chair,0.7998,0.29999,0.79286,0.51459,0.9994,208.5,258.1,109.9,59.5,0.04432,0.0,,,,,,,,,,,
19.5118,588,0,56,chair,0.8184,0.29993,0.7934,0.5141,0.99935,208.4,258.2,109.7,59.3,0.04411,0.0,,,,,,,,,,,
19.5118,588,1,0,person,0.501,0.43054,0.79503,0.87183,0.99978,333.4,258.5,225.9,59.0,0.09035,0.0,,,,,,,,,,,
19.5454,589,0,56,chair,0.8062,0.29987,0.79286,0.51459,0.9994,208.5,258.1,109.9,59.5,0.04435,0.0,,,,,,,,,,,
19.5454,589,1,0,person,0.5083,0.43042,0.79579,0.87378,0.99957,333.9,258.5,227.0,58.7,0.09035,0.0,,,,,,,,,,,
19.5784,590,0,56,chair,0.7871,0.29999,0.79243,0.5144,0.99935,208.5,258.0,109.8,59.6,0.04437,0.0,,,,,,,,,,,
19.6121,591,0,56,chair,0.8052,0.29999,0.79123,0.51459,0.99929,208.5,257.8,109.9,59.9,0.04465,0.0,,,,,,,,,,,
19.6121,591,1,0,person,0.5024,0.45105,0.7985,0.84753,0.99946,332.4,258.9,203.0,57.9,0.07968,0.0,,,,,,,,,,,
19.6454,592,0,56,chair,0.8008,0.2998,0.79156,0.51428,0.99935,208.4,257.9,109.8,59.8,0.04457,0.0,,,,,,,,,,,
19.6783,593,0,56,chair,0.7939,0.29987,0.79188,0.51453,0.99935,208.5,257.9,109.9,59.8,0.04454,0.0,,,,,,,,,,,
19.6783,593,1,0,person,0.5054,0.44958,0.79612,0.84473,1.0,331.3,258.6,202.3,58.7,0.08056,0.0,,,,,,,,,,,
19.712,594,0,56,chair,0.8125,0.29987,0.79243,0.51428,0.9994,208.4,258.0,109.8,59.6,0.04438,0.0,,,,,,,,,,,
19.712,594,1,0,person,0.5024,0.45203,0.79818,0.84998,0.99946,333.3,258.9,203.8,58.0,0.0801,0.0,,,,,,,,,,,
19.7455,595,0,56,chair,0.7686,0.29993,0.79112,0.51398,0.99935,208.4,257.8,109.6,60.0,0.04457,0.0,,,,,,,,,,,
19.7455,595,1,0,person,0.5161,0.44995,0.79796,0.83057,0.99946,327.8,258.8,194.9,58.0,0.07669,0.0,,,,,,,,,,,
19.7789,596,0,56,chair,0.7822,0.30005,0.79232,0.51422,0.99935,208.5,258.0,109.7,59.6,0.04434,0.0,,,,,,,,,,,
19.7789,596,1,0,person,0.5093,0.44824,0.7959,0.84705,0.99995,331.6,258.6,204.2,58.8,0.08138,0.0,,,,,,,,,,,
19.7789,596,2,74,clock,0.5039,0.02876,0.52604,0.06424,0.60813,23.8,163.3,18.2,23.6,0.00291,0.0,,,,,,,,,,,
19.812,597,0,56,chair,0.7812,0.30011,0.79308,0.51416,0.9994,208.5,258.1,109.6,59.4,0.04416,0.0,,,,,,,,,,,
19.812,597,1,0,person,0.5171,0.43933,0.79525,0.87341,0.99957,336.1,258.5,222.2,58.8,0.08869,0.0,,,,,,,,,,,
19.8455,598,0,56,chair,0.8052,0.29987,0.79221,0.5141,0.99935,208.4,258.0,109.7,59.7,0.04438,0.0,,,,,,,,,,,
19.8455,598,1,0,person,0.5024,0.43359,0.79536,0.87207,0.99957,334.2,258.5,224.5,58.8,0.08954,0.0,,,,,,,,,,,
19.8783,599,0,56,chair,0.7793,0.29968,0.79112,0.5144,0.99929,208.4,257.8,109.9,60.0,0.0447,0.0,,,,,,,,,,,
19.8783,599,1,0,person,0.5171,0.42957,0.79546,0.87256,0.99957,333.3,258.5,226.8,58.8,0.09042,0.0,,,,,,,,,,,
19.9121,600,0,56,chair,0.7651,0.30005,0.79026,0.5144,0.99929,208.5,257.7,109.7,60.2,0.04481,0.0,,,,,,,,,,,
19.9121,600,1,0,person,0.5078,0.45154,0.79601,0.86377,0.99984,336.7,258.6,211.1,58.7,0.08402,0.0,,,,,,,,,,,
19.9454,601,0,56,chair,0.7661,0.29999,0.79232,0.51416,0.99929,208.4,258.0,109.7,59.6,0.04433,0.0,,,,,,,,,,,
19.979,602,0,56,chair,0.8091,0.29993,0.79243,0.5141,0.9994,208.4,258.0,109.7,59.6,0.04433,0.0,,,,,,,,,,,
19.979,602,1,0,person,0.5103,0.4519,0.79731,0.85999,1.00016,335.8,258.8,208.9,58.4,0.08278,0.0,,,,,,,,,,,
