run,t_axis_s,canoe_ts_s,PcMs,PostMs,EthKBps,CanLoadPct,DroppedTotal,frame_seq,frame_ts_s,edge_ms,det_count,box_class,box_label,box_conf,box_cx,box_cy,box_w,box_h
1,1,1.050100,2.5,0.0,10,1.0,0,5,0.913637,70,4,car,2,0.88,0.097,0.497,0.194,0.464
1,2,2.049892,3.0,0.0,10,0.5,0,10,1.911415,,2,car,2,0.53,0.8130000000000001,0.34400000000000003,0.046,0.039
1,3,3.049890,3.0,0.0,10,0.5,0,15,2.912289,70,3,car,2,0.73,0.5640000000000001,0.379,0.061,0.054
1,4,4.049871,3.0,0.0,10,0.5,0,20,3.911615,,5,car,2,0.76,0.581,0.365,0.06,0.061
1,5,5.049852,2.9000000000000004,0.0,12,0.5,0,25,4.911415,70,2,car,2,0.67,0.583,0.384,0.063,0.06
1,6,6.049915,2.5,0.0,14,0.5,0,30,5.911331,70,5,car,2,0.67,0.582,0.41300000000000003,0.067,0.06
1,7,7.049888,2.5,0.0,14,0.5,0,35,6.911230,70,4,car,2,0.85,0.925,0.427,0.145,0.28
1,8,8.049975,2.9000000000000004,0.0,10,0.5,0,40,7.910974,71,4,car,2,0.92,0.131,0.5650000000000001,0.263,0.589
1,9,9.049957,2.8000000000000003,0.0,10,1.0,0,45,8.910414,70,4,car,2,0.9500000000000001,0.169,0.47100000000000003,0.338,0.357
1,10,10.049962,2.8000000000000003,0.0,10,0.5,0,50,9.910354,70,4,car,2,0.9400000000000001,0.192,0.46,0.34400000000000003,0.318
1,11,11.049992,2.4000000000000004,0.0,10,0.5,0,55,10.909778,70,5,car,2,0.91,0.763,0.382,0.145,0.147
1,12,12.049998,2.5,0.0,13,1.0,0,60,11.908702,71,5,car,2,0.86,0.251,0.41600000000000004,0.247,0.228
1,13,13.049987,2.7,0.0,13,1.0,0,65,12.908954,70,4,car,2,0.88,0.262,0.41200000000000003,0.221,0.215
1,14,14.049936,2.5,0.0,14,0.5,0,70,13.908255,70,4,car,2,0.88,0.277,0.404,0.20500000000000002,0.191
1,15,15.049999,2.4000000000000004,0.0,10,0.5,0,75,14.908285,70,5,car,2,0.88,0.6890000000000001,0.386,0.117,0.122
1,16,16.049881,2.8000000000000003,0.0,10,1.0,0,80,15.908020,70,5,car,2,0.88,0.265,0.40700000000000003,0.211,0.211
1,17,17.050026,2.9000000000000004,0.0,11,1.0,0,85,16.907977,71,7,car,2,0.92,0.7030000000000001,0.385,0.113,0.122
1,18,18.050007,2.4000000000000004,0.0,11,1.0,0,90,17.908081,71,9,car,2,0.87,0.131,0.404,0.26,0.243
1,19,19.050169,2.9000000000000004,0.0,12,1.0,0,95,18.906702,,7,car,2,0.88,0.72,0.372,0.113,0.115
1,20,20.050117,2.9000000000000004,0.0,13,1.0,0,100,19.905684,70,6,car,2,0.9,0.742,0.379,0.108,0.114
1,21,21.050196,2.8000000000000003,0.0,13,1.0,0,105,20.905992,70,4,car,2,0.85,0.934,0.461,0.128,0.229
1,22,22.050153,2.7,0.0,13,1.0,0,110,21.905867,70,5,car,2,0.9,0.909,0.47600000000000003,0.181,0.255
1,23,23.050191,2.7,0.0,10,1.0,0,115,22.905422,70,6,car,2,0.93,0.839,0.447,0.218,0.183
1,24,24.050164,3.0,0.0,11,1.0,0,120,23.905427,71,8,car,2,0.96,0.179,0.482,0.357,0.46
1,25,25.050079,2.7,0.0,11,1.0,0,125,24.904974,71,6,car,2,0.9500000000000001,0.24,0.466,0.441,0.397
1,26,26.049970,2.4000000000000004,0.0,11,1.0,0,130,25.904325,71,7,car,2,0.96,0.367,0.458,0.342,0.34500000000000003
1,27,27.049959,2.2,0.0,13,1.0,0,135,26.903700,71,6,car,2,0.9400000000000001,0.453,0.452,0.291,0.32
1,28,28.050023,2.7,0.0,14,1.0,0,140,27.903590,70,5,car,2,0.88,0.727,0.40700000000000003,0.10300000000000001,0.1
1,29,29.050135,2.7,0.0,13,1.0,0,145,28.903375,71,5,car,2,0.86,0.539,0.456,0.258,0.28800000000000003
1,30,30.050132,2.9000000000000004,0.0,10,1.0,0,150,29.903176,71,6,car,2,0.91,0.546,0.456,0.256,0.28400000000000003
1,31,31.049990,2.9000000000000004,0.0,11,1.0,0,155,30.903132,71,7,car,2,0.93,0.533,0.454,0.252,0.28300000000000003
1,32,32.049988,2.8000000000000003,0.0,11,1.0,0,160,31.902843,71,7,car,2,0.91,0.529,0.435,0.22,0.252
1,33,33.050092,2.9000000000000004,0.0,11,1.0,0,165,32.902447,71,7,car,2,0.96,0.165,0.455,0.33,0.324
1,34,34.050048,2.9000000000000004,0.0,12,1.0,0,170,33.902338,71,9,car,2,0.9,0.686,0.421,0.126,0.11800000000000001
1,35,35.049996,2.9000000000000004,0.0,14,1.0,0,175,34.901901,71,6,car,2,0.84,0.903,0.424,0.129,0.082
1,36,36.049904,2.6,0.0,15,1.0,0,180,35.901325,71,7,car,2,0.87,0.78,0.442,0.108,0.084
1,37,37.050098,2.8000000000000003,0.0,13,1.0,0,185,36.901044,71,7,car,2,0.9,0.916,0.438,0.123,0.08700000000000001
1,38,38.049915,3.0,0.0,11,1.0,0,190,37.900624,71,7,car,2,0.91,0.544,0.466,0.191,0.226
1,39,39.050109,2.9000000000000004,0.0,11,1.0,0,195,38.900228,71,7,car,2,0.89,0.549,0.458,0.17500000000000002,0.201
1,40,40.050098,2.9000000000000004,0.0,10,1.0,0,200,39.899087,70,5,car,2,0.93,0.918,0.431,0.161,0.131
1,41,41.050104,2.8000000000000003,0.0,11,1.0,0,205,40.898970,70,6,car,2,0.89,0.538,0.41600000000000004,0.168,0.192
1,42,42.050101,2.7,0.0,13,1.0,0,210,41.898869,70,7,car,2,0.91,0.506,0.419,0.17200000000000001,0.203
1,43,43.050123,2.8000000000000003,0.0,16,1.0,0,215,42.898686,71,7,car,2,0.9,0.448,0.426,0.183,0.219
1,44,44.050104,2.8000000000000003,0.0,14,1.0,0,220,43.898102,71,5,car,2,0.9,0.888,0.538,0.222,0.36
1,45,45.050036,2.8000000000000003,0.0,11,1.0,0,225,44.898058,71,7,car,2,0.86,0.263,0.428,0.227,0.227
1,46,46.049895,2.3000000000000003,0.0,11,1.0,0,230,45.897073,71,7,car,2,0.91,0.213,0.417,0.265,0.258
1,47,47.050048,2.3000000000000003,0.0,11,1.0,0,235,46.897463,71,7,car,2,0.9400000000000001,0.16,0.432,0.318,0.328
1,48,48.050061,2.9000000000000004,0.0,11,1.0,0,240,47.896281,71,8,car,2,0.9,0.113,0.522,0.225,0.55
1,49,49.050083,2.9000000000000004,0.0,13,1.0,0,245,48.896762,71,6,car,2,0.89,0.25,0.384,0.271,0.27
1,50,50.050114,3.0,0.0,15,1.0,0,250,49.896325,71,7,car,2,0.87,0.867,0.47300000000000003,0.263,0.254
1,51,51.050119,2.9000000000000004,0.0,14,1.0,0,255,50.895880,71,6,car,2,0.93,0.17300000000000001,0.423,0.34500000000000003,0.437
1,52,52.050084,3.1,0.0,12,1.0,0,260,51.895952,71,10,car,2,0.92,0.15,0.483,0.301,0.661
1,53,53.050106,3.0,0.0,12,1.0,0,265,52.895859,71,10,car,2,0.89,0.8310000000000001,0.41400000000000003,0.199,0.195
1,54,54.050038,3.0,0.0,12,1.0,0,270,53.895234,72,10,car,2,0.91,0.388,0.402,0.14300000000000002,0.128
1,55,55.049945,3.1,0.0,12,1.0,0,275,54.894953,71,10,car,2,0.91,0.342,0.386,0.168,0.154
1,56,56.050074,2.9000000000000004,0.0,11,1.0,0,280,55.893361,,7,car,2,0.89,0.28700000000000003,0.465,0.203,0.183
1,57,57.049907,2.9000000000000004,0.0,16,1.0,0,285,56.893948,71,7,car,2,0.91,0.217,0.449,0.244,0.20700000000000002
1,58,58.050118,2.9000000000000004,0.0,14,1.0,0,290,57.893405,71,7,car,2,0.9,0.791,0.425,0.25,0.247
1,59,59.050058,2.3000000000000003,0.0,13,1.0,0,295,58.893361,,10,car,2,0.89,0.591,0.41500000000000004,0.193,0.148
1,60,60.050006,3.1,0.0,12,1.0,0,300,59.892908,71,10,car,2,0.89,0.435,0.401,0.223,0.158
1,61,61.049946,3.0,0.0,12,1.0,0,305,60.892676,71,8,car,2,0.91,0.376,0.392,0.213,0.153
1,62,62.049944,2.5,0.0,11,1.0,0,310,61.891723,70,6,car,2,0.92,0.364,0.399,0.23700000000000002,0.156
1,63,63.050031,2.9000000000000004,0.0,10,0.5,0,315,62.890762,70,3,car,2,0.92,0.403,0.437,0.247,0.166
1,64,64.050070,2.8000000000000003,0.0,11,0.5,0,320,63.890563,70,3,car,2,0.9,0.367,0.405,0.267,0.16
1,65,65.050002,2.8000000000000003,0.0,13,1.0,0,325,64.890553,71,6,car,2,0.9,0.315,0.395,0.296,0.177
1,66,66.050097,2.7,0.0,14,0.5,0,330,65.889387,70,2,car,2,0.93,0.403,0.40900000000000003,0.28500000000000003,0.186
1,67,67.050086,2.9000000000000004,0.0,10,0.5,0,335,66.889621,70,5,car,2,0.92,0.721,0.47200000000000003,0.267,0.197
1,68,68.050076,2.5,0.0,11,1.0,0,340,67.888824,71,6,car,2,0.92,0.503,0.405,0.14100000000000001,0.16
1,69,69.050098,2.9000000000000004,0.0,10,1.0,0,345,68.889027,70,5,car,2,0.86,0.833,0.464,0.244,0.188
1,70,70.050062,2.9000000000000004,0.0,11,1.0,0,350,69.888844,70,6,car,2,0.88,0.161,0.423,0.321,0.332
1,71,71.050068,2.5,0.0,11,1.0,0,355,70.888849,71,7,car,2,0.91,0.779,0.44,0.198,0.166
1,72,72.050000,2.8000000000000003,0.0,16,1.0,0,360,71.888183,71,7,car,2,0.93,0.77,0.435,0.18,0.153
1,73,73.049866,2.9000000000000004,0.0,13,1.0,0,365,72.887812,71,7,car,2,0.93,0.759,0.439,0.177,0.152
1,74,74.050020,2.5,0.0,12,1.0,0,370,73.886720,,6,car,2,0.89,0.321,0.392,0.161,0.154
1,75,75.050017,2.5,0.0,12,1.0,0,375,74.887283,71,7,car,2,0.9,0.792,0.44,0.195,0.165
1,76,76.049990,2.5,0.0,11,1.0,0,380,75.886183,71,8,car,2,0.92,0.364,0.391,0.127,0.126
1,77,77.050053,2.3000000000000003,0.0,11,1.0,0,385,76.885566,71,6,car,2,0.91,0.842,0.46,0.253,0.195
1,78,78.050017,2.8000000000000003,0.0,10,1.0,0,390,77.885587,70,6,car,2,0.9,0.872,0.457,0.251,0.201
1,79,79.049990,2.4000000000000004,0.0,10,0.5,0,395,78.884856,70,4,car,2,0.92,0.891,0.457,0.212,0.234
1,80,80.050045,2.4000000000000004,0.0,14,1.0,0,400,79.884313,70,5,car,2,0.9,0.916,0.5,0.167,0.299
1,81,81.049977,2.6,0.0,14,0.5,0,405,80.884474,71,6,car,2,0.86,0.9460000000000001,0.5,0.108,0.276
1,82,82.049901,2.7,0.0,13,1.0,0,410,81.883529,70,5,car,2,0.81,0.07200000000000001,0.5650000000000001,0.145,0.441
1,83,83.050021,2.9000000000000004,0.0,10,1.0,0,415,82.884010,70,4,car,2,0.84,0.089,0.534,0.18,0.495
1,84,84.049871,2.9000000000000004,0.0,10,1.0,0,420,83.883147,70,6,car,2,0.81,0.108,0.496,0.217,0.4
1,85,85.050057,2.5,0.0,11,1.0,0,425,84.883645,71,6,car,2,0.9500000000000001,0.127,0.494,0.254,0.395
1,86,86.050038,3.0,0.0,11,1.0,0,430,85.883495,71,6,car,2,0.91,0.145,0.47700000000000004,0.29,0.333
1,87,87.049830,3.0,0.0,12,1.0,0,435,86.882632,70,5,car,2,0.9400000000000001,0.163,0.467,0.326,0.28200000000000003
1,88,88.049951,2.8000000000000003,0.0,13,1.0,0,440,87.882211,71,5,car,2,0.9400000000000001,0.171,0.459,0.342,0.259
1,89,89.049752,2.9000000000000004,0.0,12,1.0,0,445,88.882356,71,6,car,2,0.92,0.18,0.449,0.343,0.252
1,90,90.049700,2.8000000000000003,0.0,14,1.0,0,450,89.881895,71,7,car,2,0.9400000000000001,0.196,0.445,0.331,0.247
1,91,91.049714,2.9000000000000004,0.0,11,1.0,0,455,90.881368,71,6,car,2,0.9,0.188,0.437,0.335,0.251
1,92,92.049760,3.0,0.0,11,1.0,0,460,91.881046,70,7,car,2,0.91,0.762,0.41000000000000003,0.166,0.147
1,93,93.049954,2.8000000000000003,0.0,11,1.0,0,465,92.880331,71,6,car,2,0.93,0.179,0.453,0.34800000000000003,0.272
1,94,94.049919,2.8000000000000003,0.0,10,1.0,0,470,93.880222,70,5,car,2,0.9500000000000001,0.167,0.457,0.334,0.273
1,95,95.050023,2.3000000000000003,0.0,13,1.0,0,475,94.879719,71,7,car,2,0.9400000000000001,0.165,0.452,0.33,0.272
1,96,96.049955,2.8000000000000003,0.0,16,1.0,0,480,95.879053,,6,car,2,0.9,0.164,0.438,0.328,0.258
1,97,97.050034,2.8000000000000003,0.0,13,1.0,0,485,96.879215,71,6,car,2,0.9400000000000001,0.743,0.387,0.128,0.122
1,98,98.049999,3.0,0.0,10,1.0,0,490,97.878770,70,5,car,2,0.9400000000000001,0.757,0.393,0.137,0.134
1,99,99.049931,2.4000000000000004,0.0,11,1.0,0,495,98.878349,,8,car,2,0.9400000000000001,0.771,0.398,0.15,0.137
1,100,100.049986,2.7,0.0,12,1.0,0,500,99.877978,,10,car,2,0.9400000000000001,0.273,0.41300000000000003,0.20700000000000002,0.178
1,101,101.049975,2.9000000000000004,0.0,11,1.0,0,505,100.878393,71,9,car,2,0.93,0.311,0.399,0.176,0.151
1,102,102.049997,2.9000000000000004,0.0,12,1.0,0,510,101.877940,71,8,car,2,0.9400000000000001,0.149,0.47300000000000003,0.298,0.432
1,103,103.049855,3.0,0.0,14,1.0,0,515,102.877528,71,7,car,2,0.93,0.19,0.431,0.325,0.293
1,104,104.049574,3.0,0.0,13,1.0,0,520,103.877378,71,9,car,2,0.92,0.796,0.41300000000000003,0.156,0.158
1,105,105.049588,2.6,0.0,14,1.0,0,525,104.876466,71,10,car,2,0.92,0.796,0.41400000000000003,0.154,0.157
1,106,106.049995,2.2,0.0,13,1.0,0,530,105.876431,71,8,car,2,0.93,0.796,0.41400000000000003,0.154,0.157
1,107,107.049837,2.2,0.0,11,1.0,0,535,106.875929,71,7,car,2,0.93,0.901,0.495,0.196,0.28800000000000003
1,108,108.049941,2.8000000000000003,0.0,11,1.0,0,540,107.875410,71,8,car,2,0.9400000000000001,0.193,0.455,0.321,0.251
1,109,109.050012,2.9000000000000004,0.0,11,1.0,0,545,108.875448,71,7,car,2,0.9,0.382,0.388,0.121,0.125
1,110,110.049960,2.4000000000000004,0.0,11,1.0,0,550,109.874446,71,7,car,2,0.91,0.28600000000000003,0.431,0.20800000000000002,0.167
1,111,111.049974,2.2,0.0,13,1.0,0,555,110.873657,71,7,car,2,0.93,0.834,0.46900000000000003,0.244,0.20600000000000002
1,112,112.049996,2.7,0.0,16,1.0,0,560,111.873024,71,7,car,2,0.9400000000000001,0.8170000000000001,0.458,0.221,0.193
1,113,113.049813,2.8000000000000003,0.0,16,1.0,0,565,112.873661,71,10,car,2,0.92,0.8,0.438,0.213,0.178
1,114,114.049827,3.0,0.0,12,1.0,0,570,113.872978,,8,car,2,0.92,0.267,0.423,0.228,0.186
1,115,115.049931,2.9000000000000004,0.0,11,1.0,0,575,114.872189,,7,car,2,0.92,0.265,0.418,0.224,0.179
1,116,116.049937,2.9000000000000004,0.0,11,1.0,0,580,115.872211,71,6,car,2,0.9400000000000001,0.769,0.427,0.176,0.17200000000000001
1,117,117.049885,2.8000000000000003,0.0,11,1.0,0,585,116.871463,,7,car,2,0.92,0.76,0.41400000000000003,0.165,0.151
1,118,118.049948,3.0,0.0,12,1.0,0,590,117.871034,,6,car,2,0.92,0.316,0.41500000000000004,0.191,0.155
1,119,119.049765,2.9000000000000004,0.0,15,1.0,0,595,118.871040,71,6,car,2,0.92,0.745,0.42,0.146,0.132
1,120,120.049934,2.7,0.0,14,1.0,0,600,119.870669,71,6,car,2,0.92,0.35000000000000003,0.394,0.152,0.132
1,121,121.049948,2.9000000000000004,0.0,13,1.0,0,605,120.870650,71,6,car,2,0.93,0.365,0.391,0.137,0.116
1,122,122.049962,3.0,0.0,11,1.0,0,610,121.870598,71,7,car,2,0.85,0.529,0.385,0.09,0.098
1,123,123.049910,2.8000000000000003,0.0,10,1.0,0,615,122.869424,70,5,car,2,0.8300000000000001,0.11800000000000001,0.505,0.23500000000000001,0.431
1,124,124.049793,2.4000000000000004,0.0,10,1.0,0,620,123.868644,70,4,car,2,0.9500000000000001,0.15,0.456,0.3,0.289
1,125,125.049954,2.9000000000000004,0.0,10,1.0,0,625,124.868264,70,4,car,2,0.87,0.226,0.421,0.258,0.201
1,126,126.049952,2.7,0.0,12,1.0,0,630,125.868294,70,5,car,2,0.93,0.301,0.397,0.177,0.148
1,127,127.049785,2.8000000000000003,0.0,14,0.5,0,635,126.868218,70,4,car,2,0.87,0.34700000000000003,0.384,0.134,0.11
1,128,128.049930,2.8000000000000003,0.0,14,1.0,0,640,127.867888,70,5,car,2,0.84,0.549,0.399,0.1,0.108
1,129,129.049928,3.0,0.0,10,1.0,0,645,128.867836,71,6,car,2,0.91,0.9390000000000001,0.40800000000000003,0.121,0.127
1,130,130.049942,2.9000000000000004,0.0,11,1.0,0,650,129.867416,71,7,car,2,0.91,0.919,0.418,0.159,0.123
1,131,131.049767,3.0,0.0,11,1.0,0,655,130.867405,71,8,car,2,0.86,0.437,0.383,0.075,0.064
1,132,132.049912,2.9000000000000004,0.0,11,1.0,0,660,131.866321,,8,car,2,0.91,0.903,0.502,0.192,0.28700000000000003
1,133,133.049926,2.9000000000000004,0.0,11,1.0,0,665,132.865901,70,3,car,2,0.92,0.88,0.47300000000000003,0.231,0.24
1,134,134.049891,2.7,0.0,12,0.5,0,670,133.864989,,5,car,2,0.92,0.867,0.448,0.258,0.21
1,135,135.049822,2.8000000000000003,0.0,12,1.0,0,675,134.865445,70,5,car,2,0.91,0.843,0.443,0.246,0.187
1,136,136.049893,2.8000000000000003,0.0,14,0.5,0,680,135.864312,70,4,car,2,0.92,0.8320000000000001,0.456,0.23600000000000002,0.194
1,137,137.049907,2.8000000000000003,0.0,11,0.5,0,685,136.864653,71,5,car,2,0.9,0.863,0.459,0.271,0.203
1,138,138.049872,2.9000000000000004,0.0,10,0.5,0,690,137.864028,70,4,car,2,0.9,0.874,0.467,0.25,0.226
1,139,139.049927,2.8000000000000003,0.0,10,1.0,0,695,138.864058,71,6,car,2,0.88,0.869,0.462,0.256,0.227
1,140,140.049900,2.8000000000000003,0.0,11,1.0,0,700,139.863687,71,6,car,2,0.92,0.121,0.497,0.242,0.367
1,141,141.049856,2.4000000000000004,0.0,11,1.0,0,705,140.863423,71,6,car,2,0.89,0.8320000000000001,0.447,0.233,0.183
1,142,142.049895,2.8000000000000003,0.0,14,1.0,0,710,141.862888,71,6,car,2,0.91,0.8270000000000001,0.43,0.23500000000000001,0.164
1,143,143.049892,2.2,0.0,14,1.0,0,715,142.862451,,8,car,2,0.93,0.78,0.43,0.185,0.152
1,144,144.049857,2.8000000000000003,0.0,15,1.0,0,720,143.861924,70,7,car,2,0.92,0.744,0.444,0.156,0.131
1,145,145.049862,3.0,0.0,11,1.0,0,725,144.861823,70,7,car,2,0.9,0.054,0.426,0.107,0.149
1,146,146.049909,2.8000000000000003,0.0,10,1.0,0,730,145.861411,70,7,car,2,0.9,0.8240000000000001,0.403,0.11900000000000001,0.093
1,147,147.049857,3.0,0.0,11,1.0,0,735,146.861244,70,7,car,2,0.91,0.8290000000000001,0.4,0.12,0.094
1,148,148.049838,2.9000000000000004,0.0,10,1.0,0,740,147.860415,70,5,car,2,0.89,0.84,0.403,0.124,0.09
1,149,149.049868,2.8000000000000003,0.0,11,1.0,0,745,148.859945,70,4,car,2,0.87,0.845,0.41100000000000003,0.132,0.098
1,150,150.049841,2.9000000000000004,0.0,14,1.0,0,750,149.859557,70,5,car,2,0.91,0.863,0.428,0.14100000000000001,0.10300000000000001
1,151,151.049839,2.8000000000000003,0.0,12,0.5,0,755,150.859080,70,3,car,2,0.93,0.888,0.405,0.15,0.113
1,152,152.049844,2.8000000000000003,0.0,13,0.5,0,760,151.859085,70,4,car,2,0.9,0.75,0.421,0.162,0.14100000000000001
1,153,153.049866,2.8000000000000003,0.0,10,0.5,0,765,152.858640,70,4,car,2,0.93,0.771,0.437,0.178,0.149
1,154,154.049864,2.8000000000000003,0.0,10,0.5,0,770,153.858384,70,5,car,2,0.9400000000000001,0.806,0.449,0.197,0.17
1,155,155.049763,2.8000000000000003,0.0,10,0.5,0,775,154.858185,70,4,car,2,0.92,0.542,0.424,0.14400000000000002,0.15
1,156,156.049801,2.8000000000000003,0.0,10,0.5,0,780,155.857805,70,5,car,2,0.91,0.879,0.459,0.24,0.226
1,157,157.049815,2.7,0.0,13,1.0,0,785,156.857475,71,5,car,2,0.9,0.523,0.445,0.171,0.179
1,158,158.049821,2.8000000000000003,0.0,12,1.0,0,790,157.857268,71,6,car,2,0.89,0.891,0.508,0.218,0.328
1,159,159.049834,2.3000000000000003,0.0,14,1.0,0,795,158.856209,71,6,car,2,0.92,0.899,0.532,0.202,0.367
1,160,160.049775,2.9000000000000004,0.0,13,1.0,0,800,159.855755,71,6,car,2,0.91,0.895,0.512,0.209,0.353
1,161,161.049838,2.9000000000000004,0.0,11,1.0,0,805,160.855401,70,6,car,2,0.89,0.886,0.49,0.228,0.298
1,162,162.049811,3.0,0.0,11,1.0,0,810,161.855881,70,7,car,2,0.92,0.526,0.432,0.203,0.213
1,163,163.049792,2.4000000000000004,0.0,11,1.0,0,815,162.855125,71,9,car,2,0.9,0.538,0.438,0.178,0.193
1,164,164.049805,2.4000000000000004,0.0,11,1.0,0,820,163.855114,71,10,car,2,0.91,0.181,0.398,0.169,0.11900000000000001
1,165,165.049721,2.9000000000000004,0.0,13,1.0,0,825,164.854284,,10,car,2,0.89,0.907,0.519,0.184,0.319
1,166,166.049784,2.9000000000000004,0.0,15,1.0,0,830,165.854839,71,9,car,2,0.92,0.169,0.454,0.328,0.253
1,167,167.049798,2.8000000000000003,0.0,14,1.0,0,835,166.854140,71,6,car,2,0.91,0.328,0.39,0.169,0.139
1,168,168.049754,2.5,0.0,12,1.0,0,840,167.853392,,7,car,2,0.91,0.811,0.40700000000000003,0.225,0.176
1,169,169.049784,2.9000000000000004,0.0,12,1.0,0,845,168.854061,71,8,car,2,0.9,0.561,0.431,0.199,0.209
1,170,170.049675,3.0,0.0,12,1.0,0,850,169.853796,71,8,car,2,0.92,0.559,0.451,0.213,0.223
1,171,171.049534,2.6,0.0,11,1.0,0,855,170.852688,,9,car,2,0.89,0.063,0.41400000000000003,0.125,0.168
1,172,172.049597,2.4000000000000004,0.0,11,1.0,0,860,171.851645,,6,car,2,0.9,0.859,0.441,0.264,0.232
1,173,173.049791,2.6,0.0,16,1.0,0,865,172.851732,71,8,car,2,0.91,0.776,0.41200000000000003,0.181,0.166
1,174,174.049616,2.8000000000000003,0.0,13,1.0,0,870,173.852279,71,12,car,2,0.86,0.728,0.396,0.134,0.129
1,175,175.049572,2.8000000000000003,0.0,15,1.0,0,875,174.851744,71,10,car,2,0.92,0.894,0.47100000000000003,0.211,0.382
1,176,176.049521,2.6,0.0,13,1.0,0,880,175.850660,,9,car,2,0.91,0.55,0.40900000000000003,0.183,0.209
1,177,177.049518,2.8000000000000003,0.0,11,1.0,0,885,176.850387,71,6,car,2,0.9,0.5670000000000001,0.386,0.19,0.198
1,178,178.049565,2.8000000000000003,0.0,11,1.0,0,890,177.850516,71,7,car,2,0.9400000000000001,0.782,0.402,0.17500000000000002,0.163
1,179,179.050308,2.8000000000000003,0.0,11,1.0,0,895,178.850235,71,9,car,2,0.92,0.339,0.373,0.155,0.131
1,180,180.049748,3.0,0.0,12,1.0,0,900,179.849601,71,9,car,2,0.9,0.533,0.42,0.214,0.22
1,181,181.050163,3.0,0.0,14,1.0,0,905,180.849107,70,6,car,2,0.88,0.366,0.383,0.133,0.113
1,182,182.050013,2.5,0.0,15,1.0,0,910,181.849064,71,8,car,2,0.8300000000000001,0.5740000000000001,0.464,0.243,0.257
1,183,183.049708,2.9000000000000004,0.0,13,1.0,0,915,182.848561,71,7,car,2,0.93,0.774,0.5,0.329,0.325
1,184,184.049812,3.0,0.0,11,1.0,0,920,183.848337,71,8,car,2,0.9,0.908,0.5630000000000001,0.182,0.387
1,185,185.049637,3.0,0.0,11,1.0,0,925,184.848016,71,7,car,2,0.8200000000000001,0.8160000000000001,0.357,0.063,0.054
1,186,186.049872,2.7,0.0,11,1.0,0,930,185.847595,71,9,car,2,0.84,0.931,0.385,0.133,0.128
1,187,187.049976,2.9000000000000004,0.0,11,1.0,0,935,186.847724,71,12,car,2,0.87,0.911,0.401,0.17300000000000001,0.128
1,188,188.049703,3.0,0.0,12,1.0,0,940,187.847058,71,7,car,2,0.9,0.169,0.387,0.14,0.11900000000000001
1,189,189.049799,2.7,0.0,15,1.0,0,945,188.845769,71,6,car,2,0.87,0.058,0.405,0.115,0.17300000000000001
1,190,190.049747,2.9000000000000004,0.0,14,1.0,0,950,189.845701,70,5,car,2,0.86,0.915,0.5630000000000001,0.168,0.393
1,191,191.049958,2.8000000000000003,0.0,12,1.0,0,955,190.844699,70,6,car,2,0.87,0.906,0.541,0.187,0.368
1,192,192.049717,2.7,0.0,11,1.0,0,960,191.844803,71,8,car,2,0.77,0.905,0.561,0.19,0.398
1,193,193.049813,3.0,0.0,12,1.0,0,965,192.845750,71,12,car,2,0.8,0.921,0.532,0.157,0.327
1,194,194.049860,2.6,0.0,12,1.0,0,970,193.845125,71,9,car,2,0.87,0.88,0.41200000000000003,0.148,0.10300000000000001
1,195,195.049472,2.3000000000000003,0.0,11,1.0,0,976,195.043197,71,8,car,2,0.9,0.928,0.435,0.14100000000000001,0.14200000000000002
1,196,196.049379,2.8000000000000003,0.0,15,1.0,0,981,196.043580,71,8,car,2,0.85,0.17500000000000002,0.404,0.11900000000000001,0.078
1,197,197.049369,2.8000000000000003,0.0,15,1.0,0,986,197.042233,,6,car,2,0.87,0.508,0.41600000000000004,0.117,0.11900000000000001
1,198,198.049464,2.6,0.0,13,1.0,0,991,198.042526,,10,car,2,0.93,0.514,0.42,0.126,0.133
1,199,199.049372,2.9000000000000004,0.0,11,1.0,0,996,199.042171,71,8,car,2,0.92,0.515,0.41400000000000003,0.151,0.153
1,200,200.049369,3.0,0.0,11,1.0,0,1001,200.041382,,6,car,2,0.87,0.768,0.384,0.099,0.08600000000000001
1,201,201.049407,3.0,0.0,10,1.0,0,1006,201.041117,70,7,car,2,0.84,0.528,0.431,0.179,0.189
1,202,202.049446,2.5,0.0,10,1.0,0,1011,202.040656,70,5,car,2,0.86,0.527,0.437,0.185,0.198
1,203,203.049550,2.9000000000000004,0.0,11,1.0,0,1016,203.040612,70,5,car,2,0.86,0.929,0.417,0.14100000000000001,0.164
1,204,204.049474,2.7,0.0,15,0.5,0,1021,204.040348,70,4,car,2,0.9,0.853,0.41100000000000003,0.167,0.14
1,205,205.049455,2.9000000000000004,0.0,14,1.0,0,1026,205.039501,70,6,car,2,0.93,0.777,0.397,0.148,0.121
1,206,206.049477,3.1,0.0,10,1.0,0,1031,206.039876,70,6,car,2,0.92,0.132,0.582,0.265,0.579
1,207,207.049490,3.1,0.0,11,1.0,0,1036,207.039701,70,6,car,2,0.92,0.774,0.384,0.12,0.114
1,208,208.049455,3.0,0.0,12,1.0,0,1041,208.039404,71,7,car,2,0.89,0.117,0.378,0.209,0.14300000000000002
1,209,209.049494,3.0,0.0,11,1.0,0,1046,209.038713,70,6,car,2,0.89,0.193,0.356,0.157,0.11
1,210,210.049401,3.0,0.0,12,1.0,0,1051,210.038465,70,6,car,2,0.89,0.343,0.371,0.165,0.157
1,211,211.049316,2.8000000000000003,0.0,13,1.0,0,1056,211.037528,,6,car,2,0.91,0.106,0.369,0.212,0.157
1,212,212.049388,2.9000000000000004,0.0,14,1.0,0,1061,212.038206,71,7,car,2,0.91,0.261,0.4,0.259,0.213
1,213,213.049442,2.8000000000000003,0.0,13,1.0,0,1066,213.037818,71,6,car,2,0.91,0.225,0.427,0.3,0.228
1,214,214.049415,3.0,0.0,11,1.0,0,1071,214.037512,71,7,car,2,0.9,0.893,0.516,0.212,0.337
1,215,215.049445,3.0,0.0,10,1.0,0,1076,215.036953,71,5,car,2,0.9400000000000001,0.277,0.426,0.24,0.195
1,216,216.049377,2.9000000000000004,0.0,11,1.0,0,1081,216.036827,71,7,car,2,0.9400000000000001,0.8180000000000001,0.436,0.231,0.195
1,217,217.049350,2.8000000000000003,0.0,11,1.0,0,1086,217.037734,71,9,car,2,0.93,0.365,0.382,0.156,0.128
1,218,218.049389,2.7,0.0,14,1.0,0,1091,218.036265,71,9,car,2,0.84,0.112,0.376,0.22,0.145
1,219,219.049435,3.0,0.0,14,1.0,0,1096,219.035615,71,7,car,2,0.9,0.13,0.367,0.171,0.132
1,220,220.049359,2.9000000000000004,0.0,15,1.0,0,1101,220.035564,71,7,car,2,0.9,0.112,0.373,0.157,0.11800000000000001
1,221,221.049397,3.0,0.0,12,1.0,0,1106,221.034996,71,7,car,2,0.9,0.107,0.36,0.157,0.115
1,222,222.049354,2.9000000000000004,0.0,11,1.0,0,1111,222.034584,71,7,car,2,0.87,0.11,0.368,0.156,0.107
1,223,223.049327,2.7,0.0,11,1.0,0,1116,223.033557,71,6,car,2,0.9,0.11,0.372,0.152,0.10200000000000001
1,224,224.049316,2.9000000000000004,0.0,10,1.0,0,1121,224.033440,70,6,car,2,0.86,0.108,0.372,0.163,0.10200000000000001
1,225,225.049256,2.9000000000000004,0.0,10,1.0,0,1126,225.032405,71,6,car,2,0.91,0.108,0.364,0.167,0.105
1,226,226.049335,2.5,0.0,13,1.0,0,1131,226.032501,70,7,car,2,0.91,0.10400000000000001,0.374,0.162,0.10300000000000001
1,227,227.049382,2.8000000000000003,0.0,12,1.0,0,1136,227.032441,71,6,car,2,0.93,0.085,0.386,0.164,0.1
1,228,228.049257,2.6,0.0,15,1.0,0,1141,228.031619,,7,car,2,0.92,0.063,0.394,0.125,0.107
1,229,229.049336,2.9000000000000004,0.0,12,1.0,0,1146,229.032051,71,9,bus,5,0.92,0.895,0.318,0.209,0.406
1,230,230.049374,2.9000000000000004,0.0,11,1.0,0,1151,230.030877,70,3,bus,5,0.86,0.841,0.315,0.317,0.488
1,231,231.049232,2.9000000000000004,0.0,10,1.0,0,1156,231.030260,,6,bus,5,0.9400000000000001,0.805,0.316,0.386,0.439
1,232,232.049295,2.9000000000000004,0.0,10,1.0,0,1161,232.030905,71,7,bus,5,0.9400000000000001,0.795,0.317,0.40900000000000003,0.40900000000000003
1,233,233.049252,2.8000000000000003,0.0,11,1.0,0,1166,233.030164,70,6,bus,5,0.9500000000000001,0.798,0.34,0.402,0.405
1,234,234.049307,2.4000000000000004,0.0,13,1.0,0,1171,234.030105,71,6,bus,5,0.9400000000000001,0.806,0.329,0.366,0.343
1,235,235.049378,2.9000000000000004,0.0,15,1.0,0,1176,235.030291,71,8,bus,5,0.9400000000000001,0.783,0.321,0.316,0.29
1,236,236.049170,2.8000000000000003,0.0,14,1.0,0,1181,236.029354,71,6,bus,5,0.9400000000000001,0.756,0.322,0.261,0.255
1,237,237.049258,2.9000000000000004,0.0,11,1.0,0,1186,237.029130,71,7,car,2,0.9400000000000001,0.558,0.5,0.322,0.323
1,238,238.049280,3.0,0.0,11,1.0,0,1191,238.028505,71,8,car,2,0.9500000000000001,0.5740000000000001,0.499,0.305,0.301
1,239,239.049187,3.0,0.0,11,1.0,0,1196,239.028650,71,7,car,2,0.93,0.601,0.492,0.272,0.271
1,240,240.049169,3.0,0.0,11,1.0,0,1201,240.028254,71,7,car,2,0.91,0.895,0.481,0.20800000000000002,0.268
1,241,241.049207,3.0,0.0,11,1.0,0,1206,241.027400,71,7,car,2,0.89,0.908,0.532,0.184,0.352
1,242,242.049204,2.4000000000000004,0.0,14,1.0,0,1211,242.027209,71,9,car,2,0.88,0.09,0.4,0.125,0.148
1,243,243.049267,2.6,0.0,15,1.0,0,1216,243.027354,71,10,car,2,0.9,0.558,0.453,0.17,0.14300000000000002
1,244,244.049257,2.9000000000000004,0.0,15,1.0,0,1221,244.027212,71,12,car,2,0.92,0.551,0.423,0.156,0.158
1,245,245.049205,3.0,0.0,13,1.0,0,1226,245.026669,71,10,car,2,0.92,0.218,0.417,0.297,0.268
1,246,246.049243,3.0,0.0,11,1.0,0,1231,246.026191,71,9,car,2,0.92,0.226,0.41500000000000004,0.297,0.263
1,247,247.049273,3.0,0.0,11,1.0,0,1236,247.025836,71,8,car,2,0.91,0.5700000000000001,0.427,0.155,0.146
1,248,248.049230,3.0,0.0,11,1.0,0,1241,248.024662,71,8,car,2,0.93,0.585,0.426,0.158,0.158
1,249,249.049236,3.0,0.0,11,1.0,0,1246,249.025299,71,9,car,2,0.91,0.604,0.431,0.157,0.149
1,250,250.049208,3.0,0.0,14,1.0,0,1251,250.024845,71,11,car,2,0.93,0.611,0.422,0.157,0.155
1,251,251.049271,3.0,0.0,13,1.0,0,1256,251.024163,71,10,car,2,0.92,0.64,0.439,0.17300000000000001,0.168
1,252,252.049097,3.0,0.0,15,1.0,0,1261,252.023849,71,11,car,2,0.89,0.709,0.453,0.228,0.215
1,253,253.049119,3.0,0.0,14,1.0,0,1266,253.024010,71,10,car,2,0.93,0.847,0.498,0.304,0.32
1,254,254.049108,3.0,0.0,12,1.0,0,1271,254.024295,72,12,car,2,0.9,0.259,0.396,0.156,0.107
1,255,255.049171,2.9000000000000004,0.0,13,1.0,0,1276,255.022277,71,11,car,2,0.92,0.075,0.388,0.15,0.122
1,256,256.049111,2.9000000000000004,0.0,12,1.0,0,1281,256.022946,71,9,bus,5,0.89,0.884,0.336,0.229,0.273
1,257,257.049076,3.0,0.0,12,1.0,0,1286,257.022616,71,9,car,2,0.91,0.809,0.4,0.131,0.101
1,258,258.049106,2.9000000000000004,0.0,13,1.0,0,1291,258.021548,71,7,car,2,0.9400000000000001,0.163,0.463,0.326,0.309
1,259,259.049161,3.0,0.0,15,1.0,0,1296,259.020874,,8,car,2,0.91,0.867,0.41000000000000003,0.139,0.14
1,260,260.049060,2.7,0.0,15,1.0,0,1301,260.020838,,10,car,2,0.88,0.678,0.434,0.274,0.279
1,261,261.049033,3.0,0.0,12,1.0,0,1306,261.019910,71,10,car,2,0.91,0.789,0.424,0.12,0.133
1,262,262.049047,3.0,0.0,11,1.0,0,1311,262.020170,71,9,car,2,0.93,0.78,0.418,0.136,0.136
1,263,263.049011,3.1,0.0,11,1.0,0,1316,263.019422,71,8,car,2,0.9400000000000001,0.794,0.419,0.166,0.155
1,264,264.049033,3.0,0.0,11,1.0,0,1321,264.019640,71,7,car,2,0.9400000000000001,0.834,0.429,0.20600000000000002,0.17200000000000001
1,265,265.049031,3.0,0.0,11,1.0,0,1326,265.019089,71,8,car,2,0.91,0.859,0.437,0.259,0.193
1,266,266.049061,2.9000000000000004,0.0,14,1.0,0,1331,266.018906,71,8,car,2,0.91,0.883,0.47100000000000003,0.227,0.219
1,267,267.048985,3.0,0.0,14,1.0,0,1336,267.018740,71,8,car,2,0.91,0.424,0.403,0.159,0.14
1,268,268.049146,3.0,0.0,13,1.0,0,1341,268.017533,,8,car,2,0.91,0.151,0.45,0.302,0.257
1,269,269.049094,3.0,0.0,13,1.0,0,1346,269.017842,71,7,car,2,0.9,0.28500000000000003,0.438,0.292,0.222
1,270,270.049018,3.0,0.0,11,1.0,0,1351,270.017593,71,8,car,2,0.9,0.3,0.438,0.277,0.226
1,271,271.049097,3.0,0.0,11,1.0,0,1356,271.016837,71,6,car,2,0.91,0.556,0.404,0.14,0.16
1,272,272.049291,3.0,0.0,11,1.0,0,1361,272.016482,,9,car,2,0.9400000000000001,0.541,0.404,0.15,0.171
1,273,273.049322,3.0,0.0,11,1.0,0,1366,273.016365,71,7,car,2,0.9500000000000001,0.162,0.45,0.323,0.279
1,274,274.049082,2.9000000000000004,0.0,15,1.0,0,1371,274.015929,71,7,car,2,0.9400000000000001,0.155,0.45,0.31,0.268
1,275,275.049054,3.0,0.0,15,1.0,0,1376,275.015590,71,8,car,2,0.9400000000000001,0.15,0.449,0.299,0.28800000000000003
1,276,276.048986,3.0,0.0,13,1.0,0,1381,276.015514,71,8,car,2,0.93,0.149,0.435,0.298,0.272
1,277,277.049197,2.7,0.0,12,1.0,0,1386,277.015257,71,8,car,2,0.91,0.902,0.533,0.194,0.41000000000000003
1,278,278.049243,3.0,0.0,11,1.0,0,1391,278.015124,71,9,car,2,0.93,0.155,0.437,0.31,0.23900000000000002
1,279,279.049347,3.0,0.0,11,1.0,0,1396,279.013876,,8,car,2,0.9,0.16,0.428,0.318,0.246
1,280,280.049173,3.0,0.0,12,1.0,0,1401,280.014103,71,10,car,2,0.92,0.183,0.419,0.295,0.22
1,281,281.049277,2.9000000000000004,0.0,13,1.0,0,1406,281.013232,71,9,car,2,0.9,0.197,0.423,0.277,0.20400000000000001
1,282,282.049086,3.0,0.0,15,1.0,0,1411,282.013229,71,9,car,2,0.92,0.20600000000000002,0.423,0.266,0.20400000000000001
1,283,283.049198,3.0,0.0,17,1.0,0,1416,283.013292,71,9,car,2,0.92,0.218,0.427,0.257,0.2
1,284,284.049179,2.9000000000000004,0.0,12,1.0,0,1421,284.012388,71,8,car,2,0.88,0.232,0.43,0.251,0.216
1,285,285.049266,2.9000000000000004,0.0,11,1.0,0,1426,285.011059,71,8,car,2,0.92,0.25,0.425,0.227,0.186
1,286,286.049018,3.0,0.0,11,1.0,0,1431,286.012023,71,9,car,2,0.9,0.273,0.418,0.21,0.177
1,287,287.049294,3.0,0.0,12,1.0,0,1436,287.011127,71,7,car,2,0.91,0.546,0.418,0.127,0.148
1,288,288.049242,3.0,0.0,11,1.0,0,1441,288.010953,71,7,car,2,0.91,0.547,0.402,0.122,0.14
1,289,289.049289,2.6,0.0,14,1.0,0,1446,289.010475,71,7,car,2,0.9400000000000001,0.343,0.382,0.153,0.132
1,290,290.049090,3.0,0.0,15,1.0,0,1451,290.010260,71,8,car,2,0.9500000000000001,0.359,0.391,0.147,0.132
1,291,291.049128,3.1,0.0,15,1.0,0,1456,291.010077,71,9,car,2,0.9,0.541,0.382,0.116,0.132
1,292,292.049216,3.1,0.0,12,1.0,0,1461,292.009878,71,9,car,2,0.87,0.536,0.382,0.116,0.136
1,293,293.049205,3.0,0.0,11,1.0,0,1466,293.008900,71,7,car,2,0.91,0.765,0.394,0.17200000000000001,0.153
1,294,294.049129,3.1,0.0,12,1.0,0,1471,294.009045,71,8,car,2,0.9,0.842,0.41100000000000003,0.243,0.221
1,295,295.049093,3.0,0.0,12,1.0,0,1476,295.008952,71,11,car,2,0.92,0.263,0.374,0.15,0.121
1,296,296.048902,3.1,0.0,13,1.0,0,1481,296.008614,71,9,car,2,0.93,0.752,0.394,0.153,0.15
1,297,297.049072,3.1,0.0,16,1.0,0,1486,297.008423,71,9,car,2,0.89,0.09,0.366,0.181,0.222
1,298,298.048954,3.0,0.0,17,1.0,0,1491,298.008035,71,11,car,2,0.91,0.091,0.379,0.182,0.216
1,299,299.049108,3.0,0.0,13,1.0,0,1496,299.007238,71,9,car,2,0.9,0.546,0.38,0.123,0.115
1,300,300.049220,3.0,0.0,12,1.0,0,1500,299.806614,71,8,car,2,0.93,0.135,0.488,0.27,0.534
0,,301.049062,0.0,0.0,6,0.0,0,,,,,,,,,,,
0,,302.049165,0.0,0.0,117,0.0,0,,,,,,,,,,,
0,,303.049163,0.0,0.0,9,0.0,0,,,,,,,,,,,
0,,304.049021,0.0,0.0,12,0.0,0,,,,,,,,,,,
0,,305.049068,0.0,0.0,14,0.0,0,,,,,,,,,,,
