run,model,raw,t_axis_ms,canoe_ts_s,interval_ms,Seq,DetCount,Fps,EdgeMs,SeqGap
1,yolov6n,off,0,0.000000,,0,0,0.0,0,0
1,yolov6n,off,186,0.186253,,1,0,5.0,0,0
1,yolov6n,off,354,0.353772,167.519,2,1,5.0,108,0
1,yolov6n,off,515,0.515105,161.333,3,0,5.0,70,0
1,yolov6n,off,715,0.715121,200.016,4,1,5.0,70,0
1,yolov6n,off,914,0.914383,199.262,5,1,5.0,70,0
1,yolov6n,off,1115,1.114989,200.606,6,0,5.0,70,0
1,yolov6n,off,1315,1.314849,199.86,7,0,5.0,70,0
1,yolov6n,off,1515,1.514619,199.77,8,1,5.0,70,0
1,yolov6n,off,1714,1.713570,198.951,9,0,5.0,69,0
1,yolov6n,off,1914,1.913717,200.147,10,0,5.0,0,0
1,yolov6n,off,2114,2.113553,199.836,11,0,5.0,70,0
1,yolov6n,off,2314,2.314322,200.769,12,0,5.0,70,0
1,yolov6n,off,2514,2.514174,199.852,13,0,5.0,69,0
1,yolov6n,off,2713,2.713256,199.082,14,0,5.0,69,0
1,yolov6n,off,2914,2.913837,200.581,15,0,5.0,69,0
1,yolov6n,off,3114,3.113755,199.918,16,0,5.0,69,0
1,yolov6n,off,3314,3.313877,200.122,17,0,5.0,70,0
1,yolov6n,off,3514,3.513688,199.811,18,0,5.0,69,0
1,yolov6n,off,3714,3.713606,199.918,19,0,5.0,69,0
1,yolov6n,off,3914,3.913605,199.999,20,0,5.0,69,0
1,yolov6n,off,4113,4.112769,199.164,21,0,5.0,70,0
1,yolov6n,off,4314,4.313563,200.794,22,0,5.0,69,0
1,yolov6n,off,4514,4.513538,199.975,23,0,5.0,70,0
1,yolov6n,off,4713,4.713382,199.844,24,0,5.0,69,0
1,yolov6n,off,4913,4.913332,199.95,25,0,5.0,69,0
1,yolov6n,off,5113,5.113193,199.861,26,0,5.0,70,0
1,yolov6n,off,5312,5.312397,199.204,27,0,5.0,0,0
1,yolov6n,off,5513,5.513036,200.639,28,0,5.0,69,0
1,yolov6n,off,5713,5.712986,199.95,29,0,5.0,69,0
1,yolov6n,off,5912,5.912322,199.336,30,0,5.0,0,0
1,yolov6n,off,6113,6.113075,200.753,31,0,5.0,70,0
1,yolov6n,off,6312,6.312256,199.181,32,0,5.0,69,0
1,yolov6n,off,6513,6.512738,200.482,33,0,5.0,69,0
1,yolov6n,off,6713,6.712640,199.902,34,0,5.0,70,0
1,yolov6n,off,6913,6.912606,199.966,35,0,5.0,69,0
1,yolov6n,off,7113,7.112688,200.082,36,0,5.0,70,0
1,yolov6n,off,7312,7.311721,199.033,37,0,5.0,69,0
1,yolov6n,off,7512,7.511540,199.819,38,0,5.0,0,0
1,yolov6n,off,7712,7.712219,200.679,39,0,5.0,69,0
1,yolov6n,off,7912,7.912243,200.024,40,0,5.0,70,0
1,yolov6n,off,8112,8.112087,199.844,41,0,5.0,70,0
1,yolov6n,off,8312,8.312103,200.016,42,0,5.0,70,0
1,yolov6n,off,8512,8.512053,199.95,43,0,5.0,70,0
1,yolov6n,off,8712,8.711963,199.91,44,0,5.0,69,0
1,yolov6n,off,8912,8.911741,199.778,45,0,5.0,70,0
1,yolov6n,off,9112,9.111896,200.155,46,0,5.0,70,0
1,yolov6n,off,9311,9.311085,199.189,47,0,5.0,69,0
1,yolov6n,off,9512,9.512182,201.097,48,0,5.0,69,0
1,yolov6n,off,9712,9.711583,199.401,49,0,5.0,69,0
1,yolov6n,off,9911,9.911476,199.893,50,0,5.0,69,0
1,yolov6n,off,10112,10.111722,200.246,51,0,5.0,70,0
1,yolov6n,off,10310,10.310476,198.754,52,0,5.0,70,0
1,yolov6n,off,10511,10.510828,200.352,53,0,5.0,70,0
1,yolov6n,off,10711,10.711106,200.278,54,0,5.0,69,0
1,yolov6n,off,10911,10.911179,200.073,55,0,5.0,69,0
1,yolov6n,off,11112,11.111957,200.778,56,0,5.0,70,0
1,yolov6n,off,11311,11.310989,199.032,57,0,5.0,70,0
1,yolov6n,off,11511,11.510915,199.926,58,0,5.0,69,0
1,yolov6n,off,11711,11.710726,199.811,59,0,5.0,69,0
1,yolov6n,off,11911,11.910816,200.09,60,0,5.0,70,0
1,yolov6n,off,12111,12.111282,200.466,61,0,5.0,70,0
1,yolov6n,off,12311,12.310700,199.418,62,0,5.0,69,0
1,yolov6n,off,12511,12.510585,199.885,63,0,5.0,69,0
1,yolov6n,off,12710,12.710413,199.828,64,0,5.0,69,0
1,yolov6n,off,12910,12.910182,199.769,65,0,5.0,69,0
1,yolov6n,off,13111,13.110518,200.336,66,0,5.0,70,0
1,yolov6n,off,13310,13.310427,199.909,67,0,5.0,70,0
1,yolov6n,off,13510,13.510173,199.746,68,0,5.0,69,0
1,yolov6n,off,13710,13.710287,200.114,69,0,5.0,69,0
1,yolov6n,off,13910,13.910360,200.073,70,0,5.0,70,0
1,yolov6n,off,14110,14.110097,199.737,71,0,5.0,70,0
1,yolov6n,off,14310,14.309860,199.763,72,0,5.0,69,0
1,yolov6n,off,14510,14.509728,199.868,73,0,5.0,69,0
1,yolov6n,off,14710,14.709605,199.877,74,0,5.0,69,0
1,yolov6n,off,14910,14.909629,200.024,75,0,5.0,70,0
1,yolov6n,off,15110,15.109906,200.277,76,0,5.0,70,0
1,yolov6n,off,15310,15.309595,199.689,77,0,5.0,70,0
1,yolov6n,off,15509,15.509348,199.753,78,0,5.0,69,0
1,yolov6n,off,15709,15.709381,200.033,79,0,5.0,69,0
1,yolov6n,off,15909,15.909102,199.721,80,0,5.0,69,0
1,yolov6n,off,16109,16.109388,200.286,81,0,5.0,70,0
1,yolov6n,off,16309,16.309215,199.827,82,0,5.0,69,0
1,yolov6n,off,16508,16.508379,199.164,83,0,5.0,0,0
1,yolov6n,off,16709,16.709288,200.909,84,0,5.0,69,0
1,yolov6n,off,16909,16.908821,199.533,85,0,5.0,69,0
1,yolov6n,off,17109,17.108992,200.171,86,0,5.0,70,0
1,yolov6n,off,17309,17.308803,199.811,87,0,5.0,69,0
1,yolov6n,off,17509,17.508713,199.91,88,0,5.0,69,0
1,yolov6n,off,17709,17.708606,199.893,89,0,5.0,69,0
1,yolov6n,off,17908,17.907819,199.213,90,0,5.0,69,0
1,yolov6n,off,18109,18.108662,200.843,91,0,5.0,70,0
