model,raw,seq,t_send_s,dev_t_s,edge_ms,pc_ms,post_ms,raw_bytes,n_objects
yolov6n,off,0,1791298762.564177,8.757499,332.637,-173.7,0.0,0,4
yolov6n,off,1,1791298762.751266,8.957430,156.222,-9.64,0.0,0,4
yolov6n,off,2,1791298762.917355,9.157362,110.081,1.97,0.0,0,3
yolov6n,off,3,1791298763.078381,9.357292,70.793,3.02,0.0,0,5
yolov6n,off,4,1791298763.277473,9.557224,70.641,2.48,0.0,0,6
yolov6n,off,5,1791298763.477923,9.757155,70.44,3.07,0.0,0,4
yolov6n,off,6,1791298763.677626,9.957086,70.281,2.99,0.0,0,2
yolov6n,off,7,1791298763.877933,10.157018,70.802,2.82,0.0,0,5
yolov6n,off,8,1791298764.077504,10.356949,70.275,3.05,0.0,0,5
yolov6n,off,9,1791298764.276884,10.556880,69.777,2.98,0.0,0,2
yolov6n,off,10,1791298764.475717,10.756811,69.606,2.05,0.0,0,2
yolov6n,off,11,1791298764.676780,10.956743,69.725,3.05,0.0,0,3
yolov6n,off,12,1791298764.877153,11.156674,70.378,2.83,0.0,0,5
yolov6n,off,13,1791298765.076782,11.356605,69.858,3.09,0.0,0,4
yolov6n,off,14,1791298765.276863,11.556537,70.081,2.96,0.0,0,5
yolov6n,off,15,1791298765.476604,11.756468,69.965,2.89,0.0,0,3
yolov6n,off,16,1791298765.676820,11.956400,70.043,3.12,0.0,0,3
yolov6n,off,17,1791298765.876668,12.156331,70.247,2.81,0.0,0,4
yolov6n,off,18,1791298766.076790,12.356262,70.059,3.18,0.0,0,5
yolov6n,off,19,1791298766.276349,12.556193,69.936,2.93,0.0,0,4
yolov6n,off,20,1791298766.475845,12.756125,70.074,2.32,0.0,0,5
yolov6n,off,21,1791298766.676377,12.956056,69.997,3.05,0.0,0,4
yolov6n,off,22,1791298766.876103,13.155987,70.139,2.71,0.0,0,5
yolov6n,off,23,1791298767.075070,13.355919,69.909,1.98,0.0,0,4
yolov6n,off,24,1791298767.275821,13.555850,69.823,2.9,0.0,0,2
yolov6n,off,25,1791298767.475739,13.755781,69.755,2.92,0.0,0,2
yolov6n,off,26,1791298767.675492,13.955713,69.808,2.74,0.0,0,5
yolov6n,off,27,1791298767.875347,14.155644,69.927,2.53,0.0,0,2
yolov6n,off,28,1791298768.074572,14.355575,69.868,1.87,0.0,0,2
yolov6n,off,29,1791298768.274707,14.555507,69.923,2.02,0.0,0,2
yolov6n,off,30,1791298768.475665,14.755438,69.83,3.1,0.0,0,5
yolov6n,off,31,1791298768.674552,14.955369,69.806,2.11,0.0,0,2
yolov6n,off,32,1791298768.875551,15.155301,70.46,2.51,0.0,0,6
yolov6n,off,33,1791298769.075697,15.355232,70.483,2.7,0.0,0,4
yolov6n,off,34,1791298769.274802,15.555163,70.376,2.21,0.0,0,4
yolov6n,off,35,1791298769.475552,15.755095,70.359,2.98,0.0,0,4
yolov6n,off,36,1791298769.675239,15.955026,70.241,2.94,0.0,0,4
yolov6n,off,37,1791298769.875595,16.154957,70.771,2.77,0.0,0,5
yolov6n,off,38,1791298770.074817,16.354889,70.405,2.49,0.0,0,4
yolov6n,off,39,1791298770.275229,16.554820,70.385,2.95,0.0,0,4
yolov6n,off,40,1791298770.475276,16.754751,70.506,2.91,0.0,0,4
yolov6n,off,41,1791298770.674366,16.954682,70.338,2.29,0.0,0,5
yolov6n,off,42,1791298770.874953,17.154614,70.52,2.75,0.0,0,5
yolov6n,off,43,1791298771.074824,17.354545,70.3,2.91,0.0,0,5
yolov6n,off,44,1791298771.274258,17.554476,70.294,2.46,0.0,0,4
yolov6n,off,45,1791298771.474702,17.754408,70.337,2.86,0.0,0,4
yolov6n,off,46,1791298771.674046,17.954339,70.433,2.24,0.0,0,5
yolov6n,off,47,1791298771.874398,18.154270,70.312,2.75,0.0,0,5
yolov6n,off,48,1791298772.074300,18.354202,70.1,2.93,0.0,0,5
yolov6n,off,49,1791298772.273718,18.554133,70.175,2.32,0.0,0,3
yolov6n,off,50,1791298772.474649,18.754065,70.368,3.09,0.0,0,4
yolov6n,off,51,1791298772.673409,18.953996,70.282,2.11,0.0,0,4
yolov6n,off,52,1791298772.873293,19.153927,70.256,2.06,0.0,0,4
yolov6n,off,53,1791298773.073263,19.353858,69.932,2.41,0.0,0,4
yolov6n,off,54,1791298773.273576,19.553790,70.205,2.44,0.0,0,5
yolov6n,off,55,1791298773.474109,19.753721,70.42,2.9,0.0,0,5
yolov6n,off,56,1791298773.673240,19.953652,70.399,2.16,0.0,0,5
yolov6n,off,57,1791298773.873894,20.153584,70.528,2.71,0.0,0,5
yolov6n,off,58,1791298774.073526,20.353515,70.399,2.53,0.0,0,5
yolov6n,off,59,1791298774.273988,20.553446,70.425,3.01,0.0,0,5
yolov6n,off,60,1791298774.473049,20.753378,70.541,2.07,0.0,0,5
yolov6n,off,61,1791298774.673101,20.953309,70.467,2.26,0.0,0,5
yolov6n,off,62,1791298774.873469,21.153240,70.592,2.55,0.0,0,6
yolov6n,off,63,1791298775.073620,21.353172,70.55,2.81,0.0,0,6
yolov6n,off,64,1791298775.273400,21.553103,70.376,2.86,0.0,0,4
yolov6n,off,65,1791298775.473260,21.753034,70.43,2.74,0.0,0,4
yolov6n,off,66,1791298775.672596,21.952966,70.429,2.15,0.0,0,4
yolov6n,off,67,1791298775.873125,22.152897,70.634,2.51,0.0,0,3
yolov6n,off,68,1791298776.072545,22.352828,70.342,2.31,0.0,0,4
yolov6n,off,69,1791298776.272631,22.552760,70.316,2.48,0.0,0,4
yolov6n,off,70,1791298776.472574,22.752691,70.236,2.55,0.0,0,4
yolov6n,off,71,1791298776.672194,22.952622,70.178,2.41,0.0,0,4
yolov6n,off,72,1791298776.873138,23.152554,70.938,2.62,0.0,0,5
yolov6n,off,73,1791298777.071959,23.352485,70.082,2.4,0.0,0,4
yolov6n,off,74,1791298777.271582,23.552416,70.062,2.08,0.0,0,3
yolov6n,off,75,1791298777.472628,23.752347,70.313,2.92,0.0,0,5
yolov6n,off,76,1791298777.672036,23.952279,70.387,2.37,0.0,0,5
yolov6n,off,77,1791298777.872390,24.152210,70.394,2.77,0.0,0,6
yolov6n,off,78,1791298778.072463,24.352141,70.399,2.89,0.0,0,6
yolov6n,off,79,1791298778.271882,24.552073,70.41,2.39,0.0,0,6
yolov6n,off,80,1791298778.472323,24.752004,70.411,2.87,0.0,0,5
yolov6n,off,81,1791298778.672678,24.951935,70.75,2.94,0.0,0,7
yolov6n,off,82,1791298778.872669,25.151867,70.586,3.15,0.0,0,7
yolov6n,off,83,1791298779.072327,25.351798,70.68,2.82,0.0,0,7
yolov6n,off,84,1791298779.272677,25.551729,70.931,2.94,0.0,0,8
yolov6n,off,85,1791298779.472262,25.751661,70.631,2.94,0.0,0,7
yolov6n,off,86,1791298779.671689,25.951592,70.849,2.25,0.0,0,7
yolov6n,off,87,1791298779.872294,26.151523,70.94,2.8,0.0,0,6
yolov6n,off,88,1791298780.071484,26.351455,70.67,2.37,0.0,0,8
yolov6n,off,89,1791298780.271596,26.551386,70.879,2.29,0.0,0,8
yolov6n,off,90,1791298780.472380,26.751317,70.892,3.1,0.0,0,9
yolov6n,off,91,1791298780.671870,26.951248,70.657,2.94,0.0,0,7
yolov6n,off,92,1791298780.872402,27.151180,71.134,3.03,0.0,0,8
yolov6n,off,93,1791298781.071934,27.351111,70.935,2.87,0.0,0,7
yolov6n,off,94,1791298781.271844,27.551042,70.851,2.93,0.0,0,7
yolov6n,off,95,1791298781.471035,27.750974,70.772,2.25,0.0,0,7
yolov6n,off,96,1791298781.671486,27.950905,70.58,2.98,0.0,0,6
yolov6n,off,97,1791298781.871388,28.150836,70.609,2.93,0.0,0,6
yolov6n,off,98,1791298782.071248,28.350768,70.53,2.93,0.0,0,7
yolov6n,off,99,1791298782.270700,28.550699,70.373,2.58,0.0,0,4
yolov6n,off,100,1791298782.470166,28.750630,70.467,2.21,0.0,0,6
yolov6n,off,101,1791298782.670891,28.950562,70.447,2.87,0.0,0,5
yolov6n,off,102,1791298782.870831,29.150493,70.494,2.84,0.0,0,5
yolov6n,off,103,1791298783.070785,29.350425,70.484,2.84,0.0,0,5
yolov6n,off,104,1791298783.270617,29.550356,70.326,2.9,0.0,0,7
yolov6n,off,105,1791298783.470308,29.750287,70.204,2.81,0.0,0,4
yolov6n,off,106,1791298783.670446,29.950218,70.306,2.91,0.0,0,5
yolov6n,off,107,1791298783.870174,30.150150,70.323,2.69,0.0,0,5
yolov6n,off,108,1791298784.069152,30.350081,70.081,2.08,0.0,0,4
yolov6n,off,109,1791298784.269691,30.550012,70.38,2.37,0.0,0,5
yolov6n,off,110,1791298784.470178,30.749944,70.322,2.99,0.0,0,5
yolov6n,off,111,1791298784.669421,30.949875,70.375,2.26,0.0,0,5
yolov6n,off,112,1791298784.870481,31.149807,70.997,2.72,0.0,0,7
yolov6n,off,113,1791298785.069485,31.349738,70.387,2.44,0.0,0,7
yolov6n,off,114,1791298785.269646,31.549669,70.146,2.88,0.0,0,4
yolov6n,off,115,1791298785.469755,31.749600,70.131,3.06,0.0,0,6
yolov6n,off,116,1791298785.669826,31.949532,70.322,3.05,0.0,0,6
yolov6n,off,117,1791298785.869819,32.149463,70.73,2.74,0.0,0,6
yolov6n,off,118,1791298786.069815,32.349394,70.401,3.06,0.0,0,8
yolov6n,off,119,1791298786.269210,32.549325,70.676,2.27,0.0,0,8
yolov6n,off,120,1791298786.469766,32.749257,70.611,2.97,0.0,0,8
yolov6n,off,121,1791298786.669719,32.949188,70.499,2.94,0.0,0,7
yolov6n,off,122,1791298786.869110,33.149119,70.809,2.29,0.0,0,8
yolov6n,off,123,1791298787.068834,33.349051,70.562,2.29,0.0,0,8
yolov6n,off,124,1791298787.269197,33.548982,70.577,2.69,0.0,0,7
yolov6n,off,125,1791298787.469294,33.748914,70.507,2.95,0.0,0,6
yolov6n,off,126,1791298787.669343,33.948845,70.627,2.94,0.0,0,7
yolov6n,off,127,1791298787.868577,34.148776,70.764,2.13,0.0,0,7
yolov6n,off,128,1791298788.068841,34.348707,70.513,2.72,0.0,0,6
yolov6n,off,129,1791298788.268389,34.548639,70.651,2.18,0.0,0,6
yolov6n,off,130,1791298788.468668,34.748570,70.762,2.35,0.0,0,7
yolov6n,off,131,1791298788.668270,34.948501,70.631,2.22,0.0,0,6
yolov6n,off,132,1791298788.868704,35.148433,71.259,2.11,0.0,0,6
yolov6n,off,133,1791298789.068086,35.348364,70.608,2.22,0.0,0,6
yolov6n,off,134,1791298789.268577,35.548295,70.535,2.81,0.0,0,5
yolov6n,off,135,1791298789.468054,35.748227,70.661,2.23,0.0,0,6
yolov6n,off,136,1791298789.668216,35.948158,70.403,2.74,0.0,0,5
yolov6n,off,137,1791298789.867556,36.148089,70.781,1.79,0.0,0,6
yolov6n,off,138,1791298790.067369,36.348021,70.236,2.2,0.0,0,5
yolov6n,off,139,1791298790.268090,36.547952,70.357,2.84,0.0,0,5
yolov6n,off,140,1791298790.467955,36.747883,70.304,2.83,0.0,0,5
yolov6n,off,141,1791298790.667953,36.947815,70.381,2.84,0.0,0,5
yolov6n,off,142,1791298790.867992,37.147746,70.71,2.62,0.0,0,5
yolov6n,off,143,1791298791.068082,37.347677,70.601,2.86,0.0,0,6
yolov6n,off,144,1791298791.267850,37.547608,70.58,2.74,0.0,0,6
yolov6n,off,145,1791298791.467722,37.747540,70.599,2.65,0.0,0,5
yolov6n,off,146,1791298791.667628,37.947471,70.503,2.78,0.0,0,5
yolov6n,off,147,1791298791.867888,38.147403,70.812,2.84,0.0,0,6
yolov6n,off,148,1791298792.067641,38.347334,70.541,2.92,0.0,0,5
yolov6n,off,149,1791298792.267558,38.547265,70.498,2.94,0.0,0,6
yolov6n,off,150,1791298792.467547,38.747196,70.604,2.88,0.0,0,6
yolov6n,off,151,1791298792.667028,38.947128,70.62,2.43,0.0,0,7
yolov6n,off,152,1791298792.867583,39.147059,70.641,3.01,0.0,0,7
yolov6n,off,153,1791298793.067075,39.346990,70.718,2.51,0.0,0,7
yolov6n,off,154,1791298793.267678,39.546922,70.836,3.01,0.0,0,8
yolov6n,off,155,1791298793.467456,39.746853,70.88,2.89,0.0,0,7
yolov6n,off,156,1791298793.667484,39.946784,70.783,3.08,0.0,0,7
yolov6n,off,157,1791298793.867744,40.146716,71.311,2.84,0.0,0,6
yolov6n,off,158,1791298794.066666,40.346647,70.901,2.3,0.0,0,6
yolov6n,off,159,1791298794.267045,40.546578,70.814,2.81,0.0,0,6
yolov6n,off,160,1791298794.467201,40.746510,70.864,2.98,0.0,0,7
yolov6n,off,161,1791298794.667116,40.946441,70.812,2.99,0.0,0,6
yolov6n,off,162,1791298794.867000,41.146372,70.883,2.91,0.0,0,6
yolov6n,off,163,1791298795.066234,41.346304,70.756,2.33,0.0,0,6
yolov6n,off,164,1791298795.266697,41.546235,70.654,2.92,0.0,0,6
yolov6n,off,165,1791298795.466832,41.746166,70.731,3.08,0.0,0,7
yolov6n,off,166,1791298795.666684,41.946097,70.757,2.97,0.0,0,7
yolov6n,off,167,1791298795.866564,42.146029,70.811,2.87,0.0,0,7
yolov6n,off,168,1791298796.066325,42.345960,70.582,2.95,0.0,0,7
yolov6n,off,169,1791298796.266617,42.545892,70.935,2.93,0.0,0,7
yolov6n,off,170,1791298796.466679,42.745823,71.138,2.83,0.0,0,9
yolov6n,off,171,1791298796.666934,42.945754,71.273,3.03,0.0,0,10
yolov6n,off,172,1791298796.867034,43.145685,71.79,2.71,0.0,0,9
yolov6n,off,173,1791298797.066807,43.345617,71.35,2.94,0.0,0,8
yolov6n,off,174,1791298797.266326,43.545548,71.002,2.94,0.0,0,6
yolov6n,off,175,1791298797.466249,43.745479,71.025,2.91,0.0,0,6
yolov6n,off,176,1791298797.666377,43.945411,71.052,3.08,0.0,0,6
yolov6n,off,177,1791298797.866120,44.145342,71.424,2.49,0.0,0,6
yolov6n,off,178,1791298798.065350,44.345273,70.831,2.57,0.0,0,7
yolov6n,off,179,1791298798.265657,44.545205,70.691,2.9,0.0,0,7
yolov6n,off,180,1791298798.465705,44.745136,71.083,2.65,0.0,0,7
yolov6n,off,181,1791298798.665802,44.945068,70.996,2.9,0.0,0,7
yolov6n,off,182,1791298798.865395,45.144999,71.376,2.19,0.0,0,7
yolov6n,off,183,1791298799.065436,45.344930,70.792,2.85,0.0,0,6
yolov6n,off,184,1791298799.264644,45.544861,70.776,2.24,0.0,0,6
yolov6n,off,185,1791298799.465410,45.744793,70.915,2.94,0.0,0,7
yolov6n,off,186,1791298799.665368,45.944724,70.961,2.92,0.0,0,7
yolov6n,off,187,1791298799.864735,46.144655,71.044,2.26,0.0,0,7
yolov6n,off,188,1791298800.065506,46.344587,71.177,2.96,0.0,0,9
yolov6n,off,189,1791298800.265309,46.544518,70.905,3.07,0.0,0,8
yolov6n,off,190,1791298800.464991,46.744449,70.744,3.01,0.0,0,7
yolov6n,off,191,1791298800.664927,46.944381,70.853,2.93,0.0,0,7
yolov6n,off,192,1791298800.864297,47.144312,71.003,2.22,0.0,0,6
yolov6n,off,193,1791298801.064815,47.344243,70.849,2.96,0.0,0,6
yolov6n,off,194,1791298801.264609,47.544174,70.78,2.83,0.0,0,6
yolov6n,off,195,1791298801.464633,47.744106,70.778,2.93,0.0,0,7
yolov6n,off,196,1791298801.664604,47.944037,70.837,2.93,0.0,0,7
yolov6n,off,197,1791298801.864600,48.143969,70.954,2.89,0.0,0,6
yolov6n,off,198,1791298802.063823,48.343900,70.336,2.83,0.0,0,5
yolov6n,off,199,1791298802.263850,48.543831,70.145,3.12,0.0,0,5
yolov6n,off,200,1791298802.463434,48.743762,70.079,2.81,0.0,0,5
yolov6n,off,201,1791298802.663487,48.943694,70.211,2.82,0.0,0,6
yolov6n,off,202,1791298802.863193,49.143625,70.577,2.24,0.0,0,6
yolov6n,off,203,1791298803.063607,49.343556,70.416,2.82,0.0,0,5
yolov6n,off,204,1791298803.263608,49.543488,70.431,2.87,0.0,0,6
yolov6n,off,205,1791298803.463320,49.743419,70.364,2.77,0.0,0,6
yolov6n,off,206,1791298803.663615,49.943350,70.397,3.08,0.0,0,5
yolov6n,off,207,1791298803.863023,50.143282,70.755,2.22,0.0,0,7
yolov6n,off,208,1791298804.062783,50.343213,70.649,2.2,0.0,0,7
yolov6n,off,209,1791298804.263222,50.543145,70.593,2.72,0.0,0,7
yolov6n,off,210,1791298804.463238,50.743076,70.488,2.88,0.0,0,7
yolov6n,off,211,1791298804.663330,50.943007,70.71,2.85,0.0,0,7
yolov6n,off,212,1791298804.863445,51.142938,70.993,2.75,0.0,0,6
yolov6n,off,213,1791298805.062073,51.342870,70.651,1.82,0.0,0,6
yolov6n,off,214,1791298805.263245,51.542801,70.852,2.78,0.0,0,8
yolov6n,off,215,1791298805.463076,51.742732,70.675,2.9,0.0,0,7
yolov6n,off,216,1791298805.663235,51.942664,70.974,2.8,0.0,0,7
yolov6n,off,217,1791298805.863340,52.142595,71.155,2.79,0.0,0,9
yolov6n,off,218,1791298806.062344,52.342526,70.946,2.13,0.0,0,6
yolov6n,off,219,1791298806.262785,52.542458,70.754,2.82,0.0,0,6
yolov6n,off,220,1791298806.462428,52.742389,70.602,2.83,0.0,0,5
yolov6n,off,221,1791298806.662566,52.942320,70.789,2.83,0.0,0,6
yolov6n,off,222,1791298806.862570,53.142251,70.786,2.9,0.0,0,6
yolov6n,off,223,1791298807.061743,53.342183,70.864,2.13,0.0,0,6
yolov6n,off,224,1791298807.261679,53.542114,71.018,2.08,0.0,0,7
yolov6n,off,225,1791298807.462406,53.742046,70.799,2.94,0.0,0,7
yolov6n,off,226,1791298807.661689,53.941977,70.997,2.14,0.0,0,7
yolov6n,off,227,1791298807.862707,54.141908,71.306,2.83,0.0,0,8
yolov6n,off,228,1791298808.061727,54.341840,70.994,2.28,0.0,0,8
yolov6n,off,229,1791298808.261600,54.541771,70.821,2.38,0.0,0,7
yolov6n,off,230,1791298808.461452,54.741702,70.828,2.29,0.0,0,7
yolov6n,off,231,1791298808.661224,54.941634,70.705,2.28,0.0,0,8
yolov6n,off,232,1791298808.862029,55.141565,71.22,2.66,0.0,0,7
yolov6n,off,233,1791298809.060886,55.341496,70.666,2.15,0.0,0,6
yolov6n,off,234,1791298809.261028,55.541427,70.675,2.31,0.0,0,7
yolov6n,off,235,1791298809.461854,55.741359,70.726,3.14,0.0,0,7
yolov6n,off,236,1791298809.661788,55.941290,70.88,2.92,0.0,0,8
yolov6n,off,237,1791298809.861474,56.141221,71.305,2.42,0.0,0,9
yolov6n,off,238,1791298810.061472,56.341153,70.784,2.91,0.0,0,8
yolov6n,off,239,1791298810.261578,56.541084,70.789,3.02,0.0,0,8
yolov6n,off,240,1791298810.460771,56.741015,71.143,2.08,0.0,0,8
yolov6n,off,241,1791298810.661386,56.940947,70.886,2.93,0.0,0,7
yolov6n,off,242,1791298810.861337,57.140878,70.851,2.96,0.0,0,7
yolov6n,off,243,1791298811.061430,57.340810,71.103,2.93,0.0,0,8
yolov6n,off,244,1791298811.260978,57.540741,71.08,2.5,0.0,0,7
yolov6n,off,245,1791298811.461138,57.740672,70.918,2.93,0.0,0,6
yolov6n,off,246,1791298811.661115,57.940603,70.859,3.0,0.0,0,7
yolov6n,off,247,1791298811.860925,58.140535,70.965,2.81,0.0,0,6
yolov6n,off,248,1791298812.060711,58.340466,70.696,2.87,0.0,0,7
yolov6n,off,249,1791298812.261117,58.540397,71.02,2.96,0.0,0,7
yolov6n,off,250,1791298812.460733,58.740328,70.802,2.95,0.0,0,7
yolov6n,off,251,1791298812.659828,58.940260,70.818,2.16,0.0,0,8
yolov6n,off,252,1791298812.859836,59.140191,71.039,2.13,0.0,0,8
yolov6n,off,253,1791298813.060829,59.340123,71.037,3.04,0.0,0,8
yolov6n,off,254,1791298813.260473,59.540054,70.829,2.97,0.0,0,6
yolov6n,off,255,1791298813.460262,59.739985,70.725,2.9,0.0,0,6
yolov6n,off,256,1791298813.659976,59.939916,70.781,2.69,0.0,0,7
yolov6n,off,257,1791298813.860387,60.139848,70.918,3.09,0.0,0,9
yolov6n,off,258,1791298814.060014,60.339779,70.681,3.02,0.0,0,7
yolov6n,off,259,1791298814.260278,60.539710,70.897,3.11,0.0,0,10
yolov6n,off,260,1791298814.460325,60.739642,71.015,3.1,0.0,0,10
yolov6n,off,261,1791298814.660334,60.939573,71.194,3.03,0.0,0,9
yolov6n,off,262,1791298814.860914,61.139504,71.518,3.33,0.0,0,10
yolov6n,off,263,1791298815.060701,61.339436,71.64,3.07,0.0,0,9
yolov6n,off,264,1791298815.260449,61.539367,71.586,2.96,0.0,0,10
yolov6n,off,265,1791298815.460253,61.739298,71.344,3.04,0.0,0,10
yolov6n,off,266,1791298815.660281,61.939230,71.318,3.19,0.0,0,10
yolov6n,off,267,1791298815.860326,62.139161,71.566,3.03,0.0,0,10
yolov6n,off,268,1791298816.059400,62.339092,71.62,2.32,0.0,0,10
yolov6n,off,269,1791298816.260328,62.539024,71.647,3.09,0.0,0,10
yolov6n,off,270,1791298816.459630,62.738955,71.72,2.39,0.0,0,10
yolov6n,off,271,1791298816.659950,62.938886,71.435,3.06,0.0,0,9
yolov6n,off,272,1791298816.859835,63.138818,71.405,3.04,0.0,0,10
yolov6n,off,273,1791298817.059436,63.338749,71.038,3.1,0.0,0,11
yolov6n,off,274,1791298817.258543,63.538680,71.146,2.14,0.0,0,10
yolov6n,off,275,1791298817.459327,63.738612,70.988,3.15,0.0,0,10
yolov6n,off,276,1791298817.659277,63.938543,71.157,3.01,0.0,0,9
yolov6n,off,277,1791298817.859251,64.138474,71.352,2.91,0.0,0,6
yolov6n,off,278,1791298818.058603,64.338406,70.716,2.93,0.0,0,6
yolov6n,off,279,1791298818.258471,64.538337,70.773,2.84,0.0,0,6
yolov6n,off,280,1791298818.457899,64.738268,71.031,2.24,0.0,0,7
yolov6n,off,281,1791298818.658726,64.938200,71.097,2.83,0.0,0,7
yolov6n,off,282,1791298818.858816,65.138131,71.289,2.88,0.0,0,6
yolov6n,off,283,1791298819.058341,65.338062,70.755,3.01,0.0,0,6
yolov6n,off,284,1791298819.258600,65.537993,71.115,2.94,0.0,0,8
yolov6n,off,285,1791298819.458340,65.737925,70.906,2.99,0.0,0,7
yolov6n,off,286,1791298819.658391,65.937856,71.033,2.94,0.0,0,8
yolov6n,off,287,1791298819.858712,66.137787,71.452,2.89,0.0,0,7
yolov6n,off,288,1791298820.057684,66.337719,70.586,2.84,0.0,0,6
yolov6n,off,289,1791298820.257860,66.537650,70.747,2.92,0.0,0,6
yolov6n,off,290,1791298820.457808,66.737581,70.736,2.9,0.0,0,7
yolov6n,off,291,1791298820.657605,66.937513,70.658,2.88,0.0,0,7
yolov6n,off,292,1791298820.856665,67.137444,70.602,2.23,0.0,0,6
yolov6n,off,293,1791298821.056317,67.337375,70.134,2.31,0.0,0,6
yolov6n,off,294,1791298821.257335,67.537307,71.231,2.25,0.0,0,11
yolov6n,off,295,1791298821.457616,67.737238,71.339,2.58,0.0,0,10
yolov6n,off,296,1791298821.658059,67.937169,71.315,3.15,0.0,0,9
yolov6n,off,297,1791298821.857807,68.137101,71.534,2.74,0.0,0,11
yolov6n,off,298,1791298822.057924,68.337032,71.278,3.15,0.0,0,11
yolov6n,off,299,1791298822.256910,68.536963,71.116,2.44,0.0,0,9
yolov6n,off,300,1791298822.457296,68.736895,70.851,3.12,0.0,0,10
yolov6n,off,301,1791298822.657212,68.936826,70.924,3.04,0.0,0,9
yolov6n,off,302,1791298822.857056,69.136757,70.767,3.12,0.0,0,8
yolov6n,off,303,1791298823.056911,69.336688,70.839,2.98,0.0,0,9
yolov6n,off,304,1791298823.256285,69.536620,70.812,2.45,0.0,0,9
yolov6n,off,305,1791298823.457084,69.736551,70.955,3.15,0.0,0,8
yolov6n,off,306,1791298823.656391,69.936483,70.996,2.53,0.0,0,9
yolov6n,off,307,1791298823.857034,70.136414,71.026,3.14,0.0,0,8
yolov6n,off,308,1791298824.055961,70.336345,70.893,2.38,0.0,0,7
yolov6n,off,309,1791298824.255734,70.536276,70.812,2.25,0.0,0,7
yolov6n,off,310,1791298824.456102,70.736208,70.5,2.98,0.0,0,6
yolov6n,off,311,1791298824.655704,70.936139,70.635,2.49,0.0,0,6
yolov6n,off,312,1791298824.855838,71.136070,70.35,3.02,0.0,0,4
yolov6n,off,313,1791298825.055860,71.336002,70.484,2.96,0.0,0,4
yolov6n,off,314,1791298825.254861,71.535933,70.161,2.37,0.0,0,4
yolov6n,off,315,1791298825.455189,71.735865,70.05,2.89,0.0,0,3
yolov6n,off,316,1791298825.654724,71.935796,70.132,2.39,0.0,0,3
yolov6n,off,317,1791298825.855042,72.135727,70.095,2.84,0.0,0,3
yolov6n,off,318,1791298826.055097,72.335659,70.175,2.87,0.0,0,3
yolov6n,off,319,1791298826.254878,72.535590,70.196,2.7,0.0,0,3
yolov6n,off,320,1791298826.454968,72.735521,70.14,2.91,0.0,0,3
yolov6n,off,321,1791298826.655331,72.935452,70.596,2.87,0.0,0,7
yolov6n,off,322,1791298826.855298,73.135384,70.672,2.84,0.0,0,7
yolov6n,off,323,1791298827.054298,73.335315,70.362,2.28,0.0,0,5
yolov6n,off,324,1791298827.254836,73.535246,70.253,2.95,0.0,0,4
yolov6n,off,325,1791298827.454989,73.735178,70.547,2.84,0.0,0,6
yolov6n,off,326,1791298827.654239,73.935109,70.131,2.64,0.0,0,3
yolov6n,off,327,1791298827.854712,74.135040,70.312,2.91,0.0,0,3
yolov6n,off,328,1791298828.054453,74.334972,70.273,2.85,0.0,0,3
yolov6n,off,329,1791298828.254214,74.534903,70.233,2.69,0.0,0,4
yolov6n,off,330,1791298828.453830,74.734834,69.89,2.73,0.0,0,2
yolov6n,off,331,1791298828.653620,74.934766,70.037,2.4,0.0,0,2
yolov6n,off,332,1791298828.853906,75.134697,69.961,2.94,0.0,0,2
yolov6n,off,333,1791298829.053861,75.334628,69.96,3.0,0.0,0,2
yolov6n,off,334,1791298829.254067,75.534559,70.193,3.0,0.0,0,3
yolov6n,off,335,1791298829.454065,75.734491,70.376,2.88,0.0,0,5
yolov6n,off,336,1791298829.653872,75.934422,70.616,2.51,0.0,0,6
yolov6n,off,337,1791298829.854269,76.134353,70.618,2.96,0.0,0,9
yolov6n,off,338,1791298830.053421,76.334285,70.579,2.29,0.0,0,7
yolov6n,off,339,1791298830.254116,76.534216,70.569,3.0,0.0,0,6
yolov6n,off,340,1791298830.453253,76.734147,70.533,2.22,0.0,0,6
yolov6n,off,341,1791298830.653615,76.934079,70.38,2.78,0.0,0,4
yolov6n,off,342,1791298830.852905,77.134010,70.441,2.17,0.0,0,6
yolov6n,off,343,1791298831.053722,77.333941,70.537,2.91,0.0,0,5
yolov6n,off,344,1791298831.253472,77.533873,70.27,2.98,0.0,0,5
yolov6n,off,345,1791298831.453417,77.733804,70.402,2.86,0.0,0,5
yolov6n,off,346,1791298831.653291,77.933735,70.382,2.86,0.0,0,5
yolov6n,off,347,1791298831.853651,78.133667,70.464,3.13,0.0,0,8
yolov6n,off,348,1791298832.052784,78.333598,70.569,2.32,0.0,0,7
yolov6n,off,349,1791298832.252616,78.533529,70.467,2.3,0.0,0,6
yolov6n,off,350,1791298832.453252,78.733461,70.447,3.01,0.0,0,6
yolov6n,off,351,1791298832.652943,78.933392,70.722,2.49,0.0,0,8
yolov6n,off,352,1791298832.853736,79.133323,70.975,3.07,0.0,0,8
yolov6n,off,353,1791298833.052713,79.333255,70.885,2.25,0.0,0,7
yolov6n,off,354,1791298833.252746,79.533186,70.93,2.28,0.0,0,8
yolov6n,off,355,1791298833.453274,79.733117,70.86,2.96,0.0,0,7
yolov6n,off,356,1791298833.652962,79.933048,70.623,2.97,0.0,0,6
yolov6n,off,357,1791298833.853190,80.132980,70.772,3.07,0.0,0,8
yolov6n,off,358,1791298834.052576,80.332911,70.982,2.34,0.0,0,9
yolov6n,off,359,1791298834.251784,80.532843,70.752,1.88,0.0,0,7
yolov6n,off,360,1791298834.452616,80.732774,70.63,2.82,0.0,0,7
yolov6n,off,361,1791298834.652972,80.932705,71.008,2.93,0.0,0,8
yolov6n,off,362,1791298834.852893,81.132637,70.932,2.96,0.0,0,8
yolov6n,off,363,1791298835.051973,81.332568,71.094,2.07,0.0,0,7
yolov6n,off,364,1791298835.252838,81.532499,71.093,2.91,0.0,0,8
yolov6n,off,365,1791298835.452281,81.732431,70.852,2.68,0.0,0,7
yolov6n,off,366,1791298835.651917,81.932362,70.502,2.74,0.0,0,5
yolov6n,off,367,1791298835.851321,82.132293,70.496,2.23,0.0,0,5
yolov6n,off,368,1791298836.051136,82.332224,70.392,2.2,0.0,0,7
yolov6n,off,369,1791298836.251745,82.532156,70.309,2.9,0.0,0,6
yolov6n,off,370,1791298836.451174,82.732087,70.506,2.29,0.0,0,6
yolov6n,off,371,1791298836.650805,82.932018,70.445,2.01,0.0,0,6
yolov6n,off,372,1791298836.851574,83.131950,70.395,2.92,0.0,0,6
yolov6n,off,373,1791298837.051203,83.331881,70.602,2.46,0.0,0,6
yolov6n,off,374,1791298837.251345,83.531812,70.861,2.43,0.0,0,9
yolov6n,off,375,1791298837.451761,83.731744,70.768,2.99,0.0,0,7
yolov6n,off,376,1791298837.650981,83.931675,70.61,2.47,0.0,0,7
yolov6n,off,377,1791298837.851382,84.131606,70.583,2.97,0.0,0,7
yolov6n,off,378,1791298838.050673,84.331538,70.506,2.28,0.0,0,6
yolov6n,off,379,1791298838.251355,84.531469,70.609,3.05,0.0,0,7
yolov6n,off,380,1791298838.450655,84.731400,70.845,2.21,0.0,0,8
yolov6n,off,381,1791298838.650781,84.931332,70.814,2.37,0.0,0,9
yolov6n,off,382,1791298838.850302,85.131263,70.52,2.29,0.0,0,7
yolov6n,off,383,1791298839.050497,85.331194,70.742,2.31,0.0,0,7
yolov6n,off,384,1791298839.250842,85.531126,70.536,2.94,0.0,0,7
yolov6n,off,385,1791298839.450071,85.731057,70.555,2.28,0.0,0,6
yolov6n,off,386,1791298839.649888,85.930988,70.293,2.41,0.0,0,5
yolov6n,off,387,1791298839.850044,86.130919,70.08,2.83,0.0,0,4
yolov6n,off,388,1791298840.049654,86.330851,70.422,2.21,0.0,0,5
yolov6n,off,389,1791298840.250391,86.530782,70.446,2.91,0.0,0,5
yolov6n,off,390,1791298840.450041,86.730714,70.394,2.75,0.0,0,6
yolov6n,off,391,1791298840.650032,86.930645,70.252,2.91,0.0,0,5
yolov6n,off,392,1791298840.849502,87.130576,70.299,2.41,0.0,0,4
yolov6n,off,393,1791298841.049299,87.330507,70.476,2.14,0.0,0,5
yolov6n,off,394,1791298841.249855,87.530439,70.297,2.9,0.0,0,4
yolov6n,off,395,1791298841.449285,87.730370,70.333,2.37,0.0,0,4
yolov6n,off,396,1791298841.649247,87.930301,70.387,2.35,0.0,0,4
yolov6n,off,397,1791298841.848873,88.130233,70.405,2.17,0.0,0,4
yolov6n,off,398,1791298842.049438,88.330164,70.357,2.7,0.0,0,4
yolov6n,off,399,1791298842.249854,88.530095,70.552,2.99,0.0,0,6
yolov6n,off,400,1791298842.448771,88.730027,70.225,2.26,0.0,0,5
yolov6n,off,401,1791298842.649225,88.929958,70.308,2.75,0.0,0,4
yolov6n,off,402,1791298842.849266,89.129889,70.271,2.89,0.0,0,4
yolov6n,off,403,1791298843.048485,89.329821,70.174,2.27,0.0,0,4
yolov6n,off,404,1791298843.248805,89.529752,70.214,2.6,0.0,0,4
yolov6n,off,405,1791298843.448929,89.729683,70.503,2.53,0.0,0,6
yolov6n,off,406,1791298843.649203,89.929615,70.616,2.74,0.0,0,6
yolov6n,off,407,1791298843.849398,90.129546,70.709,2.89,0.0,0,6
yolov6n,off,408,1791298844.048439,90.329477,70.498,2.22,0.0,0,6
yolov6n,off,409,1791298844.249262,90.529409,70.722,3.04,0.0,0,7
yolov6n,off,410,1791298844.448015,90.729340,70.188,2.41,0.0,0,5
yolov6n,off,411,1791298844.647868,90.929271,70.224,2.33,0.0,0,5
yolov6n,off,412,1791298844.848483,91.129202,70.309,2.88,0.0,0,5
yolov6n,off,413,1791298845.048490,91.329134,70.364,2.91,0.0,0,5
yolov6n,off,414,1791298845.248293,91.529065,70.234,2.92,0.0,0,4
yolov6n,off,415,1791298845.448420,91.728996,70.355,2.97,0.0,0,4
yolov6n,off,416,1791298845.648078,91.928928,70.1,2.97,0.0,0,5
yolov6n,off,417,1791298845.848342,92.128859,70.483,2.92,0.0,0,6
yolov6n,off,418,1791298846.047357,92.328791,70.219,2.24,0.0,0,6
yolov6n,off,419,1791298846.248109,92.528722,70.371,2.91,0.0,0,6
yolov6n,off,420,1791298846.447604,92.728653,70.481,2.35,0.0,0,6
yolov6n,off,421,1791298846.647805,92.928584,70.671,2.49,0.0,0,6
yolov6n,off,422,1791298846.848350,93.128516,70.7,3.0,0.0,0,7
yolov6n,off,423,1791298847.047547,93.328447,70.68,2.32,0.0,0,6
yolov6n,off,424,1791298847.247564,93.528378,70.626,2.45,0.0,0,7
yolov6n,off,425,1791298847.448122,93.728310,70.75,2.98,0.0,0,6
yolov6n,off,426,1791298847.648196,93.928241,70.859,2.99,0.0,0,7
yolov6n,off,427,1791298847.848017,94.128172,70.726,3.03,0.0,0,6
yolov6n,off,428,1791298848.047443,94.328104,70.799,2.44,0.0,0,7
yolov6n,off,429,1791298848.247051,94.528035,70.559,2.37,0.0,0,6
yolov6n,off,430,1791298848.447920,94.727966,70.526,3.33,0.0,0,6
yolov6n,off,431,1791298848.647813,94.927898,70.688,3.14,0.0,0,6
yolov6n,off,432,1791298848.847625,95.127829,70.573,3.11,0.0,0,6
yolov6n,off,433,1791298849.046534,95.327760,70.38,2.33,0.0,0,4
yolov6n,off,434,1791298849.247188,95.527691,70.401,3.01,0.0,0,4
yolov6n,off,435,1791298849.447091,95.727623,70.401,2.99,0.0,0,5
yolov6n,off,436,1791298849.646961,95.927554,70.54,2.79,0.0,0,5
yolov6n,off,437,1791298849.847121,96.127485,70.637,2.89,0.0,0,6
yolov6n,off,438,1791298850.046780,96.327417,70.593,2.7,0.0,0,5
yolov6n,off,439,1791298850.246925,96.527348,70.642,2.85,0.0,0,5
yolov6n,off,440,1791298850.446675,96.727280,70.588,2.7,0.0,0,5
yolov6n,off,441,1791298850.646708,96.927211,70.446,2.94,0.0,0,4
yolov6n,off,442,1791298850.846776,97.127142,70.607,2.94,0.0,0,6
yolov6n,off,443,1791298851.046087,97.327074,70.738,2.19,0.0,0,6
yolov6n,off,444,1791298851.246634,97.527005,70.494,2.99,0.0,0,5
yolov6n,off,445,1791298851.446822,97.726936,70.74,3.03,0.0,0,6
yolov6n,off,446,1791298851.645445,97.926867,70.696,1.83,0.0,0,6
yolov6n,off,447,1791298851.846171,98.126799,70.501,2.79,0.0,0,6
yolov6n,off,448,1791298852.046494,98.326730,70.629,3.02,0.0,0,6
yolov6n,off,449,1791298852.245946,98.526661,70.54,2.63,0.0,0,6
yolov6n,off,450,1791298852.446330,98.726593,70.602,3.06,0.0,0,7
yolov6n,off,451,1791298852.646344,98.926524,70.753,2.99,0.0,0,6
yolov6n,off,452,1791298852.845714,99.126455,70.752,2.37,0.0,0,7
yolov6n,off,453,1791298853.046241,99.326387,70.644,3.12,0.0,0,7
yolov6n,off,454,1791298853.245962,99.526318,70.59,2.94,0.0,0,6
yolov6n,off,455,1791298853.445858,99.726249,70.606,2.93,0.0,0,6
yolov6n,off,456,1791298853.645725,99.926182,70.591,2.89,0.0,0,6
yolov6n,off,457,1791298853.845652,100.126112,70.571,2.83,0.0,0,6
yolov6n,off,458,1791298854.046088,100.326043,70.848,3.09,0.0,0,8
yolov6n,off,459,1791298854.245614,100.525974,70.517,2.99,0.0,0,8
yolov6n,off,460,1791298854.445479,100.725906,70.495,3.0,0.0,0,7
yolov6n,off,461,1791298854.644352,100.925837,70.508,2.1,0.0,0,5
yolov6n,off,462,1791298854.845340,101.125769,70.647,2.85,0.0,0,6
yolov6n,off,463,1791298855.045268,101.325700,70.653,2.85,0.0,0,5
yolov6n,off,464,1791298855.245183,101.525631,70.665,2.79,0.0,0,7
yolov6n,off,465,1791298855.444823,101.725563,70.626,2.53,0.0,0,6
yolov6n,off,466,1791298855.644788,101.925494,70.535,2.73,0.0,0,5
yolov6n,off,467,1791298855.844986,102.125425,70.703,2.79,0.0,0,5
yolov6n,off,468,1791298856.044239,102.325356,70.561,2.25,0.0,0,7
yolov6n,off,469,1791298856.245010,102.525288,70.705,2.95,0.0,0,5
yolov6n,off,470,1791298856.444700,102.725219,70.496,2.86,0.0,0,5
yolov6n,off,471,1791298856.643931,102.925150,70.658,2.1,0.0,0,6
yolov6n,off,472,1791298856.844142,103.125082,70.708,2.28,0.0,0,6
yolov6n,off,473,1791298857.044667,103.325013,70.651,2.87,0.0,0,6
yolov6n,off,474,1791298857.243699,103.524944,70.815,1.86,0.0,0,6
yolov6n,off,475,1791298857.444213,103.724876,70.564,2.67,0.0,0,7
yolov6n,off,476,1791298857.643331,103.924807,70.504,1.95,0.0,0,6
yolov6n,off,477,1791298857.844132,104.124738,70.539,2.79,0.0,0,5
yolov6n,off,478,1791298858.044034,104.324670,70.489,2.78,0.0,0,5
yolov6n,off,479,1791298858.244049,104.524601,70.646,2.73,0.0,0,6
yolov6n,off,480,1791298858.443550,104.724532,70.678,2.21,0.0,0,6
yolov6n,off,481,1791298858.643501,104.924464,70.653,2.26,0.0,0,6
yolov6n,off,482,1791298858.843539,105.124395,70.362,2.65,0.0,0,5
yolov6n,off,483,1791298859.043879,105.324326,70.694,2.79,0.0,0,5
yolov6n,off,484,1791298859.243507,105.524258,70.426,2.75,0.0,0,5
yolov6n,off,485,1791298859.443702,105.724189,70.513,3.01,0.0,0,6
yolov6n,off,486,1791298859.643634,105.924120,70.501,3.04,0.0,0,6
yolov6n,off,487,1791298859.843264,106.124052,70.405,2.86,0.0,0,5
yolov6n,off,488,1791298860.043144,106.323983,70.871,2.35,0.0,0,5
yolov6n,off,489,1791298860.243388,106.523914,70.533,2.99,0.0,0,6
yolov6n,off,490,1791298860.443252,106.723845,70.476,3.01,0.0,0,5
yolov6n,off,491,1791298860.642680,106.923777,70.572,2.41,0.0,0,6
yolov6n,off,492,1791298860.842501,107.123708,70.522,2.35,0.0,0,6
yolov6n,off,493,1791298861.043101,107.323640,70.97,2.57,0.0,0,5
yolov6n,off,494,1791298861.242676,107.523571,70.84,2.36,0.0,0,6
yolov6n,off,495,1791298861.442859,107.723502,70.941,2.44,0.0,0,8
yolov6n,off,496,1791298861.642332,107.923434,70.682,2.28,0.0,0,6
yolov6n,off,497,1791298861.843390,108.123365,71.041,3.04,0.0,0,9
yolov6n,off,498,1791298862.043409,108.323296,71.293,2.88,0.0,0,10
yolov6n,off,499,1791298862.242906,108.523228,71.221,2.5,0.0,0,11
yolov6n,off,500,1791298862.442464,108.723159,70.967,2.37,0.0,0,10
yolov6n,off,501,1791298862.642776,108.923090,70.763,2.92,0.0,0,8
yolov6n,off,502,1791298862.842273,109.123021,70.984,2.34,0.0,0,9
yolov6n,off,503,1791298863.042961,109.322953,71.16,2.9,0.0,0,9
yolov6n,off,504,1791298863.242620,109.522884,70.862,2.88,0.0,0,8
yolov6n,off,505,1791298863.442914,109.722816,71.042,3.08,0.0,0,9
yolov6n,off,506,1791298863.642154,109.922747,70.525,2.92,0.0,0,7
yolov6n,off,507,1791298863.841440,110.122678,70.485,2.38,0.0,0,7
yolov6n,off,508,1791298864.041644,110.322609,70.924,2.14,0.0,0,9
yolov6n,off,509,1791298864.242234,110.522541,70.702,3.02,0.0,0,8
yolov6n,off,510,1791298864.442432,110.722472,70.977,3.02,0.0,0,8
yolov6n,off,511,1791298864.642329,110.922403,70.894,3.1,0.0,0,8
yolov6n,off,512,1791298864.842061,111.122334,70.871,2.92,0.0,0,8
yolov6n,off,513,1791298865.041896,111.322266,70.974,2.74,0.0,0,7
yolov6n,off,514,1791298865.242029,111.522197,70.841,3.06,0.0,0,7
yolov6n,off,515,1791298865.442039,111.722129,70.967,3.02,0.0,0,7
yolov6n,off,516,1791298865.641476,111.922060,70.812,2.64,0.0,0,8
yolov6n,off,517,1791298865.841735,112.121991,70.784,2.97,0.0,0,8
yolov6n,off,518,1791298866.041828,112.321922,71.377,2.6,0.0,0,8
yolov6n,off,519,1791298866.241865,112.521854,70.978,3.1,0.0,0,8
yolov6n,off,520,1791298866.441882,112.721785,71.028,3.1,0.0,0,9
yolov6n,off,521,1791298866.641568,112.921716,70.901,2.97,0.0,0,9
yolov6n,off,522,1791298866.841191,113.121648,71.024,2.58,0.0,0,9
yolov6n,off,523,1791298867.041178,113.321579,71.109,2.54,0.0,0,8
yolov6n,off,524,1791298867.240560,113.521511,70.904,2.22,0.0,0,9
yolov6n,off,525,1791298867.440965,113.721442,70.889,2.65,0.0,0,10
yolov6n,off,526,1791298867.639859,113.921373,70.762,1.82,0.0,0,8
yolov6n,off,527,1791298867.840214,114.121305,70.769,2.25,0.0,0,7
yolov6n,off,528,1791298868.039900,114.321236,70.824,1.89,0.0,0,8
yolov6n,off,529,1791298868.240998,114.521167,70.958,2.97,0.0,0,9
yolov6n,off,530,1791298868.440926,114.721098,70.921,2.98,0.0,0,8
yolov6n,off,531,1791298868.639916,114.921030,70.763,2.25,0.0,0,7
yolov6n,off,532,1791298868.839748,115.120961,70.667,2.22,0.0,0,7
yolov6n,off,533,1791298869.040438,115.320892,71.365,2.24,0.0,0,10
yolov6n,off,534,1791298869.239474,115.520824,70.706,2.06,0.0,0,5
yolov6n,off,535,1791298869.440398,115.720755,70.835,2.92,0.0,0,7
yolov6n,off,536,1791298869.640172,115.920686,70.756,2.81,0.0,0,7
yolov6n,off,537,1791298869.839685,116.120618,70.739,2.38,0.0,0,7
yolov6n,off,538,1791298870.040250,116.320549,71.116,2.7,0.0,0,7
yolov6n,off,539,1791298870.240041,116.520480,70.693,2.95,0.0,0,8
yolov6n,off,540,1791298870.439926,116.720412,70.829,2.8,0.0,0,8
yolov6n,off,541,1791298870.640220,116.920343,71.022,2.96,0.0,0,8
yolov6n,off,542,1791298870.839287,117.120274,70.772,2.36,0.0,0,8
yolov6n,off,543,1791298871.039546,117.320206,70.695,2.74,0.0,0,6
yolov6n,off,544,1791298871.239856,117.520137,70.891,2.92,0.0,0,6
yolov6n,off,545,1791298871.439964,117.720068,71.054,2.93,0.0,0,7
yolov6n,off,546,1791298871.640564,117.920000,71.742,2.9,0.0,0,10
yolov6n,off,547,1791298871.839079,118.119931,71.141,2.16,0.0,0,8
yolov6n,off,548,1791298872.039730,118.319862,71.154,2.76,0.0,0,9
yolov6n,off,549,1791298872.238820,118.519794,70.994,2.18,0.0,0,7
yolov6n,off,550,1791298872.438901,118.719725,70.939,2.35,0.0,0,7
yolov6n,off,551,1791298872.638509,118.919656,70.786,2.16,0.0,0,6
yolov6n,off,552,1791298872.838168,119.119587,70.712,2.02,0.0,0,7
yolov6n,off,553,1791298873.039313,119.319519,71.169,2.71,0.0,0,8
yolov6n,off,554,1791298873.239192,119.519450,71.097,2.73,0.0,0,9
yolov6n,off,555,1791298873.438191,119.719381,70.952,2.01,0.0,0,7
yolov6n,off,556,1791298873.639091,119.919313,70.943,2.91,0.0,0,9
yolov6n,off,557,1791298873.838078,120.119244,70.956,2.03,0.0,0,9
yolov6n,off,558,1791298874.039060,120.319175,71.287,2.66,0.0,0,11
yolov6n,off,559,1791298874.238832,120.519107,70.896,2.94,0.0,0,8
yolov6n,off,560,1791298874.437574,120.719038,70.874,1.79,0.0,0,7
yolov6n,off,561,1791298874.639014,120.918970,71.163,2.96,0.0,0,9
yolov6n,off,562,1791298874.839061,121.118901,71.399,2.77,0.0,0,9
yolov6n,off,563,1791298875.038888,121.318832,71.355,2.76,0.0,0,10
yolov6n,off,564,1791298875.238160,121.518763,71.23,2.3,0.0,0,10
yolov6n,off,565,1791298875.438216,121.718695,71.422,2.19,0.0,0,10
yolov6n,off,566,1791298875.638902,121.918626,71.435,2.94,0.0,0,10
yolov6n,off,567,1791298875.838873,122.118557,71.443,3.16,0.0,0,10
yolov6n,off,568,1791298876.038882,122.318489,71.664,2.99,0.0,0,10
yolov6n,off,569,1791298876.238366,122.518420,71.154,3.09,0.0,0,9
yolov6n,off,570,1791298876.437472,122.718351,70.961,2.47,0.0,0,8
yolov6n,off,571,1791298876.637946,122.918283,70.782,3.18,0.0,0,7
yolov6n,off,572,1791298876.837405,123.118214,70.65,2.84,0.0,0,9
yolov6n,off,573,1791298877.037399,123.318145,70.85,2.69,0.0,0,7
yolov6n,off,574,1791298877.237544,123.518077,70.84,2.91,0.0,0,7
yolov6n,off,575,1791298877.436691,123.718008,70.665,2.33,0.0,0,7
yolov6n,off,576,1791298877.637279,123.917939,70.699,2.91,0.0,0,7
yolov6n,off,577,1791298877.837274,124.117870,70.748,2.96,0.0,0,7
yolov6n,off,578,1791298878.037034,124.317802,70.729,2.8,0.0,0,8
yolov6n,off,579,1791298878.236994,124.517733,70.558,2.97,0.0,0,6
yolov6n,off,580,1791298878.436762,124.717664,70.553,2.83,0.0,0,6
yolov6n,off,581,1791298878.636329,124.917596,70.551,2.49,0.0,0,6
yolov6n,off,582,1791298878.836794,125.117527,70.611,2.95,0.0,0,7
yolov6n,off,583,1791298879.036690,125.317459,70.782,2.72,0.0,0,7
yolov6n,off,584,1791298879.236583,125.517390,70.549,2.92,0.0,0,6
yolov6n,off,585,1791298879.436015,125.717321,70.543,2.41,0.0,0,7
yolov6n,off,586,1791298879.636552,125.917252,70.602,2.96,0.0,0,8
yolov6n,off,587,1791298879.836403,126.117184,70.506,3.02,0.0,0,7
yolov6n,off,588,1791298880.036144,126.317115,70.621,2.72,0.0,0,6
yolov6n,off,589,1791298880.236128,126.517046,70.425,2.93,0.0,0,6
yolov6n,off,590,1791298880.435565,126.716978,70.473,2.38,0.0,0,6
yolov6n,off,591,1791298880.636118,126.916909,70.523,2.98,0.0,0,6
yolov6n,off,592,1791298880.836057,127.116840,70.567,2.92,0.0,0,6
yolov6n,off,593,1791298881.035385,127.316772,71.013,1.94,0.0,0,6
yolov6n,off,594,1791298881.236069,127.516703,70.593,3.07,0.0,0,7
yolov6n,off,595,1791298881.435586,127.716634,70.573,2.66,0.0,0,6
yolov6n,off,596,1791298881.635944,127.916565,70.945,2.74,0.0,0,7
yolov6n,off,597,1791298881.835628,128.116497,70.739,2.67,0.0,0,7
yolov6n,off,598,1791298882.036434,128.316428,70.687,3.59,0.0,0,7
yolov6n,off,599,1791298882.235619,128.516360,70.701,2.84,0.0,0,6
yolov6n,off,600,1791298882.435236,128.716291,70.663,2.6,0.0,0,6
yolov6n,off,601,1791298882.635318,128.916222,70.575,2.83,0.0,0,6
yolov6n,off,602,1791298882.835445,129.116154,70.661,2.91,0.0,0,8
yolov6n,off,603,1791298883.036185,129.316085,70.597,3.81,0.0,0,8
yolov6n,off,604,1791298883.235651,129.516016,70.831,3.07,0.0,0,8
yolov6n,off,605,1791298883.435216,129.715947,70.716,2.9,0.0,0,6
yolov6n,off,606,1791298883.634934,129.915879,70.41,2.99,0.0,0,6
yolov6n,off,607,1791298883.835131,130.115810,70.622,3.04,0.0,0,6
yolov6n,off,608,1791298884.035552,130.315741,70.782,3.32,0.0,0,7
yolov6n,off,609,1791298884.235152,130.515673,70.775,3.05,0.0,0,6
yolov6n,off,610,1791298884.435167,130.715604,70.848,3.04,0.0,0,7
yolov6n,off,611,1791298884.634822,130.915535,70.553,3.05,0.0,0,5
yolov6n,off,612,1791298884.834987,131.115467,70.862,3.0,0.0,0,7
yolov6n,off,613,1791298885.034094,131.315398,70.461,2.62,0.0,0,5
yolov6n,off,614,1791298885.233725,131.515329,70.483,2.26,0.0,0,5
yolov6n,off,615,1791298885.433969,131.715261,70.278,2.75,0.0,0,5
yolov6n,off,616,1791298885.633475,131.915192,70.288,2.36,0.0,0,5
yolov6n,off,617,1791298885.834113,132.115123,70.451,2.88,0.0,0,5
yolov6n,off,618,1791298886.034132,132.315055,70.579,2.88,0.0,0,6
yolov6n,off,619,1791298886.233797,132.514986,70.594,2.35,0.0,0,6
yolov6n,off,620,1791298886.433210,132.714917,70.48,2.2,0.0,0,4
yolov6n,off,621,1791298886.633816,132.914849,70.385,2.93,0.0,0,5
yolov6n,off,622,1791298886.833934,133.114780,70.52,2.98,0.0,0,6
yolov6n,off,623,1791298887.033501,133.314711,70.738,2.44,0.0,0,6
yolov6n,off,624,1791298887.233859,133.514643,70.533,3.03,0.0,0,7
yolov6n,off,625,1791298887.432819,133.714574,70.254,2.34,0.0,0,4
yolov6n,off,626,1791298887.633340,133.914505,70.36,2.83,0.0,0,4
yolov6n,off,627,1791298887.833560,134.114437,70.598,2.82,0.0,0,6
yolov6n,off,628,1791298888.033222,134.314368,70.551,2.69,0.0,0,5
yolov6n,off,629,1791298888.232733,134.514299,70.434,2.35,0.0,0,6
yolov6n,off,630,1791298888.432885,134.714230,70.304,2.68,0.0,0,5
yolov6n,off,631,1791298888.633039,134.914162,70.376,2.85,0.0,0,5
yolov6n,off,632,1791298888.832014,135.114093,70.314,1.92,0.0,0,4
yolov6n,off,633,1791298889.031710,135.314024,70.277,1.79,0.0,0,4
yolov6n,off,634,1791298889.232759,135.513956,70.232,2.88,0.0,0,4
yolov6n,off,635,1791298889.432800,135.713887,70.239,3.03,0.0,0,4
yolov6n,off,636,1791298889.632632,135.913818,70.263,2.84,0.0,0,5
yolov6n,off,637,1791298889.831995,136.113750,70.212,2.42,0.0,0,4
yolov6n,off,638,1791298890.031369,136.313681,70.251,1.83,0.0,0,5
yolov6n,off,639,1791298890.232194,136.513612,70.077,2.86,0.0,0,4
yolov6n,off,640,1791298890.432402,136.713544,70.435,2.78,0.0,0,5
yolov6n,off,641,1791298890.632497,136.913475,70.53,2.98,0.0,0,5
yolov6n,off,642,1791298890.832080,137.113406,70.405,2.76,0.0,0,5
yolov6n,off,643,1791298891.032143,137.313338,70.511,2.69,0.0,0,5
yolov6n,off,644,1791298891.232225,137.513269,70.416,3.02,0.0,0,5
yolov6n,off,645,1791298891.432355,137.713200,70.547,3.06,0.0,0,6
yolov6n,off,646,1791298891.632020,137.913132,70.483,2.89,0.0,0,6
yolov6n,off,647,1791298891.831813,138.113063,70.378,2.86,0.0,0,6
yolov6n,off,648,1791298892.032143,138.312994,70.592,3.03,0.0,0,7
yolov6n,off,649,1791298892.231292,138.512926,70.494,2.38,0.0,0,7
yolov6n,off,650,1791298892.431975,138.712857,70.62,2.97,0.0,0,7
yolov6n,off,651,1791298892.631834,138.912788,70.455,3.08,0.0,0,6
yolov6n,off,652,1791298892.830652,139.112719,70.308,2.09,0.0,0,5
yolov6n,off,653,1791298893.031954,139.312651,70.718,3.03,0.0,0,7
yolov6n,off,654,1791298893.231725,139.512582,70.646,2.91,0.0,0,7
yolov6n,off,655,1791298893.431947,139.712514,70.798,3.11,0.0,0,8
yolov6n,off,656,1791298893.631596,139.912445,70.689,2.89,0.0,0,7
yolov6n,off,657,1791298893.831021,140.112376,70.76,2.39,0.0,0,8
yolov6n,off,658,1791298894.031799,140.312308,70.916,2.98,0.0,0,8
yolov6n,off,659,1791298894.231864,140.512239,70.924,3.14,0.0,0,9
yolov6n,off,660,1791298894.430883,140.712170,70.966,2.26,0.0,0,8
yolov6n,off,661,1791298894.631573,140.912101,70.888,3.02,0.0,0,6
yolov6n,off,662,1791298894.830501,141.112033,70.732,2.22,0.0,0,7
yolov6n,off,663,1791298895.031142,141.311964,70.599,3.03,0.0,0,6
yolov6n,off,664,1791298895.230676,141.511895,70.292,2.94,0.0,0,4
yolov6n,off,665,1791298895.430438,141.711827,70.215,2.89,0.0,0,3
yolov6n,off,666,1791298895.629681,141.911758,70.144,2.26,0.0,0,3
yolov6n,off,667,1791298895.830289,142.111689,70.254,2.85,0.0,0,3
yolov6n,off,668,1791298896.029882,142.311621,70.041,2.72,0.0,0,3
yolov6n,off,669,1791298896.230102,142.511552,70.289,2.75,0.0,0,5
yolov6n,off,670,1791298896.429562,142.711483,70.279,2.26,0.0,0,5
yolov6n,off,671,1791298896.630075,142.911415,70.381,2.76,0.0,0,6
yolov6n,off,672,1791298896.829126,143.111346,70.225,2.04,0.0,0,5
yolov6n,off,673,1791298897.029934,143.311277,70.223,2.93,0.0,0,4
yolov6n,off,674,1791298897.228597,143.511209,70.074,1.84,0.0,0,3
yolov6n,off,675,1791298897.430033,143.711140,70.124,3.26,0.0,0,5
yolov6n,off,676,1791298897.629695,143.911071,70.279,2.81,0.0,0,4
yolov6n,off,677,1791298897.829595,144.111002,70.224,2.83,0.0,0,4
yolov6n,off,678,1791298898.029704,144.310934,70.425,2.81,0.0,0,5
yolov6n,off,679,1791298898.228651,144.510865,70.358,1.91,0.0,0,5
yolov6n,off,680,1791298898.428901,144.710796,70.245,2.35,0.0,0,4
yolov6n,off,681,1791298898.629205,144.910728,70.157,2.81,0.0,0,4
yolov6n,off,682,1791298898.829135,145.110659,70.122,2.91,0.0,0,4
yolov6n,off,683,1791298899.029275,145.310590,70.384,2.85,0.0,0,4
yolov6n,off,684,1791298899.229136,145.510522,70.448,2.75,0.0,0,5
yolov6n,off,685,1791298899.429234,145.710453,70.547,2.81,0.0,0,5
yolov6n,off,686,1791298899.628423,145.910385,70.308,2.31,0.0,0,4
yolov6n,off,687,1791298899.828928,146.110316,70.326,2.87,0.0,0,4
yolov6n,off,688,1791298900.028917,146.310247,70.294,2.95,0.0,0,4
yolov6n,off,689,1791298900.228294,146.510179,70.526,2.2,0.0,0,5
yolov6n,off,690,1791298900.428621,146.710110,70.19,2.86,0.0,0,4
yolov6n,off,691,1791298900.628951,146.910041,70.71,2.77,0.0,0,5
yolov6n,off,692,1791298900.828796,147.109972,70.47,2.85,0.0,0,6
yolov6n,off,693,1791298901.028967,147.309904,70.712,2.89,0.0,0,6
yolov6n,off,694,1791298901.228566,147.509835,70.514,2.8,0.0,0,5
yolov6n,off,695,1791298901.428674,147.709766,70.599,2.82,0.0,0,6
yolov6n,off,696,1791298901.628829,147.909698,70.778,2.89,0.0,0,7
yolov6n,off,697,1791298901.828403,148.109629,70.508,2.83,0.0,0,7
yolov6n,off,698,1791298902.028189,148.309560,70.45,2.75,0.0,0,5
yolov6n,off,699,1791298902.228240,148.509492,70.533,2.81,0.0,0,7
yolov6n,off,700,1791298902.428286,148.709423,70.558,2.85,0.0,0,6
yolov6n,off,701,1791298902.627701,148.909354,70.488,2.42,0.0,0,6
yolov6n,off,702,1791298902.827650,149.109285,70.455,2.38,0.0,0,6
yolov6n,off,703,1791298903.028223,149.309217,70.673,2.89,0.0,0,7
yolov6n,off,704,1791298903.227460,149.509148,70.552,2.33,0.0,0,7
yolov6n,off,705,1791298903.428045,149.709079,70.783,2.73,0.0,0,6
yolov6n,off,706,1791298903.627426,149.909011,70.671,2.32,0.0,0,7
yolov6n,off,707,1791298903.827713,150.108942,70.405,2.89,0.0,0,6
yolov6n,off,708,1791298904.027674,150.308874,70.526,2.78,0.0,0,6
yolov6n,off,709,1791298904.226938,150.508805,70.651,2.08,0.0,0,6
yolov6n,off,710,1791298904.427465,150.708736,70.525,2.77,0.0,0,6
yolov6n,off,711,1791298904.627696,150.908667,70.62,2.93,0.0,0,9
yolov6n,off,712,1791298904.826915,151.108599,70.709,2.14,0.0,0,8
yolov6n,off,713,1791298905.026832,151.308530,70.905,1.96,0.0,0,9
yolov6n,off,714,1791298905.226843,151.508461,70.671,2.27,0.0,0,7
yolov6n,off,715,1791298905.427059,151.708393,70.969,2.29,0.0,0,8
yolov6n,off,716,1791298905.627407,151.908324,70.842,2.8,0.0,0,7
yolov6n,off,717,1791298905.827164,152.108255,70.636,2.82,0.0,0,6
yolov6n,off,718,1791298906.027217,152.308187,70.705,2.86,0.0,0,8
yolov6n,off,719,1791298906.226427,152.508118,70.636,2.22,0.0,0,8
yolov6n,off,720,1791298906.426500,152.708049,70.402,2.59,0.0,0,7
yolov6n,off,721,1791298906.626177,152.907981,70.45,2.47,0.0,0,8
yolov6n,off,722,1791298906.826931,153.107912,70.432,3.26,0.0,0,7
yolov6n,off,723,1791298907.026744,153.307843,70.487,3.03,0.0,0,7
yolov6n,off,724,1791298907.225697,153.507775,70.356,2.22,0.0,0,6
yolov6n,off,725,1791298907.426399,153.707706,70.354,3.02,0.0,0,7
yolov6n,off,726,1791298907.626247,153.907637,70.403,2.87,0.0,0,6
yolov6n,off,727,1791298907.825946,154.107568,70.225,2.84,0.0,0,5
yolov6n,off,728,1791298908.026012,154.307500,70.305,2.9,0.0,0,5
yolov6n,off,729,1791298908.225898,154.507431,70.318,2.84,0.0,0,6
yolov6n,off,730,1791298908.426010,154.707363,70.474,2.82,0.0,0,7
yolov6n,off,731,1791298908.625803,154.907294,70.259,2.88,0.0,0,5
yolov6n,off,732,1791298908.825979,155.107225,70.484,2.95,0.0,0,7
yolov6n,off,733,1791298909.025819,155.307156,70.321,2.95,0.0,0,7
yolov6n,off,734,1791298909.225799,155.507088,70.441,2.89,0.0,0,7
yolov6n,off,735,1791298909.425857,155.707019,70.497,3.0,0.0,0,7
yolov6n,off,736,1791298909.625057,155.906950,70.492,2.27,0.0,0,6
yolov6n,off,737,1791298909.825452,156.106882,70.342,2.92,0.0,0,6
yolov6n,off,738,1791298910.025153,156.306813,70.113,2.9,0.0,0,4
yolov6n,off,739,1791298910.225262,156.506744,70.282,2.93,0.0,0,5
yolov6n,off,740,1791298910.425053,156.706676,70.122,2.92,0.0,0,5
yolov6n,off,741,1791298910.625033,156.906607,70.269,2.84,0.0,0,5
yolov6n,off,742,1791298910.824430,157.106538,70.328,2.26,0.0,0,5
yolov6n,off,743,1791298911.025028,157.306470,70.33,2.92,0.0,0,6
yolov6n,off,744,1791298911.224207,157.506401,70.201,2.3,0.0,0,5
yolov6n,off,745,1791298911.424570,157.706332,70.101,2.8,0.0,0,4
yolov6n,off,746,1791298911.624626,157.906264,70.211,2.82,0.0,0,5
yolov6n,off,747,1791298911.824695,158.106195,70.246,2.91,0.0,0,5
yolov6n,off,748,1791298912.024444,158.306126,70.098,2.89,0.0,0,4
yolov6n,off,749,1791298912.224331,158.506058,70.09,2.88,0.0,0,4
yolov6n,off,750,1791298912.424181,158.705989,70.067,2.82,0.0,0,5
yolov6n,off,751,1791298912.623816,158.905920,70.005,2.59,0.0,0,4
yolov6n,off,752,1791298912.824031,159.105852,69.987,2.9,0.0,0,3
yolov6n,off,753,1791298913.023981,159.305783,70.045,2.86,0.0,0,3
yolov6n,off,754,1791298913.223799,159.505714,70.109,2.67,0.0,0,5
yolov6n,off,755,1791298913.423706,159.705645,69.892,2.83,0.0,0,3
yolov6n,off,756,1791298913.623086,159.905577,70.055,2.19,0.0,0,3
yolov6n,off,757,1791298913.823626,160.105508,70.086,2.67,0.0,0,4
yolov6n,off,758,1791298914.023445,160.305440,69.896,2.84,0.0,0,3
yolov6n,off,759,1791298914.223604,160.505371,69.937,2.98,0.0,0,4
yolov6n,off,760,1791298914.423713,160.705302,70.139,2.97,0.0,0,4
yolov6n,off,761,1791298914.623390,160.905233,70.135,2.75,0.0,0,4
yolov6n,off,762,1791298914.823441,161.105165,70.1,2.88,0.0,0,4
yolov6n,off,763,1791298915.023287,161.305096,70.137,2.78,0.0,0,4
yolov6n,off,764,1791298915.222643,161.505028,70.204,2.17,0.0,0,4
yolov6n,off,765,1791298915.423280,161.704959,70.155,2.9,0.0,0,4
yolov6n,off,766,1791298915.623210,161.904890,70.188,2.86,0.0,0,4
yolov6n,off,767,1791298915.823224,162.104821,70.236,2.87,0.0,0,4
yolov6n,off,768,1791298916.022357,162.304753,70.21,2.16,0.0,0,5
yolov6n,off,769,1791298916.222432,162.504684,70.175,2.3,0.0,0,4
yolov6n,off,770,1791298916.423021,162.704615,70.288,2.84,0.0,0,5
yolov6n,off,771,1791298916.622990,162.904547,70.352,2.8,0.0,0,4
yolov6n,off,772,1791298916.822490,163.104478,70.431,2.31,0.0,0,5
yolov6n,off,773,1791298917.022929,163.304409,70.391,2.86,0.0,0,4
yolov6n,off,774,1791298917.222598,163.504341,70.176,2.78,0.0,0,3
yolov6n,off,775,1791298917.422817,163.704272,70.382,2.89,0.0,0,4
yolov6n,off,776,1791298917.621808,163.904203,70.208,2.15,0.0,0,3
yolov6n,off,777,1791298917.822024,164.104135,70.394,2.26,0.0,0,4
yolov6n,off,778,1791298918.022836,164.304066,70.382,3.11,0.0,0,4
yolov6n,off,779,1791298918.222786,164.503997,70.63,2.81,0.0,0,5
yolov6n,off,780,1791298918.422458,164.703929,70.5,2.77,0.0,0,5
yolov6n,off,781,1791298918.622381,164.903860,70.445,2.8,0.0,0,5
yolov6n,off,782,1791298918.821840,165.103791,70.485,2.29,0.0,0,5
yolov6n,off,783,1791298919.022157,165.303723,70.476,2.69,0.0,0,5
yolov6n,off,784,1791298919.221648,165.503654,70.474,2.22,0.0,0,5
yolov6n,off,785,1791298919.422136,165.703585,70.631,2.68,0.0,0,5
yolov6n,off,786,1791298919.621464,165.903516,70.568,2.15,0.0,0,6
yolov6n,off,787,1791298919.821874,166.103448,70.346,2.77,0.0,0,5
yolov6n,off,788,1791298920.021743,166.303379,70.891,2.15,0.0,0,6
yolov6n,off,789,1791298920.221850,166.503310,70.364,2.89,0.0,0,5
yolov6n,off,790,1791298920.421922,166.703242,70.587,2.81,0.0,0,6
yolov6n,off,791,1791298920.621287,166.903173,70.514,2.34,0.0,0,7
yolov6n,off,792,1791298920.821097,167.103104,70.427,2.33,0.0,0,5
yolov6n,off,793,1791298921.022143,167.303036,70.942,2.88,0.0,0,5
yolov6n,off,794,1791298921.221863,167.502967,70.549,3.03,0.0,0,6
yolov6n,off,795,1791298921.420876,167.702898,70.624,2.09,0.0,0,6
yolov6n,off,796,1791298921.621663,167.902830,70.647,2.9,0.0,0,6
yolov6n,off,797,1791298921.821494,168.102761,70.641,2.81,0.0,0,7
yolov6n,off,798,1791298922.021543,168.302692,70.628,2.9,0.0,0,6
yolov6n,off,799,1791298922.222009,168.502624,70.652,3.56,0.0,0,9
yolov6n,off,800,1791298922.420434,168.702555,70.572,2.19,0.0,0,6
yolov6n,off,801,1791298922.620924,168.902486,71.003,2.29,0.0,0,8
yolov6n,off,802,1791298922.821174,169.102418,70.609,2.99,0.0,0,6
yolov6n,off,803,1791298923.021215,169.302349,70.809,2.9,0.0,0,6
yolov6n,off,804,1791298923.220893,169.502280,70.501,2.96,0.0,0,6
yolov6n,off,805,1791298923.420062,169.702212,70.492,2.21,0.0,0,6
yolov6n,off,806,1791298923.620657,169.902143,70.411,2.95,0.0,0,5
yolov6n,off,807,1791298923.820917,170.102074,70.197,3.5,0.0,0,4
yolov6n,off,808,1791298924.020757,170.302005,70.55,2.97,0.0,0,7
yolov6n,off,809,1791298924.220738,170.501937,70.55,3.03,0.0,0,8
yolov6n,off,810,1791298924.420502,170.701868,70.409,3.04,0.0,0,7
yolov6n,off,811,1791298924.620009,170.901799,70.728,2.35,0.0,0,9
yolov6n,off,812,1791298924.819576,171.101731,70.313,2.36,0.0,0,6
yolov6n,off,813,1791298925.020600,171.301662,70.822,2.92,0.0,0,7
yolov6n,off,814,1791298925.220353,171.501594,70.701,2.87,0.0,0,7
yolov6n,off,815,1791298925.419797,171.701525,70.69,2.41,0.0,0,9
yolov6n,off,816,1791298925.619476,171.901456,70.691,2.23,0.0,0,8
yolov6n,off,817,1791298925.820332,172.101387,70.908,2.84,0.0,0,8
yolov6n,off,818,1791298926.019737,172.301319,71.159,2.11,0.0,0,8
yolov6n,off,819,1791298926.220220,172.501250,70.84,2.94,0.0,0,8
yolov6n,off,820,1791298926.419818,172.701181,71.025,2.44,0.0,0,10
yolov6n,off,821,1791298926.619269,172.901113,70.679,2.35,0.0,0,7
yolov6n,off,822,1791298926.819682,173.101044,70.52,2.9,0.0,0,7
yolov6n,off,823,1791298927.019981,173.300975,71.025,2.82,0.0,0,7
yolov6n,off,824,1791298927.220123,173.500907,71.098,2.92,0.0,0,10
yolov6n,off,825,1791298927.418982,173.700838,70.746,2.23,0.0,0,10
yolov6n,off,826,1791298927.619092,173.900769,71.013,2.21,0.0,0,8
yolov6n,off,827,1791298927.819727,174.100701,70.874,2.93,0.0,0,8
yolov6n,off,828,1791298928.019677,174.300632,70.983,2.87,0.0,0,8
yolov6n,off,829,1791298928.218622,174.500563,70.626,2.26,0.0,0,8
yolov6n,off,830,1791298928.419502,174.700495,70.865,2.94,0.0,0,9
yolov6n,off,831,1791298928.618096,174.900426,70.579,2.0,0.0,0,8
yolov6n,off,832,1791298928.819023,175.100357,70.606,2.9,0.0,0,7
yolov6n,off,833,1791298929.018919,175.300289,70.646,2.81,0.0,0,7
yolov6n,off,834,1791298929.218955,175.500220,70.742,2.84,0.0,0,7
yolov6n,off,835,1791298929.418827,175.700151,70.629,2.86,0.0,0,6
yolov6n,off,836,1791298929.618321,175.900083,70.949,2.16,0.0,0,8
yolov6n,off,837,1791298929.818894,176.100014,70.84,2.92,0.0,0,8
yolov6n,off,838,1791298930.018682,176.299945,70.694,2.89,0.0,0,6
yolov6n,off,839,1791298930.217782,176.499877,70.663,2.18,0.0,0,6
yolov6n,off,840,1791298930.418044,176.699808,70.781,2.35,0.0,0,7
yolov6n,off,841,1791298930.617584,176.899739,70.593,2.15,0.0,0,7
yolov6n,off,842,1791298930.818766,177.099670,70.957,2.96,0.0,0,10
yolov6n,off,843,1791298931.019401,177.299602,71.8,2.88,0.0,0,10
yolov6n,off,844,1791298931.218853,177.499533,71.12,3.05,0.0,0,9
yolov6n,off,845,1791298931.418752,177.699464,71.281,2.83,0.0,0,8
yolov6n,off,846,1791298931.617920,177.899396,71.262,2.19,0.0,0,9
yolov6n,off,847,1791298931.818975,178.099327,71.404,3.09,0.0,0,11
yolov6n,off,848,1791298932.018760,178.299259,71.998,2.35,0.0,0,10
yolov6n,off,849,1791298932.218271,178.499190,70.925,3.0,0.0,0,9
yolov6n,off,850,1791298932.418454,178.699121,71.215,2.97,0.0,0,8
yolov6n,off,851,1791298932.617318,178.899052,70.888,2.29,0.0,0,7
yolov6n,off,852,1791298932.817651,179.098984,71.107,2.35,0.0,0,8
yolov6n,off,853,1791298933.018340,179.298915,71.158,3.15,0.0,0,7
yolov6n,off,854,1791298933.217872,179.498846,71.021,2.89,0.0,0,8
yolov6n,off,855,1791298933.417365,179.698778,71.098,2.36,0.0,0,9
yolov6n,off,856,1791298933.617243,179.898709,71.034,2.36,0.0,0,9
yolov6n,off,857,1791298933.817064,180.098640,70.994,2.26,0.0,0,8
yolov6n,off,858,1791298934.017502,180.298572,71.422,2.4,0.0,0,7
yolov6n,off,859,1791298934.216995,180.498503,70.6,2.79,0.0,0,6
yolov6n,off,860,1791298934.416315,180.698434,70.656,2.13,0.0,0,6
yolov6n,off,861,1791298934.616188,180.898366,70.592,2.19,0.0,0,6
yolov6n,off,862,1791298934.817046,181.098297,70.759,2.85,0.0,0,8
yolov6n,off,863,1791298935.017159,181.298228,70.997,2.79,0.0,0,8
yolov6n,off,864,1791298935.216020,181.498160,70.536,2.23,0.0,0,6
yolov6n,off,865,1791298935.416409,181.698091,70.565,2.64,0.0,0,8
yolov6n,off,866,1791298935.615584,181.898022,70.282,2.22,0.0,0,7
yolov6n,off,867,1791298935.816302,182.097954,70.365,2.89,0.0,0,6
yolov6n,off,868,1791298936.016552,182.297885,70.899,2.6,0.0,0,8
yolov6n,off,869,1791298936.216651,182.497816,70.93,2.75,0.0,0,11
yolov6n,off,870,1791298936.416990,182.697747,71.259,2.85,0.0,0,12
yolov6n,off,871,1791298936.616267,182.897679,71.214,2.3,0.0,0,10
yolov6n,off,872,1791298936.816566,183.097610,71.13,2.67,0.0,0,8
yolov6n,off,873,1791298937.016896,183.297541,71.41,2.83,0.0,0,9
yolov6n,off,874,1791298937.216459,183.497473,71.094,2.78,0.0,0,8
yolov6n,off,875,1791298937.416445,183.697404,71.07,2.94,0.0,0,10
yolov6n,off,876,1791298937.615686,183.897335,71.113,2.25,0.0,0,9
yolov6n,off,877,1791298937.815768,184.097267,71.047,2.42,0.0,0,9
yolov6n,off,878,1791298938.016064,184.297198,70.975,2.87,0.0,0,8
yolov6n,off,879,1791298938.216162,184.497129,70.976,3.02,0.0,0,10
yolov6n,off,880,1791298938.415330,184.697061,71.014,2.27,0.0,0,9
yolov6n,off,881,1791298938.614770,184.896992,70.621,2.18,0.0,0,7
yolov6n,off,882,1791298938.815682,185.096923,70.677,3.01,0.0,0,7
yolov6n,off,883,1791298939.015901,185.296855,71.117,2.91,0.0,0,7
yolov6n,off,884,1791298939.215438,185.496786,70.753,2.85,0.0,0,8
yolov6n,off,885,1791298939.415107,185.696717,70.625,2.76,0.0,0,6
yolov6n,off,886,1791298939.614726,185.896649,70.82,2.26,0.0,0,7
yolov6n,off,887,1791298939.815104,186.096580,70.589,2.9,0.0,0,6
yolov6n,off,888,1791298940.015687,186.296511,71.26,2.84,0.0,0,8
yolov6n,off,889,1791298940.214208,186.496443,70.45,2.31,0.0,0,5
yolov6n,off,890,1791298940.415229,186.696374,70.565,3.24,0.0,0,7
yolov6n,off,891,1791298940.614801,186.896305,71.094,2.38,0.0,0,10
yolov6n,off,892,1791298940.814664,187.096236,70.501,2.87,0.0,0,7
yolov6n,off,893,1791298941.015056,187.296168,71.047,2.8,0.0,0,7
yolov6n,off,894,1791298941.214019,187.496099,70.628,2.26,0.0,0,7
yolov6n,off,895,1791298941.414978,187.696031,71.035,2.88,0.0,0,9
yolov6n,off,896,1791298941.614742,187.895962,70.779,2.95,0.0,0,8
yolov6n,off,897,1791298941.814752,188.095893,70.84,2.97,0.0,0,8
yolov6n,off,898,1791298942.015061,188.295824,71.18,3.0,0.0,0,9
yolov6n,off,899,1791298942.213765,188.495756,70.638,2.28,0.0,0,7
yolov6n,off,900,1791298942.414305,188.695687,70.764,2.83,0.0,0,9
yolov6n,off,901,1791298942.615051,188.895618,71.019,3.38,0.0,0,8
yolov6n,off,902,1791298942.814405,189.095550,70.817,3.01,0.0,0,8
yolov6n,off,903,1791298943.014098,189.295481,71.277,2.3,0.0,0,10
yolov6n,off,904,1791298943.214072,189.495413,70.695,2.91,0.0,0,7
yolov6n,off,905,1791298943.413865,189.695344,70.465,3.04,0.0,0,6
yolov6n,off,906,1791298943.613539,189.895275,70.397,2.83,0.0,0,5
yolov6n,off,907,1791298943.813081,190.095206,70.586,2.27,0.0,0,6
yolov6n,off,908,1791298944.013626,190.295138,70.787,2.65,0.0,0,5
yolov6n,off,909,1791298944.212952,190.495069,70.536,2.35,0.0,0,7
yolov6n,off,910,1791298944.413796,190.695000,70.679,3.02,0.0,0,8
yolov6n,off,911,1791298944.613531,190.894932,70.847,2.69,0.0,0,6
yolov6n,off,912,1791298944.813606,191.094863,70.788,2.91,0.0,0,7
yolov6n,off,913,1791298945.013983,191.294794,71.343,2.78,0.0,0,8
yolov6n,off,914,1791298945.213301,191.494726,70.676,2.88,0.0,0,6
yolov6n,off,915,1791298945.413299,191.694657,70.656,3.06,0.0,0,7
yolov6n,off,916,1791298945.613222,191.894588,70.691,2.97,0.0,0,7
yolov6n,off,917,1791298945.813062,192.094520,70.571,3.01,0.0,0,7
yolov6n,off,918,1791298946.013168,192.294451,70.854,2.93,0.0,0,6
yolov6n,off,919,1791298946.212856,192.494382,70.654,2.89,0.0,0,8
yolov6n,off,920,1791298946.413073,192.694313,70.699,3.09,0.0,0,8
yolov6n,off,921,1791298946.613317,192.894245,71.172,3.0,0.0,0,9
yolov6n,off,922,1791298946.812887,193.094176,70.787,2.95,0.0,0,8
yolov6n,off,923,1791298947.013043,193.294108,71.019,2.98,0.0,0,7
yolov6n,off,924,1791298947.212839,193.494039,70.864,3.0,0.0,0,8
yolov6n,off,925,1791298947.412787,193.693970,70.872,2.95,0.0,0,7
yolov6n,off,926,1791298947.612080,193.893901,70.352,2.93,0.0,0,6
yolov6n,off,927,1791298947.812333,194.093833,70.979,2.57,0.0,0,8
yolov6n,off,928,1791298948.011671,194.293764,70.945,2.02,0.0,0,6
yolov6n,off,929,1791298948.212179,194.493696,70.676,2.88,0.0,0,7
yolov6n,off,930,1791298948.412335,194.693627,70.921,2.89,0.0,0,9
yolov6n,off,931,1791298948.611592,194.893558,71.016,2.11,0.0,0,8
yolov6n,off,932,1791298948.812267,195.093489,70.948,2.9,0.0,0,7
yolov6n,off,933,1791298949.012302,195.293421,70.914,3.04,0.0,0,8
yolov6n,off,934,1791298949.211977,195.493352,70.73,2.94,0.0,0,7
yolov6n,off,935,1791298949.412472,195.693283,71.346,2.9,0.0,0,12
yolov6n,off,936,1791298949.611919,195.893215,70.818,2.96,0.0,0,8
yolov6n,off,937,1791298949.812403,196.093146,71.158,3.16,0.0,0,9
yolov6n,off,938,1791298950.011898,196.293077,70.967,2.92,0.0,0,8
yolov6n,off,939,1791298950.211789,196.493009,70.765,3.03,0.0,0,8
yolov6n,off,940,1791298950.411818,196.692940,70.876,3.07,0.0,0,7
yolov6n,off,941,1791298950.611342,196.892871,70.605,2.9,0.0,0,8
yolov6n,off,942,1791298950.810754,197.092802,70.648,2.35,0.0,0,8
yolov6n,off,943,1791298951.011818,197.292734,71.159,2.99,0.0,0,8
yolov6n,off,944,1791298951.211246,197.492665,70.646,2.97,0.0,0,7
yolov6n,off,945,1791298951.410562,197.692596,70.808,2.23,0.0,0,6
yolov6n,off,946,1791298951.610991,197.892528,70.512,3.03,0.0,0,6
yolov6n,off,947,1791298951.810974,198.092459,70.801,2.82,0.0,0,6
yolov6n,off,948,1791298952.010598,198.292390,70.334,2.91,0.0,0,3
yolov6n,off,949,1791298952.210450,198.492322,70.402,2.81,0.0,0,5
yolov6n,off,950,1791298952.410429,198.692253,70.276,2.98,0.0,0,5
yolov6n,off,951,1791298952.610642,198.892184,70.609,2.89,0.0,0,7
yolov6n,off,952,1791298952.810772,199.092116,70.854,2.88,0.0,0,8
yolov6n,off,953,1791298953.010588,199.292047,70.863,2.81,0.0,0,5
yolov6n,off,954,1791298953.210351,199.491978,70.509,3.01,0.0,0,7
yolov6n,off,955,1791298953.409452,199.691910,70.393,2.29,0.0,0,6
yolov6n,off,956,1791298953.610341,199.891841,70.508,3.14,0.0,0,7
yolov6n,off,957,1791298953.809556,200.091772,70.706,2.24,0.0,0,7
yolov6n,off,958,1791298954.010487,200.291704,70.931,2.97,0.0,0,7
yolov6n,off,959,1791298954.210027,200.491635,70.526,3.01,0.0,0,6
yolov6n,off,960,1791298954.409575,200.691566,70.64,2.48,0.0,0,8
yolov6n,off,961,1791298954.609641,200.891498,70.853,2.37,0.0,0,8
yolov6n,off,962,1791298954.809600,201.091429,70.922,2.38,0.0,0,10
yolov6n,off,963,1791298955.010804,201.291360,71.433,3.08,0.0,0,10
yolov6n,off,964,1791298955.209782,201.491291,70.548,3.05,0.0,0,9
yolov6n,off,965,1791298955.410538,201.691223,71.384,3.01,0.0,0,12
yolov6n,off,966,1791298955.610327,201.891154,71.2,3.1,0.0,0,11
yolov6n,off,967,1791298955.808984,202.091085,70.86,2.21,0.0,0,9
yolov6n,off,968,1791298956.010402,202.291017,71.108,3.37,0.0,0,9
yolov6n,off,969,1791298956.208934,202.490948,70.889,2.26,0.0,0,9
yolov6n,off,970,1791298956.409911,202.690879,71.087,3.04,0.0,0,9
yolov6n,off,971,1791298956.609591,202.890811,70.874,3.01,0.0,0,9
yolov6n,off,972,1791298956.808634,203.090742,70.731,2.29,0.0,0,9
yolov6n,off,973,1791298957.008009,203.290674,70.417,2.07,0.0,0,7
yolov6n,off,974,1791298957.208654,203.490605,70.288,2.88,0.0,0,5
yolov6n,off,975,1791298957.409552,203.690536,70.861,3.26,0.0,0,8
yolov6n,off,976,1791298957.607985,203.890467,70.626,2.04,0.0,0,8
yolov6n,off,977,1791298957.808587,204.090399,70.884,2.38,0.0,0,8
yolov6n,off,978,1791298958.009029,204.290330,70.984,2.82,0.0,0,9
yolov6n,off,979,1791298958.208787,204.490262,70.722,2.94,0.0,0,8
yolov6n,off,980,1791298958.408614,204.690193,70.65,2.88,0.0,0,7
yolov6n,off,981,1791298958.608411,204.890124,70.72,2.72,0.0,0,8
yolov6n,off,982,1791298958.808485,205.090055,70.655,2.91,0.0,0,8
yolov6n,off,983,1791298959.008230,205.289987,71.216,2.14,0.0,0,9
yolov6n,off,984,1791298959.208323,205.489918,70.766,2.74,0.0,0,8
yolov6n,off,985,1791298959.408353,205.689849,70.873,2.76,0.0,0,9
yolov6n,off,986,1791298959.607020,205.889781,70.417,1.97,0.0,0,6
yolov6n,off,987,1791298959.807235,206.089712,70.449,2.24,0.0,0,6
yolov6n,off,988,1791298960.007871,206.289643,70.463,2.91,0.0,0,6
yolov6n,off,989,1791298960.207256,206.489575,70.442,2.36,0.0,0,7
yolov6n,off,990,1791298960.407879,206.689506,70.547,3.06,0.0,0,8
yolov6n,off,991,1791298960.607312,206.889437,70.834,2.33,0.0,0,10
yolov6n,off,992,1791298960.807949,207.089369,70.882,2.93,0.0,0,10
yolov6n,off,993,1791298961.007833,207.289300,70.732,3.08,0.0,0,9
yolov6n,off,994,1791298961.207677,207.489231,70.652,3.02,0.0,0,7
yolov6n,off,995,1791298961.406820,207.689162,70.399,2.53,0.0,0,6
yolov6n,off,996,1791298961.607027,207.889094,70.801,2.44,0.0,0,8
yolov6n,off,997,1791298961.807445,208.089025,70.67,3.03,0.0,0,7
yolov6n,off,998,1791298962.007618,208.288956,70.784,3.08,0.0,0,8
yolov6n,off,999,1791298962.207209,208.488888,70.608,2.99,0.0,0,7
yolov6n,off,1000,1791298962.406509,208.688819,70.579,2.37,0.0,0,7
yolov6n,off,1001,1791298962.606212,208.888750,70.462,2.28,0.0,0,6
yolov6n,off,1002,1791298962.806561,209.088682,70.147,2.99,0.0,0,4
yolov6n,off,1003,1791298963.006857,209.288613,70.553,2.98,0.0,0,6
yolov6n,off,1004,1791298963.206468,209.488544,70.319,2.89,0.0,0,5
yolov6n,off,1005,1791298963.406269,209.688476,70.121,2.97,0.0,0,3
yolov6n,off,1006,1791298963.605939,209.888407,70.474,2.34,0.0,0,7
yolov6n,off,1007,1791298963.805749,210.088339,70.291,2.37,0.0,0,6
yolov6n,off,1008,1791298964.006399,210.288270,70.539,2.85,0.0,0,5
yolov6n,off,1009,1791298964.206163,210.488201,70.478,2.79,0.0,0,4
yolov6n,off,1010,1791298964.405176,210.688132,70.041,2.3,0.0,0,3
yolov6n,off,1011,1791298964.605460,210.888064,70.237,2.46,0.0,0,5
yolov6n,off,1012,1791298964.805821,211.087995,70.108,3.01,0.0,0,5
yolov6n,off,1013,1791298965.005900,211.287926,70.378,2.86,0.0,0,5
yolov6n,off,1014,1791298965.205643,211.487858,70.621,2.43,0.0,0,6
yolov6n,off,1015,1791298965.405715,211.687789,70.231,2.94,0.0,0,5
yolov6n,off,1016,1791298965.605398,211.887720,70.122,2.85,0.0,0,5
yolov6n,off,1017,1791298965.805323,212.087652,70.081,2.87,0.0,0,4
yolov6n,off,1018,1791298966.005234,212.287583,70.438,2.56,0.0,0,2
yolov6n,off,1019,1791298966.205116,212.487514,70.155,2.74,0.0,0,4
yolov6n,off,1020,1791298966.404575,212.687446,70.089,2.32,0.0,0,4
yolov6n,off,1021,1791298966.605162,212.887377,70.034,3.04,0.0,0,4
yolov6n,off,1022,1791298966.804858,213.087308,69.972,2.88,0.0,0,4
yolov6n,off,1023,1791298967.005111,213.287239,70.21,2.96,0.0,0,4
yolov6n,off,1024,1791298967.204856,213.487171,70.148,2.83,0.0,0,5
yolov6n,off,1025,1791298967.405183,213.687102,70.422,2.94,0.0,0,6
yolov6n,off,1026,1791298967.604336,213.887033,70.463,2.1,0.0,0,6
yolov6n,off,1027,1791298967.804826,214.086965,70.194,3.05,0.0,0,6
yolov6n,off,1028,1791298968.004892,214.286896,70.304,3.1,0.0,0,5
yolov6n,off,1029,1791298968.203895,214.486828,70.295,2.14,0.0,0,6
yolov6n,off,1030,1791298968.404785,214.686759,70.345,3.07,0.0,0,5
yolov6n,off,1031,1791298968.604711,214.886690,70.234,3.15,0.0,0,6
yolov6n,off,1032,1791298968.804901,215.086621,70.554,3.12,0.0,0,6
yolov6n,off,1033,1791298969.005048,215.286553,70.634,3.21,0.0,0,8
yolov6n,off,1034,1791298969.204734,215.486484,70.773,2.81,0.0,0,8
yolov6n,off,1035,1791298969.404625,215.686415,70.47,3.09,0.0,0,7
yolov6n,off,1036,1791298969.604507,215.886347,70.419,3.11,0.0,0,6
yolov6n,off,1037,1791298969.804776,216.086278,70.799,3.04,0.0,0,8
yolov6n,off,1038,1791298970.003894,216.286209,70.614,2.52,0.0,0,8
yolov6n,off,1039,1791298970.203787,216.486141,70.808,2.15,0.0,0,8
yolov6n,off,1040,1791298970.404415,216.686072,70.646,3.07,0.0,0,8
yolov6n,off,1041,1791298970.604244,216.886003,70.57,3.03,0.0,0,7
yolov6n,off,1042,1791298970.804154,217.085935,70.529,3.08,0.0,0,6
yolov6n,off,1043,1791298971.004049,217.285866,70.637,2.97,0.0,0,6
yolov6n,off,1044,1791298971.203969,217.485797,70.525,3.03,0.0,0,7
yolov6n,off,1045,1791298971.403864,217.685729,70.471,3.03,0.0,0,7
yolov6n,off,1046,1791298971.603584,217.885660,70.364,2.92,0.0,0,6
yolov6n,off,1047,1791298971.803629,218.085591,70.421,2.98,0.0,0,6
yolov6n,off,1048,1791298972.002757,218.285522,70.249,2.42,0.0,0,6
yolov6n,off,1049,1791298972.203358,218.485454,70.574,2.71,0.0,0,7
yolov6n,off,1050,1791298972.403099,218.685385,70.092,3.02,0.0,0,6
yolov6n,off,1051,1791298972.603275,218.885317,70.33,2.99,0.0,0,6
yolov6n,off,1052,1791298972.803038,219.085248,70.146,3.01,0.0,0,5
yolov6n,off,1053,1791298973.002356,219.285179,70.365,2.28,0.0,0,5
yolov6n,off,1054,1791298973.202944,219.485110,70.599,2.63,0.0,0,6
yolov6n,off,1055,1791298973.403286,219.685042,70.485,3.12,0.0,0,6
yolov6n,off,1056,1791298973.602364,219.884973,70.852,1.97,0.0,0,6
yolov6n,off,1057,1791298973.803363,220.084904,70.929,2.92,0.0,0,6
yolov6n,off,1058,1791298974.002550,220.284836,70.849,2.23,0.0,0,7
yolov6n,off,1059,1791298974.203022,220.484767,70.97,2.69,0.0,0,5
yolov6n,off,1060,1791298974.403074,220.684698,70.818,2.91,0.0,0,7
yolov6n,off,1061,1791298974.603038,220.884630,70.881,2.92,0.0,0,7
yolov6n,off,1062,1791298974.802419,221.084561,70.624,2.65,0.0,0,6
yolov6n,off,1063,1791298975.002352,221.284492,70.625,2.64,0.0,0,5
yolov6n,off,1064,1791298975.202335,221.484424,70.53,2.75,0.0,0,5
yolov6n,off,1065,1791298975.402439,221.684355,70.582,2.88,0.0,0,5
yolov6n,off,1066,1791298975.602682,221.884286,70.779,2.98,0.0,0,6
yolov6n,off,1067,1791298975.802442,222.084218,70.672,2.97,0.0,0,7
yolov6n,off,1068,1791298976.002408,222.284149,70.657,3.01,0.0,0,6
yolov6n,off,1069,1791298976.202465,222.484080,71.061,2.74,0.0,0,6
yolov6n,off,1070,1791298976.402252,222.684011,70.631,3.02,0.0,0,6
yolov6n,off,1071,1791298976.602355,222.883943,70.87,2.95,0.0,0,7
yolov6n,off,1072,1791298976.802095,223.083874,70.577,3.03,0.0,0,5
yolov6n,off,1073,1791298977.002102,223.283806,70.684,3.02,0.0,0,6
yolov6n,off,1074,1791298977.202175,223.483737,70.919,2.9,0.0,0,6
yolov6n,off,1075,1791298977.401274,223.683668,70.769,2.28,0.0,0,6
yolov6n,off,1076,1791298977.601825,223.883599,70.604,3.03,0.0,0,5
yolov6n,off,1077,1791298977.801867,224.083531,70.652,3.09,0.0,0,6
yolov6n,off,1078,1791298978.001755,224.283462,70.684,2.97,0.0,0,7
yolov6n,off,1079,1791298978.201423,224.483393,70.679,2.74,0.0,0,6
yolov6n,off,1080,1791298978.401651,224.683325,70.871,2.84,0.0,0,8
yolov6n,off,1081,1791298978.601688,224.883256,70.862,2.93,0.0,0,7
yolov6n,off,1082,1791298978.801604,225.083187,70.767,3.0,0.0,0,8
yolov6n,off,1083,1791298979.001383,225.283119,70.869,2.83,0.0,0,8
yolov6n,off,1084,1791298979.201356,225.483050,71.102,2.62,0.0,0,9
yolov6n,off,1085,1791298979.401533,225.682981,70.917,3.01,0.0,0,8
yolov6n,off,1086,1791298979.602615,225.882913,71.179,2.82,0.0,0,9
yolov6n,off,1087,1791298979.801226,226.082844,71.341,2.42,0.0,0,11
yolov6n,off,1088,1791298980.001211,226.282775,71.033,2.8,0.0,0,8
yolov6n,off,1089,1791298980.200419,226.482707,71.158,1.97,0.0,0,10
yolov6n,off,1090,1791298980.400883,226.682638,70.986,2.69,0.0,0,8
yolov6n,off,1091,1791298980.601174,226.882569,70.832,3.14,0.0,0,9
yolov6n,off,1092,1791298980.801224,227.082501,71.075,3.01,0.0,0,9
yolov6n,off,1093,1791298981.001071,227.282432,71.008,3.03,0.0,0,8
yolov6n,off,1094,1791298981.201213,227.482363,70.915,3.31,0.0,0,8
yolov6n,off,1095,1791298981.400733,227.682295,70.903,2.91,0.0,0,8
yolov6n,off,1096,1791298981.600484,227.882226,70.657,2.98,0.0,0,7
yolov6n,off,1097,1791298981.800582,228.082157,70.901,2.9,0.0,0,7
yolov6n,off,1098,1791298982.000488,228.282089,70.882,2.91,0.0,0,8
yolov6n,off,1099,1791298982.200327,228.482020,70.95,2.75,0.0,0,8
yolov6n,off,1100,1791298982.400561,228.681951,70.991,2.96,0.0,0,7
yolov6n,off,1101,1791298982.600449,228.881882,70.979,2.96,0.0,0,7
yolov6n,off,1102,1791298982.800453,229.081814,71.041,2.99,0.0,0,9
yolov6n,off,1103,1791298983.000289,229.281745,71.17,2.84,0.0,0,7
yolov6n,off,1104,1791298983.199777,229.481677,70.883,2.7,0.0,0,7
yolov6n,off,1105,1791298983.400109,229.681608,70.984,2.99,0.0,0,8
yolov6n,off,1106,1791298983.599912,229.881539,70.781,3.04,0.0,0,7
yolov6n,off,1107,1791298983.799901,230.081470,70.817,3.06,0.0,0,8
yolov6n,off,1108,1791298983.999699,230.281402,70.867,2.86,0.0,0,8
yolov6n,off,1109,1791298984.199343,230.481333,70.696,2.76,0.0,0,7
yolov6n,off,1110,1791298984.399326,230.681264,70.719,2.83,0.0,0,7
yolov6n,off,1111,1791298984.599451,230.881196,70.754,2.98,0.0,0,7
yolov6n,off,1112,1791298984.798684,231.081127,70.628,2.36,0.0,0,6
yolov6n,off,1113,1791298984.999348,231.281058,70.693,3.05,0.0,0,6
yolov6n,off,1114,1791298985.199096,231.480990,70.908,2.68,0.0,0,9
yolov6n,off,1115,1791298985.399023,231.680921,70.529,3.02,0.0,0,6
yolov6n,off,1116,1791298985.598434,231.880852,70.582,2.48,0.0,0,6
yolov6n,off,1117,1791298985.798857,232.080784,70.562,2.99,0.0,0,6
yolov6n,off,1118,1791298985.998355,232.280715,70.639,2.49,0.0,0,7
yolov6n,off,1119,1791298986.198794,232.480646,70.956,2.61,0.0,0,6
yolov6n,off,1120,1791298986.398491,232.680578,70.508,2.89,0.0,0,6
yolov6n,off,1121,1791298986.598312,232.880509,70.389,2.9,0.0,0,6
yolov6n,off,1122,1791298986.798506,233.080440,70.593,2.95,0.0,0,7
yolov6n,off,1123,1791298986.998414,233.280372,70.523,3.0,0.0,0,6
yolov6n,off,1124,1791298987.197574,233.480303,70.4,2.41,0.0,0,5
yolov6n,off,1125,1791298987.398075,233.680234,70.387,2.89,0.0,0,6
yolov6n,off,1126,1791298987.597330,233.880165,70.632,2.01,0.0,0,6
yolov6n,off,1127,1791298987.797641,234.080097,70.496,2.48,0.0,0,6
yolov6n,off,1128,1791298987.997841,234.280028,70.377,2.89,0.0,0,6
yolov6n,off,1129,1791298988.197057,234.479959,70.083,2.53,0.0,0,4
yolov6n,off,1130,1791298988.397145,234.679891,70.188,2.55,0.0,0,5
yolov6n,off,1131,1791298988.597403,234.879822,70.44,2.61,0.0,0,7
yolov6n,off,1132,1791298988.797460,235.079753,70.306,2.86,0.0,0,5
yolov6n,off,1133,1791298988.997360,235.279685,70.281,2.91,0.0,0,5
yolov6n,off,1134,1791298989.196970,235.479616,70.675,2.18,0.0,0,6
yolov6n,off,1135,1791298989.397270,235.679548,70.602,2.62,0.0,0,7
yolov6n,off,1136,1791298989.597344,235.879479,70.539,2.78,0.0,0,6
yolov6n,off,1137,1791298989.797195,236.079410,70.46,2.81,0.0,0,5
yolov6n,off,1138,1791298989.997112,236.279342,70.443,2.84,0.0,0,7
yolov6n,off,1139,1791298990.196345,236.479273,70.468,2.1,0.0,0,7
yolov6n,off,1140,1791298990.396619,236.679204,70.398,2.45,0.0,0,7
yolov6n,off,1141,1791298990.596551,236.879135,70.824,2.07,0.0,0,7
yolov6n,off,1142,1791298990.797079,237.079067,70.59,2.86,0.0,0,7
yolov6n,off,1143,1791298990.997411,237.278998,71.061,2.85,0.0,0,10
yolov6n,off,1144,1791298991.196404,237.478929,70.722,2.35,0.0,0,8
yolov6n,off,1145,1791298991.397059,237.678861,70.677,3.07,0.0,0,7
yolov6n,off,1146,1791298991.596993,237.878792,70.795,2.94,0.0,0,9
yolov6n,off,1147,1791298991.797132,238.078723,70.952,3.02,0.0,0,8
yolov6n,off,1148,1791298991.995756,238.278655,70.395,2.34,0.0,0,8
yolov6n,off,1149,1791298992.196321,238.478586,70.417,2.89,0.0,0,6
yolov6n,off,1150,1791298992.396407,238.678517,70.575,2.87,0.0,0,7
yolov6n,off,1151,1791298992.595833,238.878449,70.064,2.91,0.0,0,3
yolov6n,off,1152,1791298992.795990,239.078380,70.311,2.88,0.0,0,5
yolov6n,off,1153,1791298992.995983,239.278311,70.488,2.78,0.0,0,5
yolov6n,off,1154,1791298993.196061,239.478243,70.026,3.38,0.0,0,4
yolov6n,off,1155,1791298993.395741,239.678174,70.268,2.84,0.0,0,5
yolov6n,off,1156,1791298993.595201,239.878105,70.349,2.36,0.0,0,6
yolov6n,off,1157,1791298993.795752,240.078036,70.36,2.89,0.0,0,5
yolov6n,off,1158,1791298993.994970,240.277968,70.236,2.36,0.0,0,5
yolov6n,off,1159,1791298994.195008,240.477899,70.391,2.31,0.0,0,5
yolov6n,off,1160,1791298994.395494,240.677830,70.37,2.88,0.0,0,5
yolov6n,off,1161,1791298994.595855,240.877762,70.591,3.04,0.0,0,7
yolov6n,off,1162,1791298994.795991,241.077693,70.672,3.18,0.0,0,6
yolov6n,off,1163,1791298994.994986,241.277625,70.651,2.35,0.0,0,6
yolov6n,off,1164,1791298995.194346,241.477556,70.256,2.12,0.0,0,6
yolov6n,off,1165,1791298995.395179,241.677487,70.41,2.85,0.0,0,7
yolov6n,off,1166,1791298995.595145,241.877418,70.466,2.84,0.0,0,6
yolov6n,off,1167,1791298995.794565,242.077350,70.591,2.22,0.0,0,6
yolov6n,off,1168,1791298995.994738,242.277281,70.684,2.31,0.0,0,7
yolov6n,off,1169,1791298996.194859,242.477213,70.829,2.37,0.0,0,7
yolov6n,off,1170,1791298996.394984,242.677144,70.559,2.86,0.0,0,6
yolov6n,off,1171,1791298996.595057,242.877075,70.762,2.8,0.0,0,6
yolov6n,off,1172,1791298996.794892,243.077006,70.598,2.84,0.0,0,6
yolov6n,off,1173,1791298996.994467,243.276938,70.81,2.29,0.0,0,7
yolov6n,off,1174,1791298997.195145,243.476869,70.923,2.89,0.0,0,8
yolov6n,off,1175,1791298997.395120,243.676801,70.996,2.86,0.0,0,8
yolov6n,off,1176,1791298997.595246,243.876731,71.188,2.89,0.0,0,8
yolov6n,off,1177,1791298997.794796,244.076663,70.719,2.98,0.0,0,7
yolov6n,off,1178,1791298997.993851,244.276594,70.581,2.26,0.0,0,7
yolov6n,off,1179,1791298998.194590,244.476526,70.761,2.85,0.0,0,6
yolov6n,off,1180,1791298998.394664,244.676457,70.803,2.92,0.0,0,7
yolov6n,off,1181,1791298998.594298,244.876388,70.64,2.82,0.0,0,6
yolov6n,off,1182,1791298998.793557,245.076320,70.769,2.02,0.0,0,6
yolov6n,off,1183,1791298998.993638,245.276251,70.777,2.19,0.0,0,6
yolov6n,off,1184,1791298999.193598,245.476182,70.168,2.93,0.0,0,3
yolov6n,off,1185,1791298999.394264,245.676114,70.821,3.01,0.0,0,7
yolov6n,off,1186,1791298999.594119,245.876045,70.807,2.97,0.0,0,7
yolov6n,off,1187,1791298999.794085,246.075976,70.825,2.96,0.0,0,7
yolov6n,off,1188,1791298999.994012,246.275908,70.886,2.9,0.0,0,7
yolov6n,off,1189,1791299000.194199,246.475839,71.004,2.97,0.0,0,8
yolov6n,off,1190,1791299000.394009,246.675770,70.907,3.03,0.0,0,8
yolov6n,off,1191,1791299000.593443,246.875701,71.004,2.44,0.0,0,8
yolov6n,off,1192,1791299000.793474,247.075633,71.06,2.48,0.0,0,8
yolov6n,off,1193,1791299000.993270,247.275564,70.945,2.44,0.0,0,7
yolov6n,off,1194,1791299001.193800,247.475495,70.919,3.09,0.0,0,6
yolov6n,off,1195,1791299001.393579,247.675427,70.882,2.96,0.0,0,6
yolov6n,off,1196,1791299001.593657,247.875358,70.943,3.0,0.0,0,7
yolov6n,off,1197,1791299001.793542,248.075289,70.913,3.0,0.0,0,6
yolov6n,off,1198,1791299001.993347,248.275221,70.879,2.94,0.0,0,8
yolov6n,off,1199,1791299002.193424,248.475152,70.904,3.05,0.0,0,7
yolov6n,off,1200,1791299002.393339,248.675083,70.928,3.02,0.0,0,7
yolov6n,off,1201,1791299002.593234,248.875015,71.068,2.86,0.0,0,7
yolov6n,off,1202,1791299002.792957,249.074946,70.961,2.75,0.0,0,7
yolov6n,off,1203,1791299002.993103,249.274877,70.923,2.98,0.0,0,7
yolov6n,off,1204,1791299003.193012,249.474809,70.924,2.98,0.0,0,8
yolov6n,off,1205,1791299003.393312,249.674740,71.029,3.24,0.0,0,8
yolov6n,off,1206,1791299003.592484,249.874671,70.753,2.88,0.0,0,7
yolov6n,off,1207,1791299003.792328,250.074603,71.046,2.37,0.0,0,8
yolov6n,off,1208,1791299003.992296,250.274534,70.99,2.47,0.0,0,8
yolov6n,off,1209,1791299004.192915,250.474465,71.152,2.99,0.0,0,9
yolov6n,off,1210,1791299004.392052,250.674397,71.134,2.22,0.0,0,8
yolov6n,off,1211,1791299004.592197,250.874328,71.214,2.35,0.0,0,9
yolov6n,off,1212,1791299004.792064,251.074259,70.927,2.57,0.0,0,8
yolov6n,off,1213,1791299004.991951,251.274190,71.184,2.24,0.0,0,10
yolov6n,off,1214,1791299005.192656,251.474122,71.161,3.03,0.0,0,9
yolov6n,off,1215,1791299005.392055,251.674053,71.262,2.39,0.0,0,9
yolov6n,off,1216,1791299005.592341,251.873984,71.002,3.01,0.0,0,10
yolov6n,off,1217,1791299005.792259,252.073916,71.074,2.96,0.0,0,8
yolov6n,off,1218,1791299005.992018,252.273847,70.909,2.92,0.0,0,9
yolov6n,off,1219,1791299006.191939,252.473779,70.922,2.97,0.0,0,8
yolov6n,off,1220,1791299006.391650,252.673710,71.297,2.32,0.0,0,11
yolov6n,off,1221,1791299006.592227,252.873641,71.37,2.89,0.0,0,12
yolov6n,off,1222,1791299006.792080,253.073572,71.217,3.04,0.0,0,11
yolov6n,off,1223,1791299006.991984,253.273504,71.073,3.14,0.0,0,10
yolov6n,off,1224,1791299007.191461,253.473435,70.811,2.95,0.0,0,8
yolov6n,off,1225,1791299007.391278,253.673366,71.236,2.41,0.0,0,10
yolov6n,off,1226,1791299007.591694,253.873297,70.937,3.15,0.0,0,10
yolov6n,off,1227,1791299007.791807,254.073229,71.182,3.1,0.0,0,10
yolov6n,off,1228,1791299007.991623,254.273160,71.14,3.03,0.0,0,9
yolov6n,off,1229,1791299008.191299,254.473091,70.928,3.05,0.0,0,8
yolov6n,off,1230,1791299008.390463,254.673023,70.837,2.36,0.0,0,7
yolov6n,off,1231,1791299008.591223,254.872954,70.868,3.17,0.0,0,9
yolov6n,off,1232,1791299008.790965,255.072886,70.889,2.97,0.0,0,8
yolov6n,off,1233,1791299008.990800,255.272817,70.774,2.93,0.0,0,7
yolov6n,off,1234,1791299009.190975,255.472748,70.994,2.99,0.0,0,7
yolov6n,off,1235,1791299009.391002,255.672680,71.065,3.03,0.0,0,7
yolov6n,off,1236,1791299009.590876,255.872611,70.997,3.04,0.0,0,8
yolov6n,off,1237,1791299009.790870,256.072542,71.107,3.0,0.0,0,7
yolov6n,off,1238,1791299009.990544,256.272473,70.863,2.96,0.0,0,6
yolov6n,off,1239,1791299010.190747,256.472405,71.041,3.02,0.0,0,8
yolov6n,off,1240,1791299010.390198,256.672336,70.673,2.97,0.0,0,6
yolov6n,off,1241,1791299010.589664,256.872267,70.693,2.44,0.0,0,8
yolov6n,off,1242,1791299010.789985,257.072199,70.617,2.95,0.0,0,7
yolov6n,off,1243,1791299010.990125,257.272130,70.67,3.11,0.0,0,6
yolov6n,off,1244,1791299011.190109,257.472062,70.877,2.92,0.0,0,7
yolov6n,off,1245,1791299011.390213,257.671993,70.903,3.06,0.0,0,9
yolov6n,off,1246,1791299011.590329,257.871924,71.164,3.01,0.0,0,9
yolov6n,off,1247,1791299011.789822,258.071855,70.701,3.01,0.0,0,8
yolov6n,off,1248,1791299011.989547,258.271787,70.492,3.02,0.0,0,7
yolov6n,off,1249,1791299012.189407,258.471718,70.487,2.98,0.0,0,7
yolov6n,off,1250,1791299012.390130,258.671650,71.214,2.99,0.0,0,11
yolov6n,off,1251,1791299012.589893,258.871581,71.108,2.93,0.0,0,11
yolov6n,off,1252,1791299012.789438,259.071512,70.708,2.95,0.0,0,10
yolov6n,off,1253,1791299012.989012,259.271443,70.599,2.75,0.0,0,7
yolov6n,off,1254,1791299013.188724,259.471375,70.668,2.4,0.0,0,8
yolov6n,off,1255,1791299013.388982,259.671306,70.399,3.03,0.0,0,6
yolov6n,off,1256,1791299013.589196,259.871237,70.604,3.08,0.0,0,10
yolov6n,off,1257,1791299013.789268,260.071169,70.742,3.12,0.0,0,8
yolov6n,off,1258,1791299013.989081,260.271100,70.696,3.04,0.0,0,10
yolov6n,off,1259,1791299014.189352,260.471031,70.999,3.09,0.0,0,9
yolov6n,off,1260,1791299014.389074,260.670963,70.844,3.03,0.0,0,8
yolov6n,off,1261,1791299014.588907,260.870894,71.145,2.6,0.0,0,11
yolov6n,off,1262,1791299014.788913,261.070825,70.798,3.03,0.0,0,8
yolov6n,off,1263,1791299014.989002,261.270756,70.933,3.08,0.0,0,9
yolov6n,off,1264,1791299015.188895,261.470688,70.974,3.01,0.0,0,9
yolov6n,off,1265,1791299015.388234,261.670619,71.129,2.3,0.0,0,10
yolov6n,off,1266,1791299015.589045,261.870550,71.127,3.16,0.0,0,10
yolov6n,off,1267,1791299015.789117,262.070482,71.336,3.05,0.0,0,11
yolov6n,off,1268,1791299015.989031,262.270413,71.356,3.05,0.0,0,11
yolov6n,off,1269,1791299016.188711,262.470344,71.102,3.04,0.0,0,11
yolov6n,off,1270,1791299016.388702,262.670276,71.171,3.01,0.0,0,10
yolov6n,off,1271,1791299016.589316,262.870207,71.866,2.99,0.0,0,12
yolov6n,off,1272,1791299016.789692,263.070138,72.154,3.11,0.0,0,13
yolov6n,off,1273,1791299016.988863,263.270070,71.397,3.13,0.0,0,13
yolov6n,off,1274,1791299017.188307,263.470001,71.804,2.28,0.0,0,13
yolov6n,off,1275,1791299017.387877,263.669932,70.882,2.86,0.0,0,9
yolov6n,off,1276,1791299017.587372,263.869864,70.847,2.36,0.0,0,11
yolov6n,off,1277,1791299017.787814,264.069795,70.85,2.91,0.0,0,9
yolov6n,off,1278,1791299017.987769,264.269726,70.868,2.94,0.0,0,9
yolov6n,off,1279,1791299018.187645,264.469658,70.873,2.87,0.0,0,9
yolov6n,off,1280,1791299018.387652,264.669589,70.907,2.92,0.0,0,8
yolov6n,off,1281,1791299018.587992,264.869520,71.231,3.01,0.0,0,9
yolov6n,off,1282,1791299018.787907,265.069451,71.38,2.84,0.0,0,10
yolov6n,off,1283,1791299018.987356,265.269383,70.852,2.92,0.0,0,9
yolov6n,off,1284,1791299019.187908,265.469314,71.415,2.97,0.0,0,10
yolov6n,off,1285,1791299019.387678,265.669246,71.22,2.95,0.0,0,10
yolov6n,off,1286,1791299019.587699,265.869177,71.376,2.95,0.0,0,9
yolov6n,off,1287,1791299019.787543,266.069108,71.26,2.93,0.0,0,9
yolov6n,off,1288,1791299019.987091,266.269040,70.943,2.91,0.0,0,8
yolov6n,off,1289,1791299020.186217,266.468971,70.802,2.25,0.0,0,7
yolov6n,off,1290,1791299020.387015,266.668902,70.974,2.91,0.0,0,7
yolov6n,off,1291,1791299020.586644,266.868833,70.756,2.84,0.0,0,7
yolov6n,off,1292,1791299020.786829,267.068765,70.793,3.04,0.0,0,8
yolov6n,off,1293,1791299020.986803,267.268696,70.882,3.02,0.0,0,8
yolov6n,off,1294,1791299021.186874,267.468628,71.138,2.88,0.0,0,9
yolov6n,off,1295,1791299021.386896,267.668559,71.25,2.85,0.0,0,8
yolov6n,off,1296,1791299021.585972,267.868490,71.109,2.22,0.0,0,8
yolov6n,off,1297,1791299021.786714,268.068422,71.051,3.0,0.0,0,8
yolov6n,off,1298,1791299021.986370,268.268353,70.927,2.89,0.0,0,8
yolov6n,off,1299,1791299022.185731,268.468284,71.19,2.07,0.0,0,9
yolov6n,off,1300,1791299022.386203,268.668215,71.209,2.54,0.0,0,8
yolov6n,off,1301,1791299022.585954,268.868147,71.291,2.32,0.0,0,10
yolov6n,off,1302,1791299022.785991,269.068078,70.803,2.91,0.0,0,7
yolov6n,off,1303,1791299022.986297,269.268009,71.185,3.02,0.0,0,8
yolov6n,off,1304,1791299023.186164,269.467941,71.154,3.01,0.0,0,10
yolov6n,off,1305,1791299023.386362,269.667872,71.26,3.14,0.0,0,10
yolov6n,off,1306,1791299023.585052,269.867803,70.951,2.26,0.0,0,10
yolov6n,off,1307,1791299023.785849,270.067735,71.064,3.0,0.0,0,9
yolov6n,off,1308,1791299023.985562,270.267666,70.87,2.95,0.0,0,8
yolov6n,off,1309,1791299024.185722,270.467597,70.921,3.12,0.0,0,9
yolov6n,off,1310,1791299024.385868,270.667529,71.166,3.11,0.0,0,10
yolov6n,off,1311,1791299024.585286,270.867460,71.39,2.41,0.0,0,9
yolov6n,off,1312,1791299024.785904,271.067391,71.342,3.09,0.0,0,9
yolov6n,off,1313,1791299024.985863,271.267323,71.264,3.19,0.0,0,10
yolov6n,off,1314,1791299025.185301,271.467254,70.91,3.08,0.0,0,10
yolov6n,off,1315,1791299025.385025,271.667185,70.687,3.08,0.0,0,7
yolov6n,off,1316,1791299025.584498,271.867117,70.865,2.44,0.0,0,8
yolov6n,off,1317,1791299025.784844,272.067048,70.739,2.89,0.0,0,7
yolov6n,off,1318,1791299025.984392,272.266979,70.465,2.91,0.0,0,6
yolov6n,off,1319,1791299026.184898,272.466911,70.873,3.07,0.0,0,6
yolov6n,off,1320,1791299026.384736,272.666842,70.837,2.95,0.0,0,6
yolov6n,off,1321,1791299026.584730,272.866773,70.844,3.0,0.0,0,7
yolov6n,off,1322,1791299026.784813,273.066704,71.117,2.94,0.0,0,8
yolov6n,off,1323,1791299026.984759,273.266636,70.952,3.09,0.0,0,8
yolov6n,off,1324,1791299027.184565,273.466567,70.792,3.1,0.0,0,7
yolov6n,off,1325,1791299027.384099,273.666498,70.597,2.96,0.0,0,6
yolov6n,off,1326,1791299027.584192,273.866430,70.734,2.97,0.0,0,8
yolov6n,off,1327,1791299027.783591,274.066361,70.777,2.39,0.0,0,6
yolov6n,off,1328,1791299027.983587,274.266292,70.713,2.5,0.0,0,6
yolov6n,off,1329,1791299028.184929,274.466224,71.054,3.59,0.0,0,10
yolov6n,off,1330,1791299028.384016,274.666155,70.896,2.92,0.0,0,7
yolov6n,off,1331,1791299028.584002,274.866086,70.898,2.94,0.0,0,8
yolov6n,off,1332,1791299028.784137,275.066018,70.99,3.08,0.0,0,7
yolov6n,off,1333,1791299028.983711,275.265949,70.766,2.89,0.0,0,6
yolov6n,off,1334,1791299029.183864,275.465880,70.936,2.99,0.0,0,8
yolov6n,off,1335,1791299029.383798,275.665812,70.941,2.99,0.0,0,8
yolov6n,off,1336,1791299029.583853,275.865743,71.071,2.99,0.0,0,8
yolov6n,off,1337,1791299029.783725,276.065674,70.959,3.0,0.0,0,8
yolov6n,off,1338,1791299029.983497,276.265605,70.85,2.99,0.0,0,7
yolov6n,off,1339,1791299030.183200,276.465537,70.696,2.9,0.0,0,6
yolov6n,off,1340,1791299030.383787,276.665468,70.999,3.24,0.0,0,8
yolov6n,off,1341,1791299030.582650,276.865399,70.807,2.37,0.0,0,8
yolov6n,off,1342,1791299030.782885,277.065331,70.887,2.61,0.0,0,8
yolov6n,off,1343,1791299030.983149,277.265262,70.839,3.06,0.0,0,7
yolov6n,off,1344,1791299031.183041,277.465194,70.862,3.0,0.0,0,7
yolov6n,off,1345,1791299031.383119,277.665125,70.935,3.04,0.0,0,7
yolov6n,off,1346,1791299031.582966,277.865056,70.885,3.03,0.0,0,7
yolov6n,off,1347,1791299031.783107,278.064987,71.021,3.07,0.0,0,8
yolov6n,off,1348,1791299031.982818,278.264919,70.92,2.99,0.0,0,7
yolov6n,off,1349,1791299032.183307,278.464850,71.134,3.32,0.0,0,10
yolov6n,off,1350,1791299032.382350,278.664781,71.094,2.48,0.0,0,9
yolov6n,off,1351,1791299032.582739,278.864713,70.996,2.99,0.0,0,8
yolov6n,off,1352,1791299032.782941,279.064644,71.262,3.01,0.0,0,9
yolov6n,off,1353,1791299032.982875,279.264575,71.205,3.1,0.0,0,9
yolov6n,off,1354,1791299033.182728,279.464507,71.382,2.78,0.0,0,9
yolov6n,off,1355,1791299033.381773,279.664438,70.931,2.38,0.0,0,7
yolov6n,off,1356,1791299033.581960,279.864369,70.635,2.96,0.0,0,6
yolov6n,off,1357,1791299033.782429,280.064301,71.052,3.07,0.0,0,8
yolov6n,off,1358,1791299033.982268,280.264232,71.065,2.95,0.0,0,7
yolov6n,off,1359,1791299034.182191,280.464163,70.984,3.02,0.0,0,9
yolov6n,off,1360,1791299034.381985,280.664095,70.938,2.93,0.0,0,8
yolov6n,off,1361,1791299034.581605,280.864026,71.068,2.44,0.0,0,9
yolov6n,off,1362,1791299034.781789,281.063957,70.86,2.94,0.0,0,7
yolov6n,off,1363,1791299034.981833,281.263889,70.911,3.02,0.0,0,7
yolov6n,off,1364,1791299035.181309,281.463820,71.096,2.39,0.0,0,9
yolov6n,off,1365,1791299035.381892,281.663751,71.039,3.05,0.0,0,9
yolov6n,off,1366,1791299035.581500,281.863682,70.732,3.09,0.0,0,7
yolov6n,off,1367,1791299035.781286,282.063614,70.79,2.92,0.0,0,7
yolov6n,off,1368,1791299035.981412,282.263545,70.952,2.92,0.0,0,9
yolov6n,off,1369,1791299036.180964,282.463476,70.681,2.82,0.0,0,7
yolov6n,off,1370,1791299036.381337,282.663408,70.948,2.98,0.0,0,7
yolov6n,off,1371,1791299036.581071,282.863339,70.744,2.96,0.0,0,7
yolov6n,off,1372,1791299036.780758,283.063271,70.871,2.66,0.0,0,8
yolov6n,off,1373,1791299036.980867,283.263202,70.774,2.88,0.0,0,7
yolov6n,off,1374,1791299037.180822,283.463133,70.69,3.01,0.0,0,7
yolov6n,off,1375,1791299037.380925,283.663064,70.91,2.97,0.0,0,7
yolov6n,off,1376,1791299037.580750,283.862996,70.757,2.98,0.0,0,8
yolov6n,off,1377,1791299037.779968,284.062927,70.88,2.18,0.0,0,7
yolov6n,off,1378,1791299037.980798,284.262858,70.984,2.97,0.0,0,7
yolov6n,off,1379,1791299038.179744,284.462790,70.731,2.24,0.0,0,7
yolov6n,off,1380,1791299038.380899,284.662721,70.908,3.25,0.0,0,7
yolov6n,off,1381,1791299038.580673,284.862653,71.096,3.02,0.0,0,8
yolov6n,off,1382,1791299038.779759,285.062584,71.022,2.3,0.0,0,8
yolov6n,off,1383,1791299038.979857,285.262515,71.032,2.41,0.0,0,8
yolov6n,off,1384,1791299039.179853,285.462446,70.835,2.69,0.0,0,9
yolov6n,off,1385,1791299039.380463,285.662378,71.04,3.17,0.0,0,9
yolov6n,off,1386,1791299039.580401,285.862309,71.046,3.13,0.0,0,8
yolov6n,off,1387,1791299039.779662,286.062240,71.267,2.25,0.0,0,8
yolov6n,off,1388,1791299039.980189,286.262172,71.101,3.02,0.0,0,8
yolov6n,off,1389,1791299040.180214,286.462103,71.155,3.08,0.0,0,8
yolov6n,off,1390,1791299040.379951,286.662034,71.013,2.96,0.0,0,7
yolov6n,off,1391,1791299040.580298,286.861965,71.34,3.09,0.0,0,9
yolov6n,off,1392,1791299040.779359,287.061897,71.22,2.36,0.0,0,8
yolov6n,off,1393,1791299040.979969,287.261828,71.181,2.94,0.0,0,10
yolov6n,off,1394,1791299041.179985,287.461759,71.217,3.13,0.0,0,8
yolov6n,off,1395,1791299041.379539,287.661691,70.976,2.97,0.0,0,8
yolov6n,off,1396,1791299041.579063,287.861622,71.059,2.52,0.0,0,8
yolov6n,off,1397,1791299041.779615,288.061553,70.969,3.18,0.0,0,10
yolov6n,off,1398,1791299041.979567,288.261485,71.178,3.0,0.0,0,10
yolov6n,off,1399,1791299042.179614,288.461416,71.32,2.96,0.0,0,9
yolov6n,off,1400,1791299042.379133,288.661347,70.926,2.99,0.0,0,8
yolov6n,off,1401,1791299042.579281,288.861279,71.0,3.09,0.0,0,10
yolov6n,off,1402,1791299042.779235,289.061210,71.099,3.03,0.0,0,9
yolov6n,off,1403,1791299042.978806,289.261141,71.373,2.36,0.0,0,9
yolov6n,off,1404,1791299043.179167,289.461073,71.294,2.92,0.0,0,9
yolov6n,off,1405,1791299043.378879,289.661004,70.966,3.03,0.0,0,9
yolov6n,off,1406,1791299043.578407,289.860935,71.102,2.46,0.0,0,9
yolov6n,off,1407,1791299043.778676,290.060867,70.859,3.01,0.0,0,8
yolov6n,off,1408,1791299043.978848,290.260798,71.163,3.01,0.0,0,9
yolov6n,off,1409,1791299044.178977,290.460729,71.066,3.3,0.0,0,9
yolov6n,off,1410,1791299044.378558,290.660661,70.621,3.37,0.0,0,9
yolov6n,off,1411,1791299044.578388,290.860592,70.957,2.94,0.0,0,9
yolov6n,off,1412,1791299044.778401,291.060523,71.018,2.96,0.0,0,8
yolov6n,off,1413,1791299044.978440,291.260454,71.155,2.96,0.0,0,9
yolov6n,off,1414,1791299045.178697,291.460386,71.357,3.05,0.0,0,10
yolov6n,off,1415,1791299045.378173,291.660317,71.116,2.88,0.0,0,8
yolov6n,off,1416,1791299045.578472,291.860249,71.291,3.02,0.0,0,9
yolov6n,off,1417,1791299045.778201,292.060180,71.099,3.02,0.0,0,8
yolov6n,off,1418,1791299045.977434,292.260111,70.717,2.73,0.0,0,7
yolov6n,off,1419,1791299046.177505,292.460042,70.666,2.95,0.0,0,6
yolov6n,off,1420,1791299046.376894,292.659974,70.797,2.33,0.0,0,8
yolov6n,off,1421,1791299046.577596,292.859905,70.908,2.91,0.0,0,8
yolov6n,off,1422,1791299046.776837,293.059836,70.712,2.46,0.0,0,7
yolov6n,off,1423,1791299046.977335,293.259768,70.636,3.1,0.0,0,7
yolov6n,off,1424,1791299047.177371,293.459699,70.904,2.94,0.0,0,8
yolov6n,off,1425,1791299047.377249,293.659631,70.851,2.94,0.0,0,8
yolov6n,off,1426,1791299047.576275,293.859562,70.71,2.18,0.0,0,8
yolov6n,off,1427,1791299047.776739,294.059493,70.823,2.54,0.0,0,8
yolov6n,off,1428,1791299047.976750,294.259425,70.541,2.91,0.0,0,7
yolov6n,off,1429,1791299048.177261,294.459356,70.902,3.16,0.0,0,11
yolov6n,off,1430,1791299048.376989,294.659287,70.849,2.99,0.0,0,9
yolov6n,off,1431,1791299048.577265,294.859218,71.135,3.08,0.0,0,9
yolov6n,off,1432,1791299048.777219,295.059150,71.212,3.02,0.0,0,12
yolov6n,off,1433,1791299048.976876,295.259081,70.827,3.14,0.0,0,9
yolov6n,off,1434,1791299049.176679,295.459012,70.867,2.91,0.0,0,9
yolov6n,off,1435,1791299049.376841,295.658944,70.958,3.1,0.0,0,9
yolov6n,off,1436,1791299049.576313,295.858875,70.639,2.98,0.0,0,7
yolov6n,off,1437,1791299049.776500,296.058806,70.77,3.06,0.0,0,8
yolov6n,off,1438,1791299049.976142,296.258738,70.567,2.98,0.0,0,7
yolov6n,off,1439,1791299050.175891,296.458669,70.458,2.88,0.0,0,5
yolov6n,off,1440,1791299050.375773,296.658600,70.499,2.86,0.0,0,6
yolov6n,off,1441,1791299050.576187,296.858531,70.827,3.0,0.0,0,7
yolov6n,off,1442,1791299050.775970,297.058463,70.749,2.93,0.0,0,8
yolov6n,off,1443,1791299050.975806,297.258394,70.881,2.64,0.0,0,9
yolov6n,off,1444,1791299051.174980,297.458325,70.76,2.06,0.0,0,8
yolov6n,off,1445,1791299051.375075,297.658257,70.519,2.38,0.0,0,7
yolov6n,off,1446,1791299051.575746,297.858188,70.696,2.96,0.0,0,7
yolov6n,off,1447,1791299051.775720,298.058120,70.782,2.95,0.0,0,8
yolov6n,off,1448,1791299051.975781,298.258051,71.02,2.84,0.0,0,8
yolov6n,off,1449,1791299052.175840,298.457982,71.022,2.97,0.0,0,9
yolov6n,off,1450,1791299052.375593,298.657914,71.091,2.7,0.0,0,8
yolov6n,off,1451,1791299052.575453,298.857845,70.813,2.96,0.0,0,8
yolov6n,off,1452,1791299052.775939,299.057776,71.33,2.99,0.0,0,10
yolov6n,off,1453,1791299052.974734,299.257707,71.057,2.18,0.0,0,9
yolov6n,off,1454,1791299053.175263,299.457639,70.764,3.11,0.0,0,9
yolov6n,off,1455,1791299053.375572,299.657570,71.077,3.18,0.0,0,10
yolov6n,off,1456,1791299053.575294,299.857501,70.948,3.1,0.0,0,9
yolov6n,off,1457,1791299053.775469,300.057433,71.178,3.13,0.0,0,11
yolov6n,off,1458,1791299053.974378,300.257364,70.821,2.53,0.0,0,8
yolov6n,off,1459,1791299054.174376,300.457295,70.825,2.55,0.0,0,8
yolov6n,off,1460,1791299054.374843,300.657227,70.764,3.15,0.0,0,8
yolov6n,off,1461,1791299054.575120,300.857158,71.154,3.07,0.0,0,9
yolov6n,off,1462,1791299054.774330,301.057089,70.986,2.57,0.0,0,10
yolov6n,off,1463,1791299054.974138,301.257021,71.059,2.35,0.0,0,10
yolov6n,off,1464,1791299055.174367,301.456952,70.727,2.99,0.0,0,7
yolov6n,off,1465,1791299055.374446,301.656883,70.798,3.06,0.0,0,8
yolov6n,off,1466,1791299055.574167,301.856814,70.591,3.05,0.0,0,7
yolov6n,off,1467,1791299055.774444,302.056746,70.864,3.12,0.0,0,10
yolov6n,off,1468,1791299055.973608,302.256677,70.97,2.27,0.0,0,9
yolov6n,off,1469,1791299056.174284,302.456609,70.799,3.11,0.0,0,10
yolov6n,off,1470,1791299056.374384,302.656540,71.074,3.06,0.0,0,9
yolov6n,off,1471,1791299056.574291,302.856471,70.945,3.14,0.0,0,8
yolov6n,off,1472,1791299056.774329,303.056402,71.203,2.99,0.0,0,9
yolov6n,off,1473,1791299056.973661,303.256334,71.216,2.35,0.0,0,9
yolov6n,off,1474,1791299057.173250,303.456265,71.012,2.31,0.0,0,8
yolov6n,off,1475,1791299057.374224,303.656196,71.254,3.06,0.0,0,10
yolov6n,off,1476,1791299057.574200,303.856128,71.193,3.13,0.0,0,11
yolov6n,off,1477,1791299057.774273,304.056059,71.381,3.11,0.0,0,10
yolov6n,off,1478,1791299057.973852,304.255990,71.06,3.06,0.0,0,8
yolov6n,off,1479,1791299058.174040,304.455922,71.193,3.22,0.0,0,8
yolov6n,off,1480,1791299058.373742,304.655853,71.084,3.08,0.0,0,7
yolov6n,off,1481,1791299058.573900,304.855785,71.371,3.01,0.0,0,9
yolov6n,off,1482,1791299058.774045,305.055716,71.489,3.13,0.0,0,9
yolov6n,off,1483,1791299058.973920,305.255647,71.365,3.15,0.0,0,11
yolov6n,off,1484,1791299059.173903,305.455578,71.354,3.27,0.0,0,9
yolov6n,off,1485,1791299059.372972,305.655510,71.355,2.43,0.0,0,9
yolov6n,off,1486,1791299059.573719,305.855441,71.41,3.09,0.0,0,9
yolov6n,off,1487,1791299059.773625,306.055372,71.579,2.89,0.0,0,11
yolov6n,off,1488,1791299059.973757,306.255304,71.701,2.97,0.0,0,12
yolov6n,off,1489,1791299060.173761,306.455235,71.72,3.05,0.0,0,12
yolov6n,off,1490,1791299060.372740,306.655166,71.401,2.43,0.0,0,11
yolov6n,off,1491,1791299060.573286,306.855098,71.339,3.09,0.0,0,11
yolov6n,off,1492,1791299060.772923,307.055029,71.188,2.95,0.0,0,10
yolov6n,off,1493,1791299060.972046,307.254960,71.196,2.17,0.0,0,11
yolov6n,off,1494,1791299061.172598,307.454892,70.968,3.02,0.0,0,9
yolov6n,off,1495,1791299061.372777,307.654823,71.167,3.07,0.0,0,10
yolov6n,off,1496,1791299061.572507,307.854754,71.076,3.0,0.0,0,9
yolov6n,off,1497,1791299061.772561,308.054686,71.171,3.02,0.0,0,11
yolov6n,off,1498,1791299061.972751,308.254617,71.305,3.13,0.0,0,11
yolov6n,off,1499,1791299062.171788,308.454548,71.166,2.4,0.0,0,10
yolov6n,off,1500,1791299062.371893,308.654479,70.785,2.97,0.0,0,8
