실행 번호,시간축(초),수신 시각(초),PC 쪽 지연(ms),박스 그리기 시간(ms),이더넷 수신량(KB/s),CAN 부하(%),누적 버려진 프레임 수,프레임 번호,프레임 수신 시각(초),칩 안 지연(ms),검출 개수,박스 클래스,박스 클래스 번호,박스 신뢰도(0~1),박스 중심 x(0~1),박스 중심 y(0~1),박스 폭(0~1),박스 높이(0~1)
1,1,1.05,2.50,0.00,10,1.00,0,5,0.91,70,4,car,2,0.88,0.09,0.49,0.19,0.46
1,2,2.04,3.00,0.00,10,0.50,0,10,1.91,,2,car,2,0.53,0.81,0.34,0.04,0.03
1,3,3.04,3.00,0.00,10,0.50,0,15,2.91,70,3,car,2,0.73,0.56,0.37,0.06,0.05
1,4,4.04,3.00,0.00,10,0.50,0,20,3.91,,5,car,2,0.76,0.58,0.36,0.06,0.06
1,5,5.04,2.90,0.00,12,0.50,0,25,4.91,70,2,car,2,0.67,0.58,0.38,0.06,0.06
1,6,6.04,2.50,0.00,14,0.50,0,30,5.91,70,5,car,2,0.67,0.58,0.41,0.06,0.06
1,7,7.04,2.50,0.00,14,0.50,0,35,6.91,70,4,car,2,0.85,0.92,0.42,0.14,0.28
1,8,8.04,2.90,0.00,10,0.50,0,40,7.91,71,4,car,2,0.92,0.13,0.56,0.26,0.58
1,9,9.04,2.80,0.00,10,1.00,0,45,8.91,70,4,car,2,0.95,0.16,0.47,0.33,0.35
1,10,10.04,2.80,0.00,10,0.50,0,50,9.91,70,4,car,2,0.94,0.19,0.46,0.34,0.31
1,11,11.04,2.40,0.00,10,0.50,0,55,10.90,70,5,car,2,0.91,0.76,0.38,0.14,0.14
1,12,12.04,2.50,0.00,13,1.00,0,60,11.90,71,5,car,2,0.86,0.25,0.41,0.24,0.22
1,13,13.04,2.70,0.00,13,1.00,0,65,12.90,70,4,car,2,0.88,0.26,0.41,0.22,0.21
1,14,14.04,2.50,0.00,14,0.50,0,70,13.90,70,4,car,2,0.88,0.27,0.40,0.20,0.19
1,15,15.04,2.40,0.00,10,0.50,0,75,14.90,70,5,car,2,0.88,0.68,0.38,0.11,0.12
1,16,16.04,2.80,0.00,10,1.00,0,80,15.90,70,5,car,2,0.88,0.26,0.40,0.21,0.21
1,17,17.05,2.90,0.00,11,1.00,0,85,16.90,71,7,car,2,0.92,0.70,0.38,0.11,0.12
1,18,18.05,2.40,0.00,11,1.00,0,90,17.90,71,9,car,2,0.87,0.13,0.40,0.26,0.24
1,19,19.05,2.90,0.00,12,1.00,0,95,18.90,,7,car,2,0.88,0.72,0.37,0.11,0.11
1,20,20.05,2.90,0.00,13,1.00,0,100,19.90,70,6,car,2,0.90,0.74,0.37,0.10,0.11
1,21,21.05,2.80,0.00,13,1.00,0,105,20.90,70,4,car,2,0.85,0.93,0.46,0.12,0.22
1,22,22.05,2.70,0.00,13,1.00,0,110,21.90,70,5,car,2,0.90,0.90,0.47,0.18,0.25
1,23,23.05,2.70,0.00,10,1.00,0,115,22.90,70,6,car,2,0.93,0.83,0.44,0.21,0.18
1,24,24.05,3.00,0.00,11,1.00,0,120,23.90,71,8,car,2,0.96,0.17,0.48,0.35,0.46
1,25,25.05,2.70,0.00,11,1.00,0,125,24.90,71,6,car,2,0.95,0.24,0.46,0.44,0.39
1,26,26.04,2.40,0.00,11,1.00,0,130,25.90,71,7,car,2,0.96,0.36,0.45,0.34,0.34
1,27,27.04,2.20,0.00,13,1.00,0,135,26.90,71,6,car,2,0.94,0.45,0.45,0.29,0.32
1,28,28.05,2.70,0.00,14,1.00,0,140,27.90,70,5,car,2,0.88,0.72,0.40,0.10,0.10
1,29,29.05,2.70,0.00,13,1.00,0,145,28.90,71,5,car,2,0.86,0.53,0.45,0.25,0.28
1,30,30.05,2.90,0.00,10,1.00,0,150,29.90,71,6,car,2,0.91,0.54,0.45,0.25,0.28
1,31,31.04,2.90,0.00,11,1.00,0,155,30.90,71,7,car,2,0.93,0.53,0.45,0.25,0.28
1,32,32.04,2.80,0.00,11,1.00,0,160,31.90,71,7,car,2,0.91,0.52,0.43,0.22,0.25
1,33,33.05,2.90,0.00,11,1.00,0,165,32.90,71,7,car,2,0.96,0.16,0.45,0.33,0.32
1,34,34.05,2.90,0.00,12,1.00,0,170,33.90,71,9,car,2,0.90,0.68,0.42,0.12,0.11
1,35,35.04,2.90,0.00,14,1.00,0,175,34.90,71,6,car,2,0.84,0.90,0.42,0.12,0.08
1,36,36.04,2.60,0.00,15,1.00,0,180,35.90,71,7,car,2,0.87,0.78,0.44,0.10,0.08
1,37,37.05,2.80,0.00,13,1.00,0,185,36.90,71,7,car,2,0.90,0.91,0.43,0.12,0.08
1,38,38.04,3.00,0.00,11,1.00,0,190,37.90,71,7,car,2,0.91,0.54,0.46,0.19,0.22
1,39,39.05,2.90,0.00,11,1.00,0,195,38.90,71,7,car,2,0.89,0.54,0.45,0.17,0.20
1,40,40.05,2.90,0.00,10,1.00,0,200,39.89,70,5,car,2,0.93,0.91,0.43,0.16,0.13
1,41,41.05,2.80,0.00,11,1.00,0,205,40.89,70,6,car,2,0.89,0.53,0.41,0.16,0.19
1,42,42.05,2.70,0.00,13,1.00,0,210,41.89,70,7,car,2,0.91,0.50,0.41,0.17,0.20
1,43,43.05,2.80,0.00,16,1.00,0,215,42.89,71,7,car,2,0.90,0.44,0.42,0.18,0.21
1,44,44.05,2.80,0.00,14,1.00,0,220,43.89,71,5,car,2,0.90,0.88,0.53,0.22,0.36
1,45,45.05,2.80,0.00,11,1.00,0,225,44.89,71,7,car,2,0.86,0.26,0.42,0.22,0.22
1,46,46.04,2.30,0.00,11,1.00,0,230,45.89,71,7,car,2,0.91,0.21,0.41,0.26,0.25
1,47,47.05,2.30,0.00,11,1.00,0,235,46.89,71,7,car,2,0.94,0.16,0.43,0.31,0.32
1,48,48.05,2.90,0.00,11,1.00,0,240,47.89,71,8,car,2,0.90,0.11,0.52,0.22,0.55
1,49,49.05,2.90,0.00,13,1.00,0,245,48.89,71,6,car,2,0.89,0.25,0.38,0.27,0.27
1,50,50.05,3.00,0.00,15,1.00,0,250,49.89,71,7,car,2,0.87,0.86,0.47,0.26,0.25
1,51,51.05,2.90,0.00,14,1.00,0,255,50.89,71,6,car,2,0.93,0.17,0.42,0.34,0.43
1,52,52.05,3.10,0.00,12,1.00,0,260,51.89,71,10,car,2,0.92,0.15,0.48,0.30,0.66
1,53,53.05,3.00,0.00,12,1.00,0,265,52.89,71,10,car,2,0.89,0.83,0.41,0.19,0.19
1,54,54.05,3.00,0.00,12,1.00,0,270,53.89,72,10,car,2,0.91,0.38,0.40,0.14,0.12
1,55,55.04,3.10,0.00,12,1.00,0,275,54.89,71,10,car,2,0.91,0.34,0.38,0.16,0.15
1,56,56.05,2.90,0.00,11,1.00,0,280,55.89,,7,car,2,0.89,0.28,0.46,0.20,0.18
1,57,57.04,2.90,0.00,16,1.00,0,285,56.89,71,7,car,2,0.91,0.21,0.44,0.24,0.20
1,58,58.05,2.90,0.00,14,1.00,0,290,57.89,71,7,car,2,0.90,0.79,0.42,0.25,0.24
1,59,59.05,2.30,0.00,13,1.00,0,295,58.89,,10,car,2,0.89,0.59,0.41,0.19,0.14
1,60,60.05,3.10,0.00,12,1.00,0,300,59.89,71,10,car,2,0.89,0.43,0.40,0.22,0.15
1,61,61.04,3.00,0.00,12,1.00,0,305,60.89,71,8,car,2,0.91,0.37,0.39,0.21,0.15
1,62,62.04,2.50,0.00,11,1.00,0,310,61.89,70,6,car,2,0.92,0.36,0.39,0.23,0.15
1,63,63.05,2.90,0.00,10,0.50,0,315,62.89,70,3,car,2,0.92,0.40,0.43,0.24,0.16
1,64,64.05,2.80,0.00,11,0.50,0,320,63.89,70,3,car,2,0.90,0.36,0.40,0.26,0.16
1,65,65.05,2.80,0.00,13,1.00,0,325,64.89,71,6,car,2,0.90,0.31,0.39,0.29,0.17
1,66,66.05,2.70,0.00,14,0.50,0,330,65.88,70,2,car,2,0.93,0.40,0.40,0.28,0.18
1,67,67.05,2.90,0.00,10,0.50,0,335,66.88,70,5,car,2,0.92,0.72,0.47,0.26,0.19
1,68,68.05,2.50,0.00,11,1.00,0,340,67.88,71,6,car,2,0.92,0.50,0.40,0.14,0.16
1,69,69.05,2.90,0.00,10,1.00,0,345,68.88,70,5,car,2,0.86,0.83,0.46,0.24,0.18
1,70,70.05,2.90,0.00,11,1.00,0,350,69.88,70,6,car,2,0.88,0.16,0.42,0.32,0.33
1,71,71.05,2.50,0.00,11,1.00,0,355,70.88,71,7,car,2,0.91,0.77,0.44,0.19,0.16
1,72,72.05,2.80,0.00,16,1.00,0,360,71.88,71,7,car,2,0.93,0.77,0.43,0.18,0.15
1,73,73.04,2.90,0.00,13,1.00,0,365,72.88,71,7,car,2,0.93,0.75,0.43,0.17,0.15
1,74,74.05,2.50,0.00,12,1.00,0,370,73.88,,6,car,2,0.89,0.32,0.39,0.16,0.15
1,75,75.05,2.50,0.00,12,1.00,0,375,74.88,71,7,car,2,0.90,0.79,0.44,0.19,0.16
1,76,76.04,2.50,0.00,11,1.00,0,380,75.88,71,8,car,2,0.92,0.36,0.39,0.12,0.12
1,77,77.05,2.30,0.00,11,1.00,0,385,76.88,71,6,car,2,0.91,0.84,0.46,0.25,0.19
1,78,78.05,2.80,0.00,10,1.00,0,390,77.88,70,6,car,2,0.90,0.87,0.45,0.25,0.20
1,79,79.04,2.40,0.00,10,0.50,0,395,78.88,70,4,car,2,0.92,0.89,0.45,0.21,0.23
1,80,80.05,2.40,0.00,14,1.00,0,400,79.88,70,5,car,2,0.90,0.91,0.50,0.16,0.29
1,81,81.04,2.60,0.00,14,0.50,0,405,80.88,71,6,car,2,0.86,0.94,0.50,0.10,0.27
1,82,82.04,2.70,0.00,13,1.00,0,410,81.88,70,5,car,2,0.81,0.07,0.56,0.14,0.44
1,83,83.05,2.90,0.00,10,1.00,0,415,82.88,70,4,car,2,0.84,0.08,0.53,0.18,0.49
1,84,84.04,2.90,0.00,10,1.00,0,420,83.88,70,6,car,2,0.81,0.10,0.49,0.21,0.40
1,85,85.05,2.50,0.00,11,1.00,0,425,84.88,71,6,car,2,0.95,0.12,0.49,0.25,0.39
1,86,86.05,3.00,0.00,11,1.00,0,430,85.88,71,6,car,2,0.91,0.14,0.47,0.29,0.33
1,87,87.04,3.00,0.00,12,1.00,0,435,86.88,70,5,car,2,0.94,0.16,0.46,0.32,0.28
1,88,88.04,2.80,0.00,13,1.00,0,440,87.88,71,5,car,2,0.94,0.17,0.45,0.34,0.25
1,89,89.04,2.90,0.00,12,1.00,0,445,88.88,71,6,car,2,0.92,0.18,0.44,0.34,0.25
1,90,90.04,2.80,0.00,14,1.00,0,450,89.88,71,7,car,2,0.94,0.19,0.44,0.33,0.24
1,91,91.04,2.90,0.00,11,1.00,0,455,90.88,71,6,car,2,0.90,0.18,0.43,0.33,0.25
1,92,92.04,3.00,0.00,11,1.00,0,460,91.88,70,7,car,2,0.91,0.76,0.41,0.16,0.14
1,93,93.04,2.80,0.00,11,1.00,0,465,92.88,71,6,car,2,0.93,0.17,0.45,0.34,0.27
1,94,94.04,2.80,0.00,10,1.00,0,470,93.88,70,5,car,2,0.95,0.16,0.45,0.33,0.27
1,95,95.05,2.30,0.00,13,1.00,0,475,94.87,71,7,car,2,0.94,0.16,0.45,0.33,0.27
1,96,96.04,2.80,0.00,16,1.00,0,480,95.87,,6,car,2,0.90,0.16,0.43,0.32,0.25
1,97,97.05,2.80,0.00,13,1.00,0,485,96.87,71,6,car,2,0.94,0.74,0.38,0.12,0.12
1,98,98.04,3.00,0.00,10,1.00,0,490,97.87,70,5,car,2,0.94,0.75,0.39,0.13,0.13
1,99,99.04,2.40,0.00,11,1.00,0,495,98.87,,8,car,2,0.94,0.77,0.39,0.15,0.13
1,100,100.04,2.70,0.00,12,1.00,0,500,99.87,,10,car,2,0.94,0.27,0.41,0.20,0.17
1,101,101.04,2.90,0.00,11,1.00,0,505,100.87,71,9,car,2,0.93,0.31,0.39,0.17,0.15
1,102,102.04,2.90,0.00,12,1.00,0,510,101.87,71,8,car,2,0.94,0.14,0.47,0.29,0.43
1,103,103.04,3.00,0.00,14,1.00,0,515,102.87,71,7,car,2,0.93,0.19,0.43,0.32,0.29
1,104,104.04,3.00,0.00,13,1.00,0,520,103.87,71,9,car,2,0.92,0.79,0.41,0.15,0.15
1,105,105.04,2.60,0.00,14,1.00,0,525,104.87,71,10,car,2,0.92,0.79,0.41,0.15,0.15
1,106,106.04,2.20,0.00,13,1.00,0,530,105.87,71,8,car,2,0.93,0.79,0.41,0.15,0.15
1,107,107.04,2.20,0.00,11,1.00,0,535,106.87,71,7,car,2,0.93,0.90,0.49,0.19,0.28
1,108,108.04,2.80,0.00,11,1.00,0,540,107.87,71,8,car,2,0.94,0.19,0.45,0.32,0.25
1,109,109.05,2.90,0.00,11,1.00,0,545,108.87,71,7,car,2,0.90,0.38,0.38,0.12,0.12
1,110,110.04,2.40,0.00,11,1.00,0,550,109.87,71,7,car,2,0.91,0.28,0.43,0.20,0.16
1,111,111.04,2.20,0.00,13,1.00,0,555,110.87,71,7,car,2,0.93,0.83,0.46,0.24,0.20
1,112,112.04,2.70,0.00,16,1.00,0,560,111.87,71,7,car,2,0.94,0.81,0.45,0.22,0.19
1,113,113.04,2.80,0.00,16,1.00,0,565,112.87,71,10,car,2,0.92,0.80,0.43,0.21,0.17
1,114,114.04,3.00,0.00,12,1.00,0,570,113.87,,8,car,2,0.92,0.26,0.42,0.22,0.18
1,115,115.04,2.90,0.00,11,1.00,0,575,114.87,,7,car,2,0.92,0.26,0.41,0.22,0.17
1,116,116.04,2.90,0.00,11,1.00,0,580,115.87,71,6,car,2,0.94,0.76,0.42,0.17,0.17
1,117,117.04,2.80,0.00,11,1.00,0,585,116.87,,7,car,2,0.92,0.76,0.41,0.16,0.15
1,118,118.04,3.00,0.00,12,1.00,0,590,117.87,,6,car,2,0.92,0.31,0.41,0.19,0.15
1,119,119.04,2.90,0.00,15,1.00,0,595,118.87,71,6,car,2,0.92,0.74,0.42,0.14,0.13
1,120,120.04,2.70,0.00,14,1.00,0,600,119.87,71,6,car,2,0.92,0.35,0.39,0.15,0.13
1,121,121.04,2.90,0.00,13,1.00,0,605,120.87,71,6,car,2,0.93,0.36,0.39,0.13,0.11
1,122,122.04,3.00,0.00,11,1.00,0,610,121.87,71,7,car,2,0.85,0.52,0.38,0.09,0.09
1,123,123.04,2.80,0.00,10,1.00,0,615,122.86,70,5,car,2,0.83,0.11,0.50,0.23,0.43
1,124,124.04,2.40,0.00,10,1.00,0,620,123.86,70,4,car,2,0.95,0.15,0.45,0.30,0.28
1,125,125.04,2.90,0.00,10,1.00,0,625,124.86,70,4,car,2,0.87,0.22,0.42,0.25,0.20
1,126,126.04,2.70,0.00,12,1.00,0,630,125.86,70,5,car,2,0.93,0.30,0.39,0.17,0.14
1,127,127.04,2.80,0.00,14,0.50,0,635,126.86,70,4,car,2,0.87,0.34,0.38,0.13,0.11
1,128,128.04,2.80,0.00,14,1.00,0,640,127.86,70,5,car,2,0.84,0.54,0.39,0.10,0.10
1,129,129.04,3.00,0.00,10,1.00,0,645,128.86,71,6,car,2,0.91,0.93,0.40,0.12,0.12
1,130,130.04,2.90,0.00,11,1.00,0,650,129.86,71,7,car,2,0.91,0.91,0.41,0.15,0.12
1,131,131.04,3.00,0.00,11,1.00,0,655,130.86,71,8,car,2,0.86,0.43,0.38,0.07,0.06
1,132,132.04,2.90,0.00,11,1.00,0,660,131.86,,8,car,2,0.91,0.90,0.50,0.19,0.28
1,133,133.04,2.90,0.00,11,1.00,0,665,132.86,70,3,car,2,0.92,0.88,0.47,0.23,0.24
1,134,134.04,2.70,0.00,12,0.50,0,670,133.86,,5,car,2,0.92,0.86,0.44,0.25,0.21
1,135,135.04,2.80,0.00,12,1.00,0,675,134.86,70,5,car,2,0.91,0.84,0.44,0.24,0.18
1,136,136.04,2.80,0.00,14,0.50,0,680,135.86,70,4,car,2,0.92,0.83,0.45,0.23,0.19
1,137,137.04,2.80,0.00,11,0.50,0,685,136.86,71,5,car,2,0.90,0.86,0.45,0.27,0.20
1,138,138.04,2.90,0.00,10,0.50,0,690,137.86,70,4,car,2,0.90,0.87,0.46,0.25,0.22
1,139,139.04,2.80,0.00,10,1.00,0,695,138.86,71,6,car,2,0.88,0.86,0.46,0.25,0.22
1,140,140.04,2.80,0.00,11,1.00,0,700,139.86,71,6,car,2,0.92,0.12,0.49,0.24,0.36
1,141,141.04,2.40,0.00,11,1.00,0,705,140.86,71,6,car,2,0.89,0.83,0.44,0.23,0.18
1,142,142.04,2.80,0.00,14,1.00,0,710,141.86,71,6,car,2,0.91,0.82,0.43,0.23,0.16
1,143,143.04,2.20,0.00,14,1.00,0,715,142.86,,8,car,2,0.93,0.78,0.43,0.18,0.15
1,144,144.04,2.80,0.00,15,1.00,0,720,143.86,70,7,car,2,0.92,0.74,0.44,0.15,0.13
1,145,145.04,3.00,0.00,11,1.00,0,725,144.86,70,7,car,2,0.90,0.05,0.42,0.10,0.14
1,146,146.04,2.80,0.00,10,1.00,0,730,145.86,70,7,car,2,0.90,0.82,0.40,0.11,0.09
1,147,147.04,3.00,0.00,11,1.00,0,735,146.86,70,7,car,2,0.91,0.82,0.40,0.12,0.09
1,148,148.04,2.90,0.00,10,1.00,0,740,147.86,70,5,car,2,0.89,0.84,0.40,0.12,0.09
1,149,149.04,2.80,0.00,11,1.00,0,745,148.85,70,4,car,2,0.87,0.84,0.41,0.13,0.09
1,150,150.04,2.90,0.00,14,1.00,0,750,149.85,70,5,car,2,0.91,0.86,0.42,0.14,0.10
1,151,151.04,2.80,0.00,12,0.50,0,755,150.85,70,3,car,2,0.93,0.88,0.40,0.15,0.11
1,152,152.04,2.80,0.00,13,0.50,0,760,151.85,70,4,car,2,0.90,0.75,0.42,0.16,0.14
1,153,153.04,2.80,0.00,10,0.50,0,765,152.85,70,4,car,2,0.93,0.77,0.43,0.17,0.14
1,154,154.04,2.80,0.00,10,0.50,0,770,153.85,70,5,car,2,0.94,0.80,0.44,0.19,0.17
1,155,155.04,2.80,0.00,10,0.50,0,775,154.85,70,4,car,2,0.92,0.54,0.42,0.14,0.15
1,156,156.04,2.80,0.00,10,0.50,0,780,155.85,70,5,car,2,0.91,0.87,0.45,0.24,0.22
1,157,157.04,2.70,0.00,13,1.00,0,785,156.85,71,5,car,2,0.90,0.52,0.44,0.17,0.17
1,158,158.04,2.80,0.00,12,1.00,0,790,157.85,71,6,car,2,0.89,0.89,0.50,0.21,0.32
1,159,159.04,2.30,0.00,14,1.00,0,795,158.85,71,6,car,2,0.92,0.89,0.53,0.20,0.36
1,160,160.04,2.90,0.00,13,1.00,0,800,159.85,71,6,car,2,0.91,0.89,0.51,0.20,0.35
1,161,161.04,2.90,0.00,11,1.00,0,805,160.85,70,6,car,2,0.89,0.88,0.49,0.22,0.29
1,162,162.04,3.00,0.00,11,1.00,0,810,161.85,70,7,car,2,0.92,0.52,0.43,0.20,0.21
1,163,163.04,2.40,0.00,11,1.00,0,815,162.85,71,9,car,2,0.90,0.53,0.43,0.17,0.19
1,164,164.04,2.40,0.00,11,1.00,0,820,163.85,71,10,car,2,0.91,0.18,0.39,0.16,0.11
1,165,165.04,2.90,0.00,13,1.00,0,825,164.85,,10,car,2,0.89,0.90,0.51,0.18,0.31
1,166,166.04,2.90,0.00,15,1.00,0,830,165.85,71,9,car,2,0.92,0.16,0.45,0.32,0.25
1,167,167.04,2.80,0.00,14,1.00,0,835,166.85,71,6,car,2,0.91,0.32,0.39,0.16,0.13
1,168,168.04,2.50,0.00,12,1.00,0,840,167.85,,7,car,2,0.91,0.81,0.40,0.22,0.17
1,169,169.04,2.90,0.00,12,1.00,0,845,168.85,71,8,car,2,0.90,0.56,0.43,0.19,0.20
1,170,170.04,3.00,0.00,12,1.00,0,850,169.85,71,8,car,2,0.92,0.55,0.45,0.21,0.22
1,171,171.04,2.60,0.00,11,1.00,0,855,170.85,,9,car,2,0.89,0.06,0.41,0.12,0.16
1,172,172.04,2.40,0.00,11,1.00,0,860,171.85,,6,car,2,0.90,0.85,0.44,0.26,0.23
1,173,173.04,2.60,0.00,16,1.00,0,865,172.85,71,8,car,2,0.91,0.77,0.41,0.18,0.16
1,174,174.04,2.80,0.00,13,1.00,0,870,173.85,71,12,car,2,0.86,0.72,0.39,0.13,0.12
1,175,175.04,2.80,0.00,15,1.00,0,875,174.85,71,10,car,2,0.92,0.89,0.47,0.21,0.38
1,176,176.04,2.60,0.00,13,1.00,0,880,175.85,,9,car,2,0.91,0.55,0.40,0.18,0.20
1,177,177.04,2.80,0.00,11,1.00,0,885,176.85,71,6,car,2,0.90,0.56,0.38,0.19,0.19
1,178,178.04,2.80,0.00,11,1.00,0,890,177.85,71,7,car,2,0.94,0.78,0.40,0.17,0.16
1,179,179.05,2.80,0.00,11,1.00,0,895,178.85,71,9,car,2,0.92,0.33,0.37,0.15,0.13
1,180,180.04,3.00,0.00,12,1.00,0,900,179.84,71,9,car,2,0.90,0.53,0.42,0.21,0.22
1,181,181.05,3.00,0.00,14,1.00,0,905,180.84,70,6,car,2,0.88,0.36,0.38,0.13,0.11
1,182,182.05,2.50,0.00,15,1.00,0,910,181.84,71,8,car,2,0.83,0.57,0.46,0.24,0.25
1,183,183.04,2.90,0.00,13,1.00,0,915,182.84,71,7,car,2,0.93,0.77,0.50,0.32,0.32
1,184,184.04,3.00,0.00,11,1.00,0,920,183.84,71,8,car,2,0.90,0.90,0.56,0.18,0.38
1,185,185.04,3.00,0.00,11,1.00,0,925,184.84,71,7,car,2,0.82,0.81,0.35,0.06,0.05
1,186,186.04,2.70,0.00,11,1.00,0,930,185.84,71,9,car,2,0.84,0.93,0.38,0.13,0.12
1,187,187.04,2.90,0.00,11,1.00,0,935,186.84,71,12,car,2,0.87,0.91,0.40,0.17,0.12
1,188,188.04,3.00,0.00,12,1.00,0,940,187.84,71,7,car,2,0.90,0.16,0.38,0.14,0.11
1,189,189.04,2.70,0.00,15,1.00,0,945,188.84,71,6,car,2,0.87,0.05,0.40,0.11,0.17
1,190,190.04,2.90,0.00,14,1.00,0,950,189.84,70,5,car,2,0.86,0.91,0.56,0.16,0.39
1,191,191.04,2.80,0.00,12,1.00,0,955,190.84,70,6,car,2,0.87,0.90,0.54,0.18,0.36
1,192,192.04,2.70,0.00,11,1.00,0,960,191.84,71,8,car,2,0.77,0.90,0.56,0.19,0.39
1,193,193.04,3.00,0.00,12,1.00,0,965,192.84,71,12,car,2,0.80,0.92,0.53,0.15,0.32
1,194,194.04,2.60,0.00,12,1.00,0,970,193.84,71,9,car,2,0.87,0.88,0.41,0.14,0.10
1,195,195.04,2.30,0.00,11,1.00,0,976,195.04,71,8,car,2,0.90,0.92,0.43,0.14,0.14
1,196,196.04,2.80,0.00,15,1.00,0,981,196.04,71,8,car,2,0.85,0.17,0.40,0.11,0.07
1,197,197.04,2.80,0.00,15,1.00,0,986,197.04,,6,car,2,0.87,0.50,0.41,0.11,0.11
1,198,198.04,2.60,0.00,13,1.00,0,991,198.04,,10,car,2,0.93,0.51,0.42,0.12,0.13
1,199,199.04,2.90,0.00,11,1.00,0,996,199.04,71,8,car,2,0.92,0.51,0.41,0.15,0.15
1,200,200.04,3.00,0.00,11,1.00,0,1001,200.04,,6,car,2,0.87,0.76,0.38,0.09,0.08
1,201,201.04,3.00,0.00,10,1.00,0,1006,201.04,70,7,car,2,0.84,0.52,0.43,0.17,0.18
1,202,202.04,2.50,0.00,10,1.00,0,1011,202.04,70,5,car,2,0.86,0.52,0.43,0.18,0.19
1,203,203.04,2.90,0.00,11,1.00,0,1016,203.04,70,5,car,2,0.86,0.92,0.41,0.14,0.16
1,204,204.04,2.70,0.00,15,0.50,0,1021,204.04,70,4,car,2,0.90,0.85,0.41,0.16,0.14
1,205,205.04,2.90,0.00,14,1.00,0,1026,205.03,70,6,car,2,0.93,0.77,0.39,0.14,0.12
1,206,206.04,3.10,0.00,10,1.00,0,1031,206.03,70,6,car,2,0.92,0.13,0.58,0.26,0.57
1,207,207.04,3.10,0.00,11,1.00,0,1036,207.03,70,6,car,2,0.92,0.77,0.38,0.12,0.11
1,208,208.04,3.00,0.00,12,1.00,0,1041,208.03,71,7,car,2,0.89,0.11,0.37,0.20,0.14
1,209,209.04,3.00,0.00,11,1.00,0,1046,209.03,70,6,car,2,0.89,0.19,0.35,0.15,0.11
1,210,210.04,3.00,0.00,12,1.00,0,1051,210.03,70,6,car,2,0.89,0.34,0.37,0.16,0.15
1,211,211.04,2.80,0.00,13,1.00,0,1056,211.03,,6,car,2,0.91,0.10,0.36,0.21,0.15
1,212,212.04,2.90,0.00,14,1.00,0,1061,212.03,71,7,car,2,0.91,0.26,0.40,0.25,0.21
1,213,213.04,2.80,0.00,13,1.00,0,1066,213.03,71,6,car,2,0.91,0.22,0.42,0.30,0.22
1,214,214.04,3.00,0.00,11,1.00,0,1071,214.03,71,7,car,2,0.90,0.89,0.51,0.21,0.33
1,215,215.04,3.00,0.00,10,1.00,0,1076,215.03,71,5,car,2,0.94,0.27,0.42,0.24,0.19
1,216,216.04,2.90,0.00,11,1.00,0,1081,216.03,71,7,car,2,0.94,0.81,0.43,0.23,0.19
1,217,217.04,2.80,0.00,11,1.00,0,1086,217.03,71,9,car,2,0.93,0.36,0.38,0.15,0.12
1,218,218.04,2.70,0.00,14,1.00,0,1091,218.03,71,9,car,2,0.84,0.11,0.37,0.22,0.14
1,219,219.04,3.00,0.00,14,1.00,0,1096,219.03,71,7,car,2,0.90,0.13,0.36,0.17,0.13
1,220,220.04,2.90,0.00,15,1.00,0,1101,220.03,71,7,car,2,0.90,0.11,0.37,0.15,0.11
1,221,221.04,3.00,0.00,12,1.00,0,1106,221.03,71,7,car,2,0.90,0.10,0.36,0.15,0.11
1,222,222.04,2.90,0.00,11,1.00,0,1111,222.03,71,7,car,2,0.87,0.11,0.36,0.15,0.10
1,223,223.04,2.70,0.00,11,1.00,0,1116,223.03,71,6,car,2,0.90,0.11,0.37,0.15,0.10
1,224,224.04,2.90,0.00,10,1.00,0,1121,224.03,70,6,car,2,0.86,0.10,0.37,0.16,0.10
1,225,225.04,2.90,0.00,10,1.00,0,1126,225.03,71,6,car,2,0.91,0.10,0.36,0.16,0.10
1,226,226.04,2.50,0.00,13,1.00,0,1131,226.03,70,7,car,2,0.91,0.10,0.37,0.16,0.10
1,227,227.04,2.80,0.00,12,1.00,0,1136,227.03,71,6,car,2,0.93,0.08,0.38,0.16,0.10
1,228,228.04,2.60,0.00,15,1.00,0,1141,228.03,,7,car,2,0.92,0.06,0.39,0.12,0.10
1,229,229.04,2.90,0.00,12,1.00,0,1146,229.03,71,9,bus,5,0.92,0.89,0.31,0.20,0.40
1,230,230.04,2.90,0.00,11,1.00,0,1151,230.03,70,3,bus,5,0.86,0.84,0.31,0.31,0.48
1,231,231.04,2.90,0.00,10,1.00,0,1156,231.03,,6,bus,5,0.94,0.80,0.31,0.38,0.43
1,232,232.04,2.90,0.00,10,1.00,0,1161,232.03,71,7,bus,5,0.94,0.79,0.31,0.40,0.40
1,233,233.04,2.80,0.00,11,1.00,0,1166,233.03,70,6,bus,5,0.95,0.79,0.34,0.40,0.40
1,234,234.04,2.40,0.00,13,1.00,0,1171,234.03,71,6,bus,5,0.94,0.80,0.32,0.36,0.34
1,235,235.04,2.90,0.00,15,1.00,0,1176,235.03,71,8,bus,5,0.94,0.78,0.32,0.31,0.29
1,236,236.04,2.80,0.00,14,1.00,0,1181,236.02,71,6,bus,5,0.94,0.75,0.32,0.26,0.25
1,237,237.04,2.90,0.00,11,1.00,0,1186,237.02,71,7,car,2,0.94,0.55,0.50,0.32,0.32
1,238,238.04,3.00,0.00,11,1.00,0,1191,238.02,71,8,car,2,0.95,0.57,0.49,0.30,0.30
1,239,239.04,3.00,0.00,11,1.00,0,1196,239.02,71,7,car,2,0.93,0.60,0.49,0.27,0.27
1,240,240.04,3.00,0.00,11,1.00,0,1201,240.02,71,7,car,2,0.91,0.89,0.48,0.20,0.26
1,241,241.04,3.00,0.00,11,1.00,0,1206,241.02,71,7,car,2,0.89,0.90,0.53,0.18,0.35
1,242,242.04,2.40,0.00,14,1.00,0,1211,242.02,71,9,car,2,0.88,0.09,0.40,0.12,0.14
1,243,243.04,2.60,0.00,15,1.00,0,1216,243.02,71,10,car,2,0.90,0.55,0.45,0.17,0.14
1,244,244.04,2.90,0.00,15,1.00,0,1221,244.02,71,12,car,2,0.92,0.55,0.42,0.15,0.15
1,245,245.04,3.00,0.00,13,1.00,0,1226,245.02,71,10,car,2,0.92,0.21,0.41,0.29,0.26
1,246,246.04,3.00,0.00,11,1.00,0,1231,246.02,71,9,car,2,0.92,0.22,0.41,0.29,0.26
1,247,247.04,3.00,0.00,11,1.00,0,1236,247.02,71,8,car,2,0.91,0.57,0.42,0.15,0.14
1,248,248.04,3.00,0.00,11,1.00,0,1241,248.02,71,8,car,2,0.93,0.58,0.42,0.15,0.15
1,249,249.04,3.00,0.00,11,1.00,0,1246,249.02,71,9,car,2,0.91,0.60,0.43,0.15,0.14
1,250,250.04,3.00,0.00,14,1.00,0,1251,250.02,71,11,car,2,0.93,0.61,0.42,0.15,0.15
1,251,251.04,3.00,0.00,13,1.00,0,1256,251.02,71,10,car,2,0.92,0.64,0.43,0.17,0.16
1,252,252.04,3.00,0.00,15,1.00,0,1261,252.02,71,11,car,2,0.89,0.70,0.45,0.22,0.21
1,253,253.04,3.00,0.00,14,1.00,0,1266,253.02,71,10,car,2,0.93,0.84,0.49,0.30,0.32
1,254,254.04,3.00,0.00,12,1.00,0,1271,254.02,72,12,car,2,0.90,0.25,0.39,0.15,0.10
1,255,255.04,2.90,0.00,13,1.00,0,1276,255.02,71,11,car,2,0.92,0.07,0.38,0.15,0.12
1,256,256.04,2.90,0.00,12,1.00,0,1281,256.02,71,9,bus,5,0.89,0.88,0.33,0.22,0.27
1,257,257.04,3.00,0.00,12,1.00,0,1286,257.02,71,9,car,2,0.91,0.80,0.40,0.13,0.10
1,258,258.04,2.90,0.00,13,1.00,0,1291,258.02,71,7,car,2,0.94,0.16,0.46,0.32,0.30
1,259,259.04,3.00,0.00,15,1.00,0,1296,259.02,,8,car,2,0.91,0.86,0.41,0.13,0.14
1,260,260.04,2.70,0.00,15,1.00,0,1301,260.02,,10,car,2,0.88,0.67,0.43,0.27,0.27
1,261,261.04,3.00,0.00,12,1.00,0,1306,261.01,71,10,car,2,0.91,0.78,0.42,0.12,0.13
1,262,262.04,3.00,0.00,11,1.00,0,1311,262.02,71,9,car,2,0.93,0.78,0.41,0.13,0.13
1,263,263.04,3.10,0.00,11,1.00,0,1316,263.01,71,8,car,2,0.94,0.79,0.41,0.16,0.15
1,264,264.04,3.00,0.00,11,1.00,0,1321,264.01,71,7,car,2,0.94,0.83,0.42,0.20,0.17
1,265,265.04,3.00,0.00,11,1.00,0,1326,265.01,71,8,car,2,0.91,0.85,0.43,0.25,0.19
1,266,266.04,2.90,0.00,14,1.00,0,1331,266.01,71,8,car,2,0.91,0.88,0.47,0.22,0.21
1,267,267.04,3.00,0.00,14,1.00,0,1336,267.01,71,8,car,2,0.91,0.42,0.40,0.15,0.14
1,268,268.04,3.00,0.00,13,1.00,0,1341,268.01,,8,car,2,0.91,0.15,0.45,0.30,0.25
1,269,269.04,3.00,0.00,13,1.00,0,1346,269.01,71,7,car,2,0.90,0.28,0.43,0.29,0.22
1,270,270.04,3.00,0.00,11,1.00,0,1351,270.01,71,8,car,2,0.90,0.30,0.43,0.27,0.22
1,271,271.04,3.00,0.00,11,1.00,0,1356,271.01,71,6,car,2,0.91,0.55,0.40,0.14,0.16
1,272,272.04,3.00,0.00,11,1.00,0,1361,272.01,,9,car,2,0.94,0.54,0.40,0.15,0.17
1,273,273.04,3.00,0.00,11,1.00,0,1366,273.01,71,7,car,2,0.95,0.16,0.45,0.32,0.27
1,274,274.04,2.90,0.00,15,1.00,0,1371,274.01,71,7,car,2,0.94,0.15,0.45,0.31,0.26
1,275,275.04,3.00,0.00,15,1.00,0,1376,275.01,71,8,car,2,0.94,0.15,0.44,0.29,0.28
1,276,276.04,3.00,0.00,13,1.00,0,1381,276.01,71,8,car,2,0.93,0.14,0.43,0.29,0.27
1,277,277.04,2.70,0.00,12,1.00,0,1386,277.01,71,8,car,2,0.91,0.90,0.53,0.19,0.41
1,278,278.04,3.00,0.00,11,1.00,0,1391,278.01,71,9,car,2,0.93,0.15,0.43,0.31,0.23
1,279,279.04,3.00,0.00,11,1.00,0,1396,279.01,,8,car,2,0.90,0.16,0.42,0.31,0.24
1,280,280.04,3.00,0.00,12,1.00,0,1401,280.01,71,10,car,2,0.92,0.18,0.41,0.29,0.22
1,281,281.04,2.90,0.00,13,1.00,0,1406,281.01,71,9,car,2,0.90,0.19,0.42,0.27,0.20
1,282,282.04,3.00,0.00,15,1.00,0,1411,282.01,71,9,car,2,0.92,0.20,0.42,0.26,0.20
1,283,283.04,3.00,0.00,17,1.00,0,1416,283.01,71,9,car,2,0.92,0.21,0.42,0.25,0.20
1,284,284.04,2.90,0.00,12,1.00,0,1421,284.01,71,8,car,2,0.88,0.23,0.43,0.25,0.21
1,285,285.04,2.90,0.00,11,1.00,0,1426,285.01,71,8,car,2,0.92,0.25,0.42,0.22,0.18
1,286,286.04,3.00,0.00,11,1.00,0,1431,286.01,71,9,car,2,0.90,0.27,0.41,0.21,0.17
1,287,287.04,3.00,0.00,12,1.00,0,1436,287.01,71,7,car,2,0.91,0.54,0.41,0.12,0.14
1,288,288.04,3.00,0.00,11,1.00,0,1441,288.01,71,7,car,2,0.91,0.54,0.40,0.12,0.14
1,289,289.04,2.60,0.00,14,1.00,0,1446,289.01,71,7,car,2,0.94,0.34,0.38,0.15,0.13
1,290,290.04,3.00,0.00,15,1.00,0,1451,290.01,71,8,car,2,0.95,0.35,0.39,0.14,0.13
1,291,291.04,3.10,0.00,15,1.00,0,1456,291.01,71,9,car,2,0.90,0.54,0.38,0.11,0.13
1,292,292.04,3.10,0.00,12,1.00,0,1461,292.00,71,9,car,2,0.87,0.53,0.38,0.11,0.13
1,293,293.04,3.00,0.00,11,1.00,0,1466,293.00,71,7,car,2,0.91,0.76,0.39,0.17,0.15
1,294,294.04,3.10,0.00,12,1.00,0,1471,294.00,71,8,car,2,0.90,0.84,0.41,0.24,0.22
1,295,295.04,3.00,0.00,12,1.00,0,1476,295.00,71,11,car,2,0.92,0.26,0.37,0.15,0.12
1,296,296.04,3.10,0.00,13,1.00,0,1481,296.00,71,9,car,2,0.93,0.75,0.39,0.15,0.15
1,297,297.04,3.10,0.00,16,1.00,0,1486,297.00,71,9,car,2,0.89,0.09,0.36,0.18,0.22
1,298,298.04,3.00,0.00,17,1.00,0,1491,298.00,71,11,car,2,0.91,0.09,0.37,0.18,0.21
1,299,299.04,3.00,0.00,13,1.00,0,1496,299.00,71,9,car,2,0.90,0.54,0.38,0.12,0.11
1,300,300.04,3.00,0.00,12,1.00,0,1500,299.80,71,8,car,2,0.93,0.13,0.48,0.27,0.53
0,,301.04,0.00,0.00,6,0.00,0,,,,,,,,,,,
0,,302.04,0.00,0.00,117,0.00,0,,,,,,,,,,,
0,,303.04,0.00,0.00,9,0.00,0,,,,,,,,,,,
0,,304.04,0.00,0.00,12,0.00,0,,,,,,,,,,,
0,,305.04,0.00,0.00,14,0.00,0,,,,,,,,,,,
