번호,구분,받는 데이터,전달 방법,CAN 메시지,신호 수,주기,Raw 끔,Raw 켬
1,검출 결과,"클래스, 신뢰도, 박스 중심(x, y), 박스 폭·높이",CAN,DET_BOX,8,검출마다,○,○
2,프레임 요약,"프레임 번호, 검출 수, 칩 FPS, 칩 안 지연, 건너뛴 프레임 수, 모델, Raw 여부",CAN,FRAME_STATUS,7,프레임마다,○,○
3,성능 요약,"PC 쪽 지연, 박스 그리기 시간, 이더넷 수신량, CAN 부하, 버려진 프레임 수",CAN,PERF,5,1초마다,○,○
4,깊이 위치,검출마다 X / Y / Z 거리(mm),CAN,DET_POS,5,검출마다,,○
5,깊이 계산 영역,검출마다 ROI 위치·크기 (깊이 프레임 픽셀),CAN,DET_ROI,6,검출마다,,○
6,프레임 정보,"노출, ISO, 색온도, 렌즈 위치, 센서 크기, 카메라 번호, 픽셀 형식, 처리 이미지 크기, 화각",CAN,FRAME_META_A/B/C,15,프레임마다,,○
7,시각·지연,"카메라 시계 촬영 시각, PC 시계 촬영 시각, 촬영→검출·프레임 수신 지연",CAN,FRAME_TIME_DEV/HOST,6,프레임마다,,○
8,칩 온도·CPU,"칩 온도 4곳과 평균, LEON CPU 사용률 2종",CAN,DEV_TEMP,7,1초마다,,○
9,칩 메모리,"DDR, CMX, LEON 힙(CSS·MSS) 사용량·전체",CAN,DEV_MEM_A/B/C,8,1초마다,,○
10,카메라 보정·설정,"fx, fy, cx, cy, 스테레오 기선 거리, 깊이 유효 범위, 클래스 수, 신뢰도 문턱값, 신경망 입력 크기, 카메라 소켓",CAN,CALIB_A/B/C,13,10초마다,,○
11,장치 정보,"장치 ID, 제품명, 플랫폼, 부트로더, depthai 버전, 모델 이름 (문자열)",CAN,DEV_INFO,8,10초마다,,○
12,RGB 영상,신경망이 처리한 컬러 프레임,이더넷,-,-,프레임마다 (저장은 1초 1장),,○
13,깊이 영상,스테레오로 만든 깊이 프레임,이더넷,-,-,프레임마다 (저장은 1초 1장),,○
,합계,CAN 신호 88개 (메시지 18종) + 이더넷 영상 2종,,,88,,신호 20개 (3종),신호 88개 + 영상 2종
