t_s,ts_device_s,temp_css,temp_mss,temp_upa,temp_dss,temp_avg,cpu_css_pct,cpu_mss_pct,ddr_used_mb,ddr_total_mb,cmx_used_kb,cmx_total_kb,css_heap_used_kb,css_heap_total_kb,mss_heap_used_kb,mss_heap_total_kb
0.0,0.0,44.41,42.35,41.43,42.58,42.7,88.69,3.82,52.52,332.97,2530.0,2560.0,36410.4,78037.3,5305.8,34775.6
0.5485,0.0,46.45,45.32,45.77,44.18,45.43,80.32,35.11,76.87,332.97,2535.0,2560.0,71116.4,78037.3,5772.0,34775.6
1.5488,0.0,47.58,45.09,46.0,45.32,46.0,83.02,30.31,76.87,332.97,2535.0,2560.0,71116.4,78037.3,5772.0,34775.6
2.5491,0.0,48.03,46.0,46.68,45.09,46.45,83.49,30.15,76.87,332.97,2535.0,2560.0,71116.4,78037.3,5772.0,34775.6
3.5513,0.0,47.58,46.23,45.77,45.09,46.17,83.37,30.59,76.87,332.97,2535.0,2560.0,71116.4,78037.3,5772.0,34775.6
4.5516,0.0,48.47,46.0,47.35,46.68,47.13,83.26,30.35,76.87,332.97,2535.0,2560.0,71091.7,78037.3,5772.0,34775.6
5.5471,0.0,48.47,46.45,47.8,46.45,47.29,85.43,44.85,76.87,332.97,2535.0,2560.0,71066.1,78037.3,5776.2,34775.6
6.5964,0.0,49.14,47.13,48.03,45.77,47.52,75.94,31.46,76.87,332.97,2535.0,2560.0,71066.4,78037.3,5772.0,34775.6
7.5973,0.0,48.92,47.13,47.13,46.0,47.29,76.9,30.11,76.87,332.97,2535.0,2560.0,71065.8,78037.3,5772.0,34775.6
8.5955,0.0,48.92,47.13,48.25,46.0,47.57,76.34,31.51,76.87,332.97,2535.0,2560.0,71065.8,78037.3,5772.0,34775.6
9.5964,0.0,48.92,47.58,47.58,47.13,47.8,75.55,28.53,76.87,332.97,2535.0,2560.0,71065.8,78037.3,5772.0,34775.6
