host_time_s,stream,seq,device_time_s,interval_ms,device_interval_ms,latency_ms,width,height,frame_type,n_objects,objects,temp_c,cpu_css_pct,cpu_mss_pct
0.8271,frame,0,6.286678,,,97.84,512,288,BGR888p,,,,,
0.8274,detections,0,6.286678,,,98.08,,,,2,0:0.94 60:0.57,,,
0.8277,system,0,,,,,,,,,,39.75,18.3,0.8
0.99,frame,1,6.320004,162.88,33.33,227.31,512,288,BGR888p,,,,,
0.9901,detections,1,6.320004,162.68,33.33,227.38,,,,2,0:0.94 60:0.57,,,
0.9968,frame,2,6.353322,6.78,33.32,200.77,512,288,BGR888p,,,,,
0.9968,detections,2,6.353322,6.78,33.32,200.85,,,,2,0:0.94 56:0.61,,,
0.9999,frame,3,6.386645,3.16,33.32,170.6,512,288,BGR888p,,,,,
1.0,detections,3,6.386645,3.15,33.32,170.66,,,,2,0:0.94 56:0.65,,,
1.0375,frame,4,6.419967,37.62,33.32,174.92,512,288,BGR888p,,,,,
1.0377,detections,4,6.419967,37.69,33.32,175.03,,,,2,0:0.94 56:0.66,,,
1.0984,frame,5,6.453288,60.83,33.32,202.41,512,288,BGR888p,,,,,
1.0985,detections,5,6.453288,60.77,33.32,202.47,,,,2,0:0.94 56:0.67,,,
1.1428,frame,6,6.48661,44.44,33.32,213.53,512,288,BGR888p,,,,,
1.1429,detections,6,6.48661,44.44,33.32,213.6,,,,3,0:0.94 56:0.65 60:0.50,,,
1.1965,frame,7,6.519932,53.66,33.32,233.88,512,288,BGR888p,,,,,
1.1982,detections,7,6.519932,55.27,33.32,235.55,,,,3,0:0.94 56:0.60 60:0.51,,,
1.2487,frame,8,6.553254,52.24,33.32,252.8,512,288,BGR888p,,,,,
1.2488,detections,8,6.553254,50.65,33.32,252.87,,,,2,0:0.94 56:0.65,,,
1.3032,frame,9,6.586575,54.53,33.32,274.0,512,288,BGR888p,,,,,
1.3033,detections,9,6.586575,54.52,33.32,274.06,,,,2,0:0.93 56:0.67,,,
1.3561,frame,10,6.619897,52.83,33.32,293.51,512,288,BGR888p,,,,,
1.3562,detections,10,6.619897,52.83,33.32,293.57,,,,2,0:0.93 56:0.67,,,
1.4064,frame,11,6.65322,50.37,33.32,310.54,512,288,BGR888p,,,,,
1.4066,detections,11,6.65322,50.39,33.32,310.65,,,,3,0:0.94 56:0.60 60:0.57,,,
1.4587,frame,12,6.686541,52.27,33.32,329.5,512,288,BGR888p,,,,,
1.4588,detections,12,6.686541,52.23,33.32,329.55,,,,4,0:0.94 56:0.65 60:0.58 56:0.50,,,
1.5108,frame,13,6.719863,52.05,33.32,348.22,512,288,BGR888p,,,,,
1.5108,detections,13,6.719863,52.05,33.32,348.29,,,,3,0:0.94 56:0.63 60:0.58,,,
1.565,frame,14,6.753186,54.22,33.32,369.13,512,288,BGR888p,,,,,
1.5651,detections,14,6.753186,54.25,33.32,369.22,,,,3,0:0.94 56:0.64 60:0.58,,,
1.6173,frame,15,6.786506,52.28,33.32,388.08,512,288,BGR888p,,,,,
1.6173,detections,15,6.786506,52.25,33.32,388.15,,,,3,0:0.94 56:0.65 60:0.56,,,
1.6174,system,0,,789.74,,,,,,,,41.37,61.8,10.7
1.6698,frame,16,6.819829,52.59,33.32,407.34,512,288,BGR888p,,,,,
1.6699,detections,16,6.819829,52.58,33.32,407.4,,,,4,0:0.94 56:0.65 60:0.57 56:0.51,,,
1.7229,frame,17,6.853151,53.07,33.32,427.09,512,288,BGR888p,,,,,
1.723,detections,17,6.853151,53.07,33.32,427.16,,,,4,0:0.94 56:0.65 60:0.57 56:0.55,,,
1.7729,frame,19,6.919796,50.0,66.64,410.45,512,288,BGR888p,,,,,
1.773,detections,19,6.919796,50.01,66.64,410.52,,,,5,0:0.94 56:0.62 60:0.58 56:0.58 74:0.56,,,
1.8262,frame,20,6.953116,53.29,33.32,430.42,512,288,BGR888p,,,,,
1.8263,detections,20,6.953116,53.3,33.32,430.5,,,,4,0:0.94 56:0.64 60:0.58 74:0.58,,,
1.8778,frame,22,7.019766,51.56,66.65,415.36,512,288,BGR888p,,,,,
1.8779,detections,22,7.019766,51.62,66.65,415.48,,,,4,0:0.94 74:0.64 56:0.63 60:0.58,,,
1.9323,frame,24,7.086404,54.57,66.64,403.32,512,288,BGR888p,,,,,
1.9326,detections,24,7.086404,54.7,66.64,403.58,,,,4,0:0.94 56:0.65 74:0.60 60:0.59,,,
1.9844,frame,25,7.119728,52.06,33.32,422.0,512,288,BGR888p,,,,,
1.9851,detections,25,7.119728,52.51,33.32,422.74,,,,5,0:0.94 56:0.64 74:0.62 60:0.57 56:0.51,,,
2.0368,frame,27,7.186369,52.42,66.64,407.77,512,288,BGR888p,,,,,
2.0369,detections,27,7.186369,51.76,66.64,407.83,,,,5,0:0.94 56:0.64 74:0.62 56:0.60 60:0.59,,,
2.0891,frame,28,7.219693,52.32,33.32,426.81,512,288,BGR888p,,,,,
2.0894,detections,28,7.219693,52.53,33.32,427.08,,,,5,0:0.94 56:0.63 60:0.58 74:0.55 56:0.55,,,
2.1423,frame,30,7.286335,53.21,66.64,413.4,512,288,BGR888p,,,,,
2.1426,detections,30,7.286335,53.19,66.64,413.65,,,,5,0:0.94 56:0.63 56:0.60 60:0.56 74:0.52,,,
2.1943,frame,31,7.319656,51.95,33.32,431.98,512,288,BGR888p,,,,,
2.1944,detections,31,7.319656,51.81,33.32,432.1,,,,5,0:0.94 56:0.65 60:0.58 56:0.55 74:0.54,,,
2.2499,frame,33,7.386302,55.64,66.65,420.95,512,288,BGR888p,,,,,
2.25,detections,33,7.386302,55.58,66.65,421.02,,,,5,0:0.94 56:0.67 60:0.55 74:0.54 56:0.53,,,
2.3029,frame,35,7.452945,52.99,66.64,407.3,512,288,BGR888p,,,,,
2.303,detections,35,7.452945,52.98,66.64,407.35,,,,4,0:0.94 56:0.67 56:0.56 60:0.55,,,
2.3559,frame,36,7.486267,53.02,33.32,427.0,512,288,BGR888p,,,,,
2.356,detections,36,7.486267,53.03,33.32,427.06,,,,4,0:0.94 56:0.68 56:0.56 60:0.56,,,
2.4063,frame,38,7.55291,50.34,66.64,410.72,512,288,BGR888p,,,,,
2.4064,detections,38,7.55291,50.39,66.64,410.83,,,,5,0:0.94 56:0.68 60:0.57 56:0.55 74:0.50,,,
2.4591,frame,39,7.586232,52.8,33.32,430.24,512,288,BGR888p,,,,,
2.4593,detections,39,7.586232,52.91,33.32,430.45,,,,5,0:0.94 56:0.71 56:0.58 60:0.56 74:0.52,,,
2.512,frame,41,7.652879,52.9,66.65,416.49,512,288,BGR888p,,,,,
2.5122,detections,41,7.652879,52.89,66.65,416.7,,,,5,0:0.94 56:0.65 56:0.56 60:0.56 74:0.51,,,
2.5663,frame,43,7.719519,54.29,66.64,404.07,512,288,BGR888p,,,,,
2.5663,detections,43,7.719519,54.13,66.64,404.14,,,,5,0:0.94 56:0.71 60:0.58 56:0.56 74:0.55,,,
2.6197,frame,44,7.752843,53.46,33.32,424.94,512,288,BGR888p,,,,,
2.6199,detections,44,7.752843,53.5,33.32,425.04,,,,5,0:0.94 56:0.63 60:0.55 56:0.55 74:0.51,,,
2.6199,system,0,,1002.53,,,,,,,,41.89,31.3,19.4
2.6718,frame,46,7.819485,52.04,66.64,410.32,512,288,BGR888p,,,,,
2.6718,detections,46,7.819485,52.0,66.64,410.39,,,,4,0:0.94 56:0.69 60:0.58 56:0.54,,,
2.7229,frame,47,7.85281,51.14,33.32,428.15,512,288,BGR888p,,,,,
2.723,detections,47,7.85281,51.17,33.32,428.24,,,,4,0:0.94 56:0.67 60:0.57 56:0.56,,,
2.7756,frame,49,7.919454,52.69,66.64,414.19,512,288,BGR888p,,,,,
2.7757,detections,49,7.919454,52.66,66.64,414.25,,,,3,0:0.94 56:0.69 60:0.55,,,
2.8313,frame,50,7.952773,55.71,33.32,436.6,512,288,BGR888p,,,,,
2.8314,detections,50,7.952773,55.75,33.32,436.68,,,,4,0:0.94 56:0.69 60:0.57 74:0.52,,,
2.8834,frame,52,8.019417,52.1,66.64,422.05,512,288,BGR888p,,,,,
2.8847,detections,52,8.019417,53.3,66.64,423.36,,,,4,0:0.94 56:0.66 60:0.56 74:0.55,,,
2.9365,frame,54,8.08606,53.11,66.64,408.52,512,288,BGR888p,,,,,
2.9366,detections,54,8.08606,51.9,66.64,408.6,,,,4,0:0.94 56:0.71 60:0.55 56:0.51,,,
2.9883,frame,55,8.119383,51.75,33.32,426.96,512,288,BGR888p,,,,,
2.9884,detections,55,8.119383,51.78,33.32,427.07,,,,3,0:0.94 56:0.68 60:0.55,,,
3.0403,frame,57,8.186026,52.04,66.64,412.33,512,288,BGR888p,,,,,
3.0404,detections,57,8.186026,52.0,66.64,412.41,,,,3,0:0.94 56:0.69 60:0.54,,,
3.0926,frame,58,8.219347,52.3,33.32,431.31,512,288,BGR888p,,,,,
3.0927,detections,58,8.219347,52.33,33.32,431.42,,,,4,0:0.94 56:0.70 60:0.56 56:0.50,,,
3.1457,frame,60,8.285995,53.1,66.65,417.75,512,288,BGR888p,,,,,
3.1458,detections,60,8.285995,53.04,66.65,417.81,,,,4,0:0.94 56:0.69 60:0.56 56:0.53,,,
3.2001,frame,62,8.352635,54.44,66.64,405.55,512,288,BGR888p,,,,,
3.2002,detections,62,8.352635,54.43,66.64,405.6,,,,4,0:0.93 56:0.70 56:0.57 60:0.56,,,
3.252,frame,63,8.385958,51.88,33.32,424.11,512,288,BGR888p,,,,,
3.2521,detections,63,8.385958,51.9,33.32,424.18,,,,4,0:0.93 56:0.71 60:0.56 56:0.51,,,
3.3021,frame,65,8.452601,50.09,66.64,407.58,512,288,BGR888p,,,,,
3.3023,detections,65,8.452601,50.14,66.64,407.69,,,,5,0:0.93 56:0.69 56:0.57 60:0.57 56:0.53,,,
3.355,frame,66,8.485923,52.84,33.32,427.08,512,288,BGR888p,,,,,
3.355,detections,66,8.485923,52.8,33.32,427.15,,,,5,0:0.93 56:0.67 60:0.54 56:0.54 56:0.54,,,
3.4081,frame,68,8.552574,53.12,66.65,413.55,512,288,BGR888p,,,,,
3.4082,detections,68,8.552574,53.12,66.65,413.62,,,,5,0:0.93 56:0.65 56:0.62 56:0.54 60:0.54,,,
3.4631,frame,70,8.61921,55.06,66.64,401.97,512,288,BGR888p,,,,,
3.4632,detections,70,8.61921,55.05,66.64,402.03,,,,5,0:0.93 56:0.67 56:0.58 60:0.57 56:0.56,,,
3.5157,frame,71,8.652533,52.59,33.32,421.24,512,288,BGR888p,,,,,
3.5158,detections,71,8.652533,52.6,33.32,421.31,,,,5,0:0.92 56:0.69 60:0.57 56:0.56 56:0.54,,,
3.5692,frame,73,8.719176,53.48,66.64,408.09,512,288,BGR888p,,,,,
3.5693,detections,73,8.719176,53.53,66.64,408.21,,,,5,0:0.93 56:0.65 56:0.60 56:0.58 60:0.54,,,
3.6215,frame,74,8.752499,52.28,33.32,427.12,512,288,BGR888p,,,,,
3.6218,detections,74,8.752499,52.41,33.32,427.33,,,,5,0:0.93 56:0.68 56:0.61 56:0.57 60:0.56,,,
3.622,system,0,,1002.05,,,,,,,,42.41,29.5,20.4
3.6743,frame,76,8.819142,52.77,66.64,413.21,512,288,BGR888p,,,,,
3.6745,detections,76,8.819142,52.7,66.64,413.39,,,,5,0:0.93 56:0.67 56:0.56 60:0.55 56:0.53,,,
3.7277,frame,77,8.852463,53.43,33.32,433.29,512,288,BGR888p,,,,,
3.7278,detections,77,8.852463,53.37,33.32,433.41,,,,5,0:0.93 56:0.69 56:0.58 60:0.56 56:0.53,,,
3.7823,frame,79,8.919109,54.58,66.65,421.2,512,288,BGR888p,,,,,
3.7823,detections,79,8.919109,54.52,66.65,421.27,,,,5,0:0.93 56:0.70 56:0.59 56:0.57 60:0.56,,,
3.8359,frame,81,8.985751,53.69,66.64,408.24,512,288,BGR888p,,,,,
3.836,detections,81,8.985751,53.68,66.64,408.3,,,,5,0:0.93 56:0.69 56:0.60 56:0.59 60:0.57,,,
3.8892,frame,82,9.019074,53.25,33.32,428.25,512,288,BGR888p,,,,,
3.8895,detections,82,9.019074,53.43,33.32,428.49,,,,5,0:0.93 56:0.68 56:0.59 56:0.56 60:0.55,,,
3.9385,frame,84,9.085717,49.35,66.64,410.87,512,288,BGR888p,,,,,
3.9386,detections,84,9.085717,49.16,66.64,410.93,,,,5,0:0.93 56:0.71 56:0.60 60:0.59 56:0.57,,,
3.9914,frame,85,9.119038,52.88,33.32,430.44,512,288,BGR888p,,,,,
3.9915,detections,85,9.119038,52.91,33.32,430.52,,,,5,0:0.93 56:0.67 56:0.60 56:0.59 60:0.55,,,
4.0452,frame,87,9.185685,53.8,66.65,417.58,512,288,BGR888p,,,,,
4.0453,detections,87,9.185685,53.76,66.65,417.63,,,,6,0:0.93 56:0.69 56:0.60 60:0.56 56:0.53 74:0.52,,,
4.0996,frame,88,9.219004,54.38,33.32,438.63,512,288,BGR888p,,,,,
4.0997,detections,88,9.219004,54.42,33.32,438.73,,,,5,0:0.93 56:0.68 60:0.56 56:0.53 56:0.50,,,
4.1516,frame,90,9.285649,52.03,66.64,424.0,512,288,BGR888p,,,,,
4.1517,detections,90,9.285649,51.96,66.64,424.05,,,,4,0:0.93 56:0.72 60:0.57 56:0.54,,,
4.2017,frame,92,9.352292,50.04,66.64,407.4,512,288,BGR888p,,,,,
4.2017,detections,92,9.352292,50.05,66.64,407.46,,,,4,0:0.93 56:0.69 60:0.55 56:0.54,,,
4.2539,frame,93,9.385613,52.24,33.32,426.32,512,288,BGR888p,,,,,
4.254,detections,93,9.385613,52.24,33.32,426.38,,,,4,0:0.93 56:0.67 56:0.58 60:0.56,,,
4.3069,frame,95,9.452258,52.97,66.65,412.65,512,288,BGR888p,,,,,
4.307,detections,95,9.452258,52.99,66.65,412.72,,,,4,0:0.93 56:0.70 60:0.57 56:0.52,,,
4.3594,frame,96,9.485579,52.56,33.32,431.89,512,288,BGR888p,,,,,
4.3595,detections,96,9.485579,52.57,33.32,431.98,,,,4,0:0.93 56:0.67 60:0.55 56:0.54,,,
4.4114,frame,98,9.552224,51.98,66.65,417.21,512,288,BGR888p,,,,,
4.4115,detections,98,9.552224,51.95,66.65,417.27,,,,4,0:0.93 56:0.69 60:0.56 56:0.52,,,
4.4657,frame,100,9.618867,54.25,66.64,404.83,512,288,BGR888p,,,,,
4.4657,detections,100,9.618867,54.25,66.64,404.88,,,,4,0:0.93 56:0.64 60:0.55 56:0.51,,,
4.5173,frame,101,9.65219,51.67,33.32,423.17,512,288,BGR888p,,,,,
4.5174,detections,101,9.65219,51.66,33.32,423.22,,,,5,0:0.93 56:0.69 60:0.55 56:0.52 74:0.51,,,
4.5686,frame,103,9.718834,51.32,66.64,407.87,512,288,BGR888p,,,,,
4.5688,detections,103,9.718834,51.36,66.64,407.95,,,,4,0:0.93 56:0.68 60:0.56 56:0.55,,,
4.6217,frame,104,9.752154,53.06,33.32,427.63,512,288,BGR888p,,,,,
4.6219,detections,104,9.752154,53.14,33.32,427.79,,,,4,0:0.93 56:0.70 60:0.56 56:0.53,,,
4.622,system,0,,1000.06,,,,,,,,42.35,29.1,20.5
4.6753,frame,106,9.818799,53.57,66.64,414.54,512,288,BGR888p,,,,,
4.6754,detections,106,9.818799,53.52,66.64,414.65,,,,4,0:0.93 56:0.69 60:0.58 56:0.56,,,
4.7293,frame,108,9.885442,54.02,66.64,401.89,512,288,BGR888p,,,,,
4.7294,detections,108,9.885442,53.97,66.64,401.97,,,,5,0:0.93 56:0.69 60:0.56 56:0.52 74:0.51,,,
4.782,frame,109,9.918765,52.67,33.32,421.24,512,288,BGR888p,,,,,
4.7827,detections,109,9.918765,53.29,33.32,421.94,,,,5,0:0.93 56:0.69 60:0.58 56:0.57 74:0.53,,,
4.834,frame,111,9.985408,52.07,66.64,406.66,512,288,BGR888p,,,,,
4.8341,detections,111,9.985408,51.43,66.64,406.72,,,,5,0:0.93 56:0.71 60:0.56 74:0.52 56:0.51,,,
4.8868,frame,112,10.018731,52.8,33.32,426.14,512,288,BGR888p,,,,,
4.8869,detections,112,10.018731,52.8,33.32,426.2,,,,4,0:0.93 56:0.67 56:0.55 60:0.54,,,
4.9387,frame,114,10.085374,51.85,66.64,411.35,512,288,BGR888p,,,,,
4.9388,detections,114,10.085374,51.86,66.64,411.42,,,,5,0:0.92 56:0.68 60:0.55 56:0.54 74:0.51,,,
4.9917,frame,115,10.118695,53.03,33.32,431.09,512,288,BGR888p,,,,,
4.9919,detections,115,10.118695,53.09,33.32,431.22,,,,4,0:0.93 56:0.67 60:0.56 74:0.51,,,
5.0445,frame,117,10.18534,52.78,66.64,417.21,512,288,BGR888p,,,,,
5.0446,detections,117,10.18534,52.72,66.64,417.27,,,,5,0:0.93 56:0.66 56:0.56 60:0.54 74:0.51,,,
5.099,frame,119,10.251983,54.47,66.64,405.02,512,288,BGR888p,,,,,
5.099,detections,119,10.251983,54.46,66.64,405.08,,,,4,0:0.93 56:0.65 60:0.55 56:0.51,,,
5.1514,frame,120,10.285306,52.47,33.32,424.17,512,288,BGR888p,,,,,
5.1516,detections,120,10.285306,52.53,33.32,424.29,,,,4,0:0.93 56:0.67 60:0.55 56:0.52,,,
5.2018,frame,122,10.351949,50.41,66.64,407.94,512,288,BGR888p,,,,,
5.2019,detections,122,10.351949,50.35,66.64,407.99,,,,4,0:0.93 56:0.67 60:0.56 56:0.54,,,
5.2541,frame,123,10.38527,52.28,33.32,426.9,512,288,BGR888p,,,,,
5.2542,detections,123,10.38527,52.28,33.32,426.95,,,,5,0:0.93 56:0.68 60:0.56 74:0.55 56:0.53,,,
5.3063,frame,125,10.451916,52.14,66.65,412.38,512,288,BGR888p,,,,,
5.3063,detections,125,10.451916,52.14,66.65,412.44,,,,4,0:0.93 56:0.65 60:0.54 56:0.53,,,
5.362,frame,127,10.518558,55.69,66.64,401.44,512,288,BGR888p,,,,,
5.362,detections,127,10.518558,55.69,66.64,401.49,,,,4,0:0.92 56:0.65 60:0.56 56:0.54,,,
5.4139,frame,128,10.551881,51.98,33.32,420.11,512,288,BGR888p,,,,,
5.414,detections,128,10.551881,52.02,33.32,420.2,,,,5,0:0.92 56:0.66 60:0.55 56:0.52 74:0.52,,,
5.4665,frame,130,10.618523,52.59,66.64,406.08,512,288,BGR888p,,,,,
5.4667,detections,130,10.618523,52.63,66.64,406.2,,,,4,0:0.92 56:0.70 60:0.57 56:0.53,,,
5.5191,frame,131,10.651847,52.54,33.32,425.33,512,288,BGR888p,,,,,
5.5193,detections,131,10.651847,52.61,33.32,425.51,,,,6,0:0.92 56:0.67 60:0.55 56:0.55 56:0.53 74:0.50,,,
5.5692,frame,133,10.71849,50.17,66.64,408.86,512,288,BGR888p,,,,,
5.5695,detections,133,10.71849,50.19,66.64,409.1,,,,6,0:0.92 56:0.69 56:0.57 60:0.56 56:0.54 74:0.51,,,
5.6225,frame,134,10.751811,53.23,33.32,428.83,512,288,BGR888p,,,,,
5.6228,detections,134,10.751811,53.37,33.32,429.17,,,,6,0:0.92 56:0.65 56:0.58 60:0.57 56:0.56 74:0.54,,,
5.6232,system,0,,1001.19,,,,,,,,42.75,29.0,20.5
5.6749,frame,136,10.818459,52.43,66.65,414.48,512,288,BGR888p,,,,,
5.675,detections,136,10.818459,52.13,66.65,414.56,,,,6,0:0.92 56:0.70 60:0.55 56:0.55 74:0.52 56:0.52,,,
5.73,frame,138,10.885105,55.06,66.65,402.9,512,288,BGR888p,,,,,
5.73,detections,138,10.885105,55.06,66.65,402.97,,,,5,0:0.92 56:0.68 60:0.55 56:0.52 74:0.52,,,
5.7837,frame,139,10.918421,53.72,33.32,423.3,512,288,BGR888p,,,,,
5.7838,detections,139,10.918421,53.71,33.32,423.36,,,,5,0:0.92 56:0.69 60:0.58 74:0.55 56:0.53,,,
5.8337,frame,141,10.985065,50.01,66.64,406.66,512,288,BGR888p,,,,,
5.8338,detections,141,10.985065,50.01,66.64,406.72,,,,5,0:0.93 56:0.65 60:0.55 74:0.53 56:0.53,,,
5.8859,frame,142,11.018387,52.25,33.32,425.59,512,288,BGR888p,,,,,
5.886,detections,142,11.018387,52.26,33.32,425.66,,,,5,0:0.93 56:0.64 56:0.60 60:0.56 74:0.52,,,
5.9392,frame,144,11.085032,53.28,66.64,412.24,512,288,BGR888p,,,,,
5.9393,detections,144,11.085032,53.31,66.64,412.34,,,,5,0:0.93 56:0.68 74:0.57 60:0.56 56:0.51,,,
5.9926,frame,145,11.118351,53.38,33.32,432.39,512,288,BGR888p,,,,,
5.9929,detections,145,11.118351,53.61,33.32,432.72,,,,4,0:0.92 56:0.68 60:0.55 56:0.53,,,
6.0468,frame,147,11.184996,54.23,66.64,419.94,512,288,BGR888p,,,,,
6.0471,detections,147,11.184996,54.12,66.64,420.15,,,,5,0:0.93 56:0.67 60:0.57 74:0.52 56:0.52,,,
6.0991,frame,149,11.25164,52.32,66.64,405.61,512,288,BGR888p,,,,,
6.0994,detections,149,11.25164,52.32,66.64,405.82,,,,4,0:0.93 56:0.70 56:0.55 60:0.54,,,
6.1525,frame,150,11.284962,53.36,33.32,425.6,512,288,BGR888p,,,,,
6.1527,detections,150,11.284962,53.28,33.32,425.74,,,,4,0:0.93 56:0.67 60:0.54 56:0.50,,,
6.203,frame,152,11.351606,50.49,66.64,409.44,512,288,BGR888p,,,,,
6.2031,detections,152,11.351606,50.44,66.64,409.53,,,,4,0:0.93 56:0.70 60:0.58 56:0.54,,,
6.2558,frame,153,11.384927,52.81,33.32,428.91,512,288,BGR888p,,,,,
6.2559,detections,153,11.384927,52.77,33.32,428.97,,,,5,0:0.93 56:0.68 60:0.57 56:0.54 74:0.52,,,
6.3077,frame,155,11.451572,51.95,66.65,414.24,512,288,BGR888p,,,,,
6.3079,detections,155,11.451572,52.01,66.65,414.36,,,,4,0:0.93 56:0.67 60:0.57 74:0.52,,,
6.3628,frame,157,11.518214,55.06,66.64,402.64,512,288,BGR888p,,,,,
6.3629,detections,157,11.518214,55.0,66.64,402.7,,,,5,0:0.93 56:0.63 60:0.55 74:0.54 56:0.53,,,
6.4158,frame,158,11.551537,53.0,33.32,422.34,512,288,BGR888p,,,,,
6.4159,detections,158,11.551537,53.03,33.32,422.4,,,,5,0:0.93 56:0.68 56:0.61 60:0.57 74:0.50,,,
6.4667,frame,160,11.618181,50.89,66.64,406.56,512,288,BGR888p,,,,,
6.4668,detections,160,11.618181,50.86,66.64,406.62,,,,5,0:0.93 56:0.67 60:0.55 74:0.54 56:0.54,,,
6.5207,frame,161,11.651503,53.96,33.32,427.2,512,288,BGR888p,,,,,
6.5207,detections,161,11.651503,53.96,33.32,427.25,,,,4,0:0.93 56:0.71 60:0.57 56:0.52,,,
6.572,frame,163,11.71815,51.32,66.65,411.88,512,288,BGR888p,,,,,
6.5721,detections,163,11.71815,51.33,66.65,411.94,,,,3,0:0.93 56:0.68 60:0.56,,,
6.6258,frame,164,11.751468,53.81,33.32,432.36,512,288,BGR888p,,,,,
6.6272,detections,164,11.751468,55.16,33.32,433.8,,,,5,0:0.93 56:0.69 60:0.55 56:0.51 74:0.51,,,
6.6273,system,0,,1004.09,,,,,,,,42.93,29.0,20.4
6.6801,frame,166,11.818112,54.34,66.64,420.06,512,288,BGR888p,,,,,
6.6802,detections,166,11.818112,52.98,66.64,420.11,,,,5,0:0.93 56:0.69 56:0.57 60:0.56 74:0.53,,,
6.733,frame,168,11.884755,52.83,66.64,406.25,512,288,BGR888p,,,,,
6.733,detections,168,11.884755,52.83,66.64,406.3,,,,5,0:0.93 56:0.67 60:0.56 56:0.55 74:0.51,,,
6.7851,frame,169,11.918079,52.18,33.32,425.1,512,288,BGR888p,,,,,
6.7852,detections,169,11.918079,52.17,33.32,425.15,,,,5,0:0.93 56:0.69 56:0.57 74:0.56 60:0.56,,,
6.8352,frame,171,11.984722,50.02,66.64,408.5,512,288,BGR888p,,,,,
6.8353,detections,171,11.984722,50.06,66.64,408.57,,,,4,0:0.93 56:0.65 60:0.55 56:0.54,,,
6.887,frame,172,12.018042,51.86,33.32,427.01,512,288,BGR888p,,,,,
6.8871,detections,172,12.018042,51.82,33.32,427.07,,,,5,0:0.93 56:0.68 60:0.57 74:0.54 56:0.52,,,
6.9391,frame,174,12.084689,52.06,66.65,412.44,512,288,BGR888p,,,,,
6.9392,detections,174,12.084689,52.07,66.65,412.5,,,,5,0:0.93 56:0.67 60:0.56 74:0.54 56:0.54,,,
6.9917,frame,176,12.151331,52.58,66.64,398.41,512,288,BGR888p,,,,,
6.9922,detections,176,12.151331,53.04,66.64,398.95,,,,5,0:0.93 56:0.68 60:0.55 74:0.54 56:0.51,,,
7.0461,frame,177,12.184653,54.41,33.32,419.46,512,288,BGR888p,,,,,
7.0462,detections,177,12.184653,54.0,33.32,419.57,,,,5,0:0.93 56:0.64 60:0.56 74:0.55 56:0.54,,,
7.099,frame,179,12.251296,52.89,66.64,405.71,512,288,BGR888p,,,,,
7.099,detections,179,12.251296,52.84,66.64,405.77,,,,5,0:0.93 56:0.68 60:0.56 56:0.55 74:0.50,,,
7.1517,frame,180,12.28462,52.78,33.32,425.16,512,288,BGR888p,,,,,
7.1518,detections,180,12.28462,52.77,33.32,425.21,,,,5,0:0.93 56:0.69 60:0.56 56:0.55 74:0.53,,,
7.2031,frame,182,12.351263,51.39,66.64,409.9,512,288,BGR888p,,,,,
7.2033,detections,182,12.351263,51.45,66.64,410.02,,,,5,0:0.93 56:0.69 60:0.56 74:0.55 56:0.54,,,
7.2564,frame,183,12.384583,53.29,33.32,429.88,512,288,BGR888p,,,,,
7.2565,detections,183,12.384583,53.26,33.32,429.97,,,,5,0:0.93 56:0.67 60:0.55 56:0.55 74:0.51,,,
7.3084,frame,185,12.451231,51.97,66.65,415.21,512,288,BGR888p,,,,,
7.3085,detections,185,12.451231,51.96,66.65,415.29,,,,5,0:0.93 56:0.69 60:0.56 56:0.53 74:0.52,,,
7.3634,frame,187,12.517871,55.01,66.64,403.56,512,288,BGR888p,,,,,
7.3635,detections,187,12.517871,54.99,66.64,403.63,,,,4,0:0.93 56:0.69 60:0.56 56:0.52,,,
7.4159,frame,188,12.551194,52.53,33.32,422.78,512,288,BGR888p,,,,,
7.416,detections,188,12.551194,52.55,33.32,422.86,,,,5,0:0.94 56:0.68 74:0.55 60:0.54 56:0.52,,,
7.4666,frame,190,12.617837,50.67,66.64,406.81,512,288,BGR888p,,,,,
7.4667,detections,190,12.617837,50.69,66.64,406.91,,,,5,0:0.94 56:0.69 60:0.56 74:0.54 56:0.51,,,
7.5197,frame,191,12.651158,53.14,33.32,426.61,512,288,BGR888p,,,,,
7.5198,detections,191,12.651158,53.09,33.32,426.67,,,,5,0:0.94 56:0.69 60:0.56 56:0.55 74:0.53,,,
7.571,frame,193,12.717804,51.31,66.65,411.27,512,288,BGR888p,,,,,
7.5711,detections,193,12.717804,51.31,66.65,411.33,,,,5,0:0.94 56:0.68 60:0.56 74:0.53 56:0.52,,,
7.6229,frame,194,12.751125,51.91,33.32,429.86,512,288,BGR888p,,,,,
7.623,detections,194,12.751125,51.91,33.32,429.92,,,,5,0:0.94 56:0.68 60:0.55 56:0.53 74:0.51,,,
7.6231,system,0,,995.76,,,,,,,,43.04,29.2,20.0
7.6786,frame,196,12.817771,55.63,66.65,418.84,512,288,BGR888p,,,,,
7.6787,detections,196,12.817771,55.63,66.65,418.91,,,,5,0:0.94 56:0.64 74:0.59 60:0.56 56:0.53,,,
7.7316,frame,198,12.884412,53.05,66.64,405.25,512,288,BGR888p,,,,,
7.7317,detections,198,12.884412,53.04,66.64,405.31,,,,5,0:0.94 56:0.67 60:0.54 74:0.52 56:0.51,,,
7.785,frame,199,12.917735,53.36,33.32,425.28,512,288,BGR888p,,,,,
7.785,detections,199,12.917735,53.35,33.32,425.34,,,,4,0:0.94 56:0.69 60:0.57 56:0.53,,,
7.8348,frame,201,12.984379,49.78,66.64,408.41,512,288,BGR888p,,,,,
7.8348,detections,201,12.984379,49.78,66.64,408.47,,,,5,0:0.94 56:0.67 60:0.55 74:0.54 56:0.53,,,
7.8864,frame,202,13.017703,51.65,33.32,426.76,512,288,BGR888p,,,,,
7.8865,detections,202,13.017703,51.69,33.32,426.84,,,,5,0:0.93 56:0.68 60:0.56 74:0.55 56:0.52,,,
7.9395,frame,204,13.084346,53.06,66.64,413.19,512,288,BGR888p,,,,,
7.9396,detections,204,13.084346,53.07,66.64,413.28,,,,5,0:0.94 56:0.68 60:0.55 74:0.54 56:0.52,,,
7.9931,frame,206,13.150987,53.64,66.64,400.18,512,288,BGR888p,,,,,
7.9932,detections,206,13.150987,53.62,66.64,400.26,,,,5,0:0.94 56:0.68 56:0.57 60:0.56 74:0.52,,,
8.047,frame,207,13.18431,53.86,33.32,420.7,512,288,BGR888p,,,,,
8.047,detections,207,13.18431,53.83,33.32,420.76,,,,5,0:0.94 56:0.63 60:0.55 56:0.55 74:0.51,,,
8.0984,frame,209,13.250953,51.46,66.64,405.52,512,288,BGR888p,,,,,
8.0985,detections,209,13.250953,51.49,66.64,405.62,,,,5,0:0.93 56:0.67 56:0.58 60:0.56 74:0.56,,,
8.1506,frame,210,13.284278,52.13,33.32,424.33,512,288,BGR888p,,,,,
8.1506,detections,210,13.284278,52.11,33.32,424.39,,,,5,0:0.94 56:0.69 56:0.59 60:0.56 74:0.54,,,
8.2027,frame,212,13.35092,52.09,66.64,409.78,512,288,BGR888p,,,,,
8.2027,detections,212,13.35092,52.1,66.64,409.85,,,,5,0:0.94 56:0.68 74:0.56 56:0.55 60:0.55,,,
8.2545,frame,213,13.38424,51.88,33.32,428.35,512,288,BGR888p,,,,,
8.2547,detections,213,13.38424,51.96,33.32,428.5,,,,4,0:0.94 56:0.65 60:0.56 56:0.51,,,
8.3074,frame,215,13.450885,52.91,66.64,414.68,512,288,BGR888p,,,,,
8.3077,detections,215,13.450885,52.98,66.64,414.86,,,,5,0:0.94 56:0.66 74:0.57 56:0.55 60:0.54,,,
8.3615,frame,217,13.517528,54.04,66.64,402.02,512,288,BGR888p,,,,,
8.3616,detections,217,13.517528,53.91,66.64,402.1,,,,5,0:0.94 56:0.65 56:0.55 60:0.54 74:0.54,,,
8.4132,frame,218,13.550851,51.69,33.32,420.39,512,288,BGR888p,,,,,
8.4137,detections,218,13.550851,52.13,33.32,420.94,,,,4,0:0.94 56:0.68 56:0.57 60:0.54,,,
8.4644,frame,220,13.617494,51.27,66.64,404.99,512,288,BGR888p,,,,,
8.4645,detections,220,13.617494,50.8,66.64,405.06,,,,5,0:0.94 56:0.65 60:0.55 56:0.54 74:0.54,,,
8.5175,frame,221,13.650816,53.1,33.32,424.76,512,288,BGR888p,,,,,
8.5176,detections,221,13.650816,53.09,33.32,424.82,,,,5,0:0.94 56:0.67 56:0.54 60:0.53 56:0.51,,,
8.5694,frame,223,13.717477,51.83,66.66,409.93,512,288,BGR888p,,,,,
8.5694,detections,223,13.717477,51.82,66.66,409.99,,,,5,0:0.94 56:0.70 56:0.58 60:0.57 74:0.53,,,
8.6215,frame,224,13.750782,52.13,33.3,428.76,512,288,BGR888p,,,,,
8.6216,detections,224,13.750782,52.14,33.3,428.82,,,,5,0:0.94 56:0.69 60:0.57 74:0.55 56:0.54,,,
8.6216,system,0,,998.56,,,,,,,,43.38,29.2,20.4
8.6739,frame,226,13.817426,52.4,66.64,414.52,512,288,BGR888p,,,,,
8.674,detections,226,13.817426,52.42,66.64,414.61,,,,5,0:0.94 56:0.69 56:0.58 60:0.57 74:0.54,,,
8.7286,frame,228,13.884068,54.73,66.64,402.6,512,288,BGR888p,,,,,
8.7287,detections,228,13.884068,54.71,66.64,402.67,,,,5,0:0.94 56:0.67 60:0.57 74:0.56 56:0.54,,,
8.7812,frame,229,13.917392,52.62,33.32,421.96,512,288,BGR888p,,,,,
8.7824,detections,229,13.917392,53.74,33.32,423.18,,,,5,0:0.94 56:0.67 56:0.56 60:0.56 74:0.53,,,
8.8318,frame,231,13.984036,50.6,66.64,405.87,512,288,BGR888p,,,,,
8.832,detections,231,13.984036,49.52,66.64,405.97,,,,4,0:0.94 56:0.66 60:0.57 56:0.55,,,
8.8846,frame,232,14.017356,52.81,33.32,425.36,512,288,BGR888p,,,,,
8.8848,detections,232,14.017356,52.83,33.32,425.48,,,,5,0:0.94 56:0.69 60:0.57 56:0.56 74:0.51,,,
8.9379,frame,234,14.084004,53.21,66.65,411.94,512,288,BGR888p,,,,,
8.938,detections,234,14.084004,53.23,66.65,412.07,,,,5,0:0.94 56:0.68 56:0.55 60:0.55 74:0.54,,,
8.9923,frame,236,14.150643,54.46,66.64,399.72,512,288,BGR888p,,,,,
8.9924,detections,236,14.150643,54.38,66.64,399.79,,,,5,0:0.94 56:0.66 56:0.57 60:0.55 74:0.52,,,
9.0449,frame,237,14.183966,52.62,33.32,419.02,512,288,BGR888p,,,,,
9.0455,detections,237,14.183966,53.06,33.32,419.53,,,,5,0:0.94 56:0.69 60:0.56 56:0.55 74:0.54,,,
9.0975,frame,239,14.250609,52.56,66.64,404.94,512,288,BGR888p,,,,,
9.0976,detections,239,14.250609,52.12,66.64,405.0,,,,4,0:0.94 56:0.69 60:0.56 56:0.53,,,
9.1506,frame,240,14.283933,53.13,33.32,424.74,512,288,BGR888p,,,,,
9.1507,detections,240,14.283933,53.12,33.32,424.79,,,,4,0:0.94 56:0.66 56:0.55 60:0.55,,,
9.2005,frame,242,14.350577,49.84,66.64,407.94,512,288,BGR888p,,,,,
9.2006,detections,242,14.350577,49.85,66.64,408.0,,,,5,0:0.94 56:0.71 56:0.58 60:0.57 74:0.52,,,
9.2534,frame,243,14.383897,52.89,33.32,427.5,512,288,BGR888p,,,,,
9.2534,detections,243,14.383897,52.88,33.32,427.56,,,,5,0:0.94 56:0.69 60:0.56 74:0.55 56:0.53,,,
9.3066,frame,245,14.450541,53.22,66.64,414.09,512,288,BGR888p,,,,,
9.3067,detections,245,14.450541,53.3,66.64,414.22,,,,6,0:0.94 56:0.67 56:0.58 74:0.55 60:0.55 0:0.52,,,
9.361,frame,247,14.517184,54.39,66.64,401.84,512,288,BGR888p,,,,,
9.3618,detections,247,14.517184,55.11,66.64,402.69,,,,5,0:0.94 56:0.66 56:0.55 60:0.55 0:0.52,,,
9.4154,frame,248,14.550507,54.44,33.32,422.97,512,288,BGR888p,,,,,
9.4155,detections,248,14.550507,53.68,33.32,423.05,,,,6,0:0.94 56:0.67 60:0.58 0:0.54 56:0.53 74:0.52,,,
9.4649,frame,250,14.617151,49.47,66.64,405.8,512,288,BGR888p,,,,,
9.465,detections,250,14.617151,49.48,66.64,405.89,,,,5,0:0.94 56:0.64 60:0.57 0:0.52 56:0.51,,,
9.5175,frame,251,14.650472,52.63,33.32,425.1,512,288,BGR888p,,,,,
9.5176,detections,251,14.650472,52.6,33.32,425.17,,,,6,0:0.94 56:0.65 56:0.57 60:0.54 0:0.52 74:0.51,,,
9.5702,frame,253,14.717119,52.69,66.65,411.13,512,288,BGR888p,,,,,
9.5703,detections,253,14.717119,52.68,66.65,411.19,,,,6,0:0.94 56:0.68 60:0.56 56:0.56 74:0.56 0:0.53,,,
9.6257,frame,254,14.750437,55.45,33.32,433.28,512,288,BGR888p,,,,,
9.6258,detections,254,14.750437,55.48,33.32,433.36,,,,6,0:0.94 56:0.69 56:0.57 60:0.56 74:0.51 0:0.50,,,
9.6258,system,0,,1004.21,,,,,,,,43.27,29.7,20.1
9.6776,frame,256,14.817082,51.96,66.64,418.6,512,288,BGR888p,,,,,
9.6784,detections,256,14.817082,52.6,66.64,419.33,,,,5,0:0.94 56:0.66 56:0.58 60:0.53 0:0.51,,,
9.7305,frame,258,14.883725,52.89,66.64,404.85,512,288,BGR888p,,,,,
9.7306,detections,258,14.883725,52.26,66.64,404.94,,,,5,0:0.94 56:0.69 60:0.56 56:0.51 74:0.51,,,
9.7831,frame,259,14.917054,52.62,33.33,424.13,512,288,BGR888p,,,,,
9.7832,detections,259,14.917054,52.6,33.33,424.2,,,,6,0:0.94 56:0.68 56:0.58 60:0.57 74:0.51 0:0.50,,,
9.8358,frame,261,14.983692,52.66,66.64,410.17,512,288,BGR888p,,,,,
9.8359,detections,261,14.983692,52.69,66.64,410.26,,,,5,0:0.94 56:0.69 60:0.55 74:0.54 56:0.52,,,
9.8884,frame,262,15.017012,52.61,33.32,429.5,512,288,BGR888p,,,,,
9.8886,detections,262,15.017012,52.72,33.32,429.68,,,,5,0:0.94 56:0.67 56:0.58 60:0.56 74:0.52,,,
9.9434,frame,264,15.083657,54.96,66.65,417.79,512,288,BGR888p,,,,,
9.9435,detections,264,15.083657,54.9,66.65,417.93,,,,5,0:0.94 56:0.66 56:0.59 60:0.57 74:0.51,,,
9.9961,frame,266,15.1503,52.74,66.64,407.35,512,288,BGR888p,,,,,
9.9963,detections,266,15.1503,52.75,66.64,407.5,,,,5,0:0.94 56:0.67 56:0.55 60:0.54 74:0.54,,,
10.0504,frame,267,15.183625,54.3,33.32,428.35,512,288,BGR888p,,,,,
10.0506,detections,267,15.183625,54.34,33.32,428.51,,,,5,0:0.94 56:0.66 60:0.56 74:0.56 56:0.55,,,
10.099,frame,269,15.250266,48.55,66.64,410.26,512,288,BGR888p,,,,,
10.0992,detections,269,15.250266,48.58,66.64,410.47,,,,5,0:0.93 56:0.64 60:0.55 56:0.54 74:0.50,,,
10.1508,frame,270,15.283587,51.8,33.32,428.67,512,288,BGR888p,,,,,
10.1508,detections,270,15.283587,51.63,33.32,428.72,,,,5,0:0.94 56:0.68 60:0.56 74:0.54 56:0.51,,,
10.2047,frame,272,15.350233,53.98,66.65,416.0,512,288,BGR888p,,,,,
10.2048,detections,272,15.350233,53.99,66.65,416.07,,,,4,0:0.94 56:0.67 56:0.58 60:0.56,,,
10.2585,frame,274,15.416875,53.74,66.64,403.11,512,288,BGR888p,,,,,
10.2586,detections,274,15.416875,53.74,66.64,403.17,,,,6,0:0.94 56:0.63 56:0.60 60:0.54 74:0.53 0:0.51,,,
10.3123,frame,275,15.450201,53.79,33.33,423.57,512,288,BGR888p,,,,,
10.3129,detections,275,15.450201,54.3,33.33,424.14,,,,5,0:0.94 56:0.65 60:0.55 56:0.52 0:0.50,,,
10.3629,frame,277,15.516841,50.64,66.64,407.56,512,288,BGR888p,,,,,
10.363,detections,277,15.516841,50.12,66.64,407.62,,,,5,0:0.94 56:0.67 60:0.56 56:0.54 74:0.54,,,
10.4165,frame,278,15.550164,53.64,33.32,427.88,512,288,BGR888p,,,,,
10.4166,detections,278,15.550164,53.64,33.32,427.94,,,,6,0:0.94 56:0.65 74:0.58 60:0.56 56:0.52 0:0.50,,,
10.4691,frame,280,15.616809,52.58,66.64,413.81,512,288,BGR888p,,,,,
10.4692,detections,280,15.616809,52.58,66.64,413.87,,,,5,0:0.94 56:0.69 60:0.57 74:0.55 56:0.53,,,
10.5242,frame,281,15.650128,55.05,33.32,435.55,512,288,BGR888p,,,,,
10.5243,detections,281,15.650128,55.05,33.32,435.6,,,,5,0:0.94 56:0.68 74:0.56 56:0.55 60:0.55,,,
10.5765,frame,283,15.716773,52.31,66.64,421.23,512,288,BGR888p,,,,,
10.5766,detections,283,15.716773,52.33,66.64,421.29,,,,5,0:0.94 56:0.66 60:0.55 56:0.52 74:0.51,,,
10.6298,frame,285,15.783416,53.27,66.64,407.91,512,288,BGR888p,,,,,
10.63,detections,285,15.783416,53.41,66.64,408.11,,,,5,0:0.94 56:0.66 74:0.58 60:0.55 56:0.54,,,
10.6302,system,0,,1004.36,,,,,,,,43.33,29.6,20.4
10.6831,frame,286,15.816739,53.35,33.32,427.94,512,288,BGR888p,,,,,
10.6834,detections,286,15.816739,53.36,33.32,428.16,,,,5,0:0.94 56:0.66 60:0.57 74:0.54 56:0.53,,,
10.7333,frame,288,15.883383,50.16,66.64,411.39,512,288,BGR888p,,,,,
10.7334,detections,288,15.883383,49.99,66.64,411.44,,,,5,0:0.94 56:0.67 60:0.55 56:0.51 74:0.50,,,
10.7857,frame,289,15.916704,52.47,33.32,430.54,512,288,BGR888p,,,,,
10.7858,detections,289,15.916704,52.48,33.32,430.61,,,,5,0:0.94 56:0.68 74:0.56 60:0.55 56:0.54,,,
10.8384,frame,291,15.98335,52.64,66.65,416.54,512,288,BGR888p,,,,,
10.8385,detections,291,15.98335,52.66,66.65,416.63,,,,4,0:0.94 56:0.69 60:0.57 56:0.55,,,
10.8917,frame,293,16.049992,53.27,66.64,403.19,512,288,BGR888p,,,,,
10.8918,detections,293,16.049992,53.32,66.64,403.33,,,,5,0:0.94 56:0.68 56:0.57 60:0.56 74:0.53,,,
10.9444,frame,294,16.083314,52.74,33.32,422.59,512,288,BGR888p,,,,,
10.9453,detections,294,16.083314,53.5,33.32,423.51,,,,5,0:0.94 56:0.65 56:0.58 60:0.55 74:0.53,,,
10.996,frame,296,16.149957,51.63,66.64,407.58,512,288,BGR888p,,,,,
10.9961,detections,296,16.149957,50.82,66.64,407.66,,,,5,0:0.94 56:0.68 60:0.57 74:0.55 56:0.53,,,
11.0495,frame,297,16.183286,53.43,33.33,427.67,512,288,BGR888p,,,,,
11.0496,detections,297,16.183286,53.42,33.33,427.75,,,,5,0:0.94 56:0.67 56:0.58 60:0.56 74:0.52,,,
11.0993,frame,299,16.249924,49.88,66.64,410.91,512,288,BGR888p,,,,,
11.0994,detections,299,16.249924,49.87,66.64,410.97,,,,5,0:0.94 56:0.66 60:0.56 56:0.54 74:0.54,,,
11.1516,frame,300,16.283244,52.3,33.32,429.9,512,288,BGR888p,,,,,
11.1517,detections,300,16.283244,52.3,33.32,429.95,,,,5,0:0.94 56:0.66 60:0.56 56:0.54 74:0.50,,,
11.204,frame,302,16.349889,52.37,66.65,415.62,512,288,BGR888p,,,,,
11.2041,detections,302,16.349889,52.37,66.65,415.68,,,,5,0:0.94 56:0.67 74:0.59 60:0.56 56:0.56,,,
11.2592,frame,304,16.416532,55.2,66.64,404.24,512,288,BGR888p,,,,,
11.2594,detections,304,16.416532,55.36,66.64,404.47,,,,5,0:0.94 56:0.68 56:0.57 60:0.56 74:0.52,,,
11.3115,frame,305,16.449855,52.24,33.32,423.18,512,288,BGR888p,,,,,
11.3125,detections,305,16.449855,53.04,33.32,424.21,,,,5,0:0.94 56:0.68 60:0.57 56:0.53 74:0.51,,,
11.3633,frame,307,16.516498,51.82,66.64,408.35,512,288,BGR888p,,,,,
11.3636,detections,307,16.516498,51.07,66.64,408.59,,,,5,0:0.94 56:0.70 60:0.57 56:0.56 74:0.52,,,
11.4153,frame,308,16.549819,52.01,33.32,426.97,512,288,BGR888p,,,,,
11.4154,detections,308,16.549819,51.82,33.32,427.04,,,,5,0:0.94 56:0.63 60:0.55 56:0.54 74:0.53,,,
11.4663,frame,310,16.616464,50.97,66.65,411.31,512,288,BGR888p,,,,,
11.4664,detections,310,16.616464,51.0,66.65,411.4,,,,5,0:0.94 56:0.69 60:0.57 74:0.55 56:0.54,,,
11.5198,frame,311,16.649785,53.5,33.32,431.5,512,288,BGR888p,,,,,
11.5199,detections,311,16.649785,53.53,33.32,431.61,,,,5,0:0.94 56:0.67 56:0.57 60:0.54 74:0.50,,,
11.5723,frame,313,16.716431,52.54,66.65,417.4,512,288,BGR888p,,,,,
11.5725,detections,313,16.716431,52.55,66.65,417.53,,,,5,0:0.94 56:0.67 56:0.56 74:0.56 60:0.54,,,
11.6278,frame,315,16.783072,55.45,66.64,406.19,512,288,BGR888p,,,,,
11.6279,detections,315,16.783072,55.41,66.64,406.28,,,,5,0:0.94 56:0.64 56:0.59 60:0.56 74:0.56,,,
11.6279,system,0,,997.75,,,,,,,,43.38,29.2,20.2
11.6813,frame,316,16.816396,53.56,33.32,426.48,512,288,BGR888p,,,,,
11.6816,detections,316,16.816396,53.71,33.32,426.7,,,,4,0:0.94 56:0.67 60:0.56 56:0.54,,,
11.7309,frame,318,16.883039,49.55,66.64,409.33,512,288,BGR888p,,,,,
11.731,detections,318,16.883039,49.39,66.64,409.42,,,,5,0:0.94 56:0.67 60:0.56 74:0.54 56:0.52,,,
11.7839,frame,319,16.916366,53.01,33.33,429.0,512,288,BGR888p,,,,,
11.784,detections,319,16.916366,52.98,33.33,429.06,,,,5,0:0.94 56:0.69 56:0.59 60:0.54 74:0.53,,,
11.836,frame,321,16.983005,52.09,66.64,414.45,512,288,BGR888p,,,,,
11.836,detections,321,16.983005,52.08,66.64,414.5,,,,4,0:0.94 56:0.70 60:0.57 56:0.54,,,
11.89,frame,322,17.016325,54.0,33.32,435.14,512,288,BGR888p,,,,,
11.8901,detections,322,17.016325,54.04,33.32,435.23,,,,5,0:0.94 56:0.67 60:0.56 56:0.55 74:0.52,,,
11.943,frame,324,17.082972,53.06,66.65,421.55,512,288,BGR888p,,,,,
11.944,detections,324,17.082972,53.93,66.65,422.51,,,,5,0:0.94 56:0.66 56:0.60 74:0.57 60:0.54,,,
11.9959,frame,326,17.149615,52.84,66.64,407.75,512,288,BGR888p,,,,,
11.996,detections,326,17.149615,51.96,66.64,407.81,,,,5,0:0.94 56:0.69 56:0.57 74:0.56 60:0.55,,,
12.0476,frame,327,17.182936,51.73,33.32,426.16,512,288,BGR888p,,,,,
12.0477,detections,327,17.182936,51.72,33.32,426.21,,,,4,0:0.94 56:0.66 60:0.54 56:0.53,,,
12.0996,frame,329,17.24958,52.04,66.64,411.56,512,288,BGR888p,,,,,
12.0997,detections,329,17.24958,52.04,66.64,411.62,,,,5,0:0.94 56:0.69 74:0.56 60:0.55 56:0.51,,,
12.1517,frame,330,17.282901,52.1,33.32,430.33,512,288,BGR888p,,,,,
12.1518,detections,330,17.282901,52.1,33.32,430.39,,,,5,0:0.94 56:0.68 56:0.57 60:0.55 74:0.54,,,
12.204,frame,332,17.349546,52.26,66.65,415.94,512,288,BGR888p,,,,,
12.2041,detections,332,17.349546,52.25,66.65,416.0,,,,5,0:0.94 56:0.69 60:0.54 74:0.54 56:0.53,,,
12.2585,frame,334,17.416188,54.54,66.64,403.87,512,288,BGR888p,,,,,
12.2586,detections,334,17.416188,54.57,66.64,403.93,,,,4,0:0.94 56:0.63 60:0.56 56:0.53,,,
12.3115,frame,335,17.449511,52.94,33.32,423.46,512,288,BGR888p,,,,,
12.3125,detections,335,17.449511,53.85,33.32,424.49,,,,5,0:0.94 56:0.67 60:0.57 56:0.55 74:0.53,,,
12.3626,frame,337,17.516154,51.13,66.64,407.95,512,288,BGR888p,,,,,
12.3627,detections,337,17.516154,50.2,66.64,408.02,,,,5,0:0.94 56:0.67 60:0.55 56:0.55 74:0.50,,,
12.415,frame,338,17.549475,52.41,33.32,427.04,512,288,BGR888p,,,,,
12.4151,detections,338,17.549475,52.4,33.32,427.09,,,,5,0:0.94 56:0.68 56:0.58 60:0.56 74:0.53,,,
12.4679,frame,340,17.616126,52.91,66.65,413.31,512,288,BGR888p,,,,,
12.468,detections,340,17.616126,52.94,66.65,413.4,,,,5,0:0.94 56:0.66 60:0.55 56:0.53 74:0.51,,,
12.523,frame,342,17.682763,55.07,66.64,401.77,512,288,BGR888p,,,,,
12.5232,detections,342,17.682763,55.15,66.64,401.93,,,,5,0:0.94 56:0.66 60:0.55 56:0.55 74:0.53,,,
12.5756,frame,343,17.716086,52.6,33.32,421.12,512,288,BGR888p,,,,,
12.5762,detections,343,17.716086,52.97,33.32,421.67,,,,5,0:0.94 56:0.67 74:0.58 56:0.58 60:0.56,,,
12.629,frame,345,17.782729,53.41,66.64,407.78,512,288,BGR888p,,,,,
12.6291,detections,345,17.782729,52.93,66.64,407.84,,,,5,0:0.94 56:0.66 56:0.56 74:0.55 60:0.55,,,
12.6291,system,0,,1001.2,,,,,,,,43.78,29.3,20.4
12.6816,frame,346,17.816059,52.54,33.33,426.99,512,288,BGR888p,,,,,
12.6816,detections,346,17.816059,52.54,33.33,427.05,,,,5,0:0.94 56:0.68 60:0.57 56:0.57 74:0.51,,,
12.734,frame,348,17.882696,52.48,66.64,412.83,512,288,BGR888p,,,,,
12.7341,detections,348,17.882696,52.48,66.64,412.89,,,,5,0:0.94 56:0.65 60:0.55 56:0.55 74:0.51,,,
12.7873,frame,349,17.916016,53.3,33.32,432.8,512,288,BGR888p,,,,,
12.7892,detections,349,17.916016,55.11,33.32,434.72,,,,4,0:0.94 56:0.66 56:0.57 60:0.57,,,
12.8418,frame,351,17.982663,54.49,66.65,420.66,512,288,BGR888p,,,,,
12.8419,detections,351,17.982663,52.69,66.65,420.73,,,,5,0:0.94 56:0.66 74:0.57 60:0.55 56:0.53,,,
12.8941,frame,353,18.049305,52.28,66.64,406.29,512,288,BGR888p,,,,,
12.8942,detections,353,18.049305,52.29,66.64,406.38,,,,5,0:0.94 56:0.70 60:0.56 74:0.56 56:0.55,,,
12.9472,frame,354,18.082628,53.06,33.32,426.08,512,288,BGR888p,,,,,
12.9475,detections,354,18.082628,53.33,33.32,426.44,,,,4,0:0.94 56:0.67 60:0.55 56:0.51,,,
12.9979,frame,356,18.14927,50.7,66.64,410.08,512,288,BGR888p,,,,,
12.9979,detections,356,18.14927,50.4,66.64,410.14,,,,5,0:0.94 56:0.68 56:0.55 60:0.54 74:0.53,,,
13.0501,frame,357,18.182593,52.25,33.32,429.08,512,288,BGR888p,,,,,
13.0504,detections,357,18.182593,52.42,33.32,429.29,,,,4,0:0.94 56:0.67 56:0.58 60:0.55,,,
13.1027,frame,359,18.249237,52.55,66.64,414.94,512,288,BGR888p,,,,,
13.1028,detections,359,18.249237,52.43,66.64,415.04,,,,4,0:0.94 56:0.65 60:0.55 56:0.53,,,
13.1567,frame,361,18.315879,53.99,66.64,402.27,512,288,BGR888p,,,,,
13.1567,detections,361,18.315879,53.96,66.64,402.33,,,,5,0:0.94 56:0.69 56:0.56 60:0.56 74:0.53,,,
13.2093,frame,362,18.349202,52.63,33.32,421.57,512,288,BGR888p,,,,,
13.2103,detections,362,18.349202,53.59,33.32,422.62,,,,5,0:0.94 56:0.69 56:0.57 60:0.57 74:0.53,,,
13.2609,frame,364,18.415845,51.59,66.64,406.52,512,288,BGR888p,,,,,
13.261,detections,364,18.415845,50.63,66.64,406.58,,,,5,0:0.94 56:0.67 56:0.58 60:0.56 74:0.51,,,
13.3138,frame,365,18.449169,52.88,33.32,426.08,512,288,BGR888p,,,,,
13.3139,detections,365,18.449169,52.92,33.32,426.19,,,,5,0:0.94 56:0.68 60:0.57 56:0.54 74:0.51,,,
13.3656,frame,367,18.515814,51.87,66.64,411.31,512,288,BGR888p,,,,,
13.3657,detections,367,18.515814,51.84,66.64,411.38,,,,5,0:0.94 56:0.69 60:0.56 74:0.56 56:0.55,,,
13.4172,frame,368,18.549132,51.62,33.32,429.62,512,288,BGR888p,,,,,
13.4174,detections,368,18.549132,51.64,33.32,429.71,,,,5,0:0.94 56:0.67 56:0.57 74:0.56 60:0.54,,,
13.4697,frame,370,18.615778,52.41,66.65,415.38,512,288,BGR888p,,,,,
13.4698,detections,370,18.615778,52.41,66.65,415.47,,,,5,0:0.94 56:0.66 60:0.55 74:0.50 56:0.50,,,
13.524,frame,372,18.68242,54.38,66.64,403.12,512,288,BGR888p,,,,,
13.5241,detections,372,18.68242,54.36,66.64,403.17,,,,5,0:0.94 56:0.68 60:0.57 56:0.56 74:0.55,,,
13.5761,frame,373,18.715744,52.04,33.32,421.84,512,288,BGR888p,,,,,
13.5766,detections,373,18.715744,52.47,33.32,422.33,,,,5,0:0.94 56:0.70 60:0.58 74:0.53 56:0.50,,,
13.6288,frame,375,18.782386,52.68,66.64,407.88,512,288,BGR888p,,,,,
13.6289,detections,375,18.782386,52.27,66.64,407.95,,,,5,0:0.94 56:0.67 60:0.57 56:0.54 74:0.51,,,
13.6289,system,0,,999.77,,,,,,,,43.56,29.0,20.3
13.6819,frame,376,18.815707,53.16,33.32,427.72,512,288,BGR888p,,,,,
13.682,detections,376,18.815707,53.16,33.32,427.79,,,,4,0:0.94 56:0.65 60:0.55 74:0.52,,,
13.7338,frame,378,18.882363,51.85,66.66,412.93,512,288,BGR888p,,,,,
13.7339,detections,378,18.882363,51.88,66.66,413.02,,,,5,0:0.94 56:0.68 60:0.55 56:0.52 74:0.51,,,
13.7889,frame,379,18.915673,55.09,33.31,434.71,512,288,BGR888p,,,,,
13.789,detections,379,18.915673,55.09,33.31,434.79,,,,5,0:0.94 56:0.66 60:0.54 74:0.53 56:0.52,,,
13.8409,frame,381,18.982318,52.07,66.64,420.15,512,288,BGR888p,,,,,
13.8417,detections,381,18.982318,52.72,66.64,420.9,,,,5,0:0.94 56:0.69 60:0.57 56:0.52 74:0.52,,,
13.895,frame,383,19.048961,54.05,66.64,407.6,512,288,BGR888p,,,,,
13.8952,detections,383,19.048961,53.54,66.64,407.81,,,,4,0:0.94 56:0.66 60:0.55 56:0.53,,,
13.9471,frame,384,19.082284,52.09,33.32,426.34,512,288,BGR888p,,,,,
13.9473,detections,384,19.082284,52.02,33.32,426.49,,,,5,0:0.94 56:0.68 60:0.55 56:0.54 74:0.51,,,
13.9988,frame,386,19.148927,51.75,66.64,411.4,512,288,BGR888p,,,,,
13.9989,detections,386,19.148927,51.65,66.64,411.46,,,,5,0:0.94 56:0.66 60:0.55 74:0.54 56:0.53,,,
14.0513,frame,387,19.182248,52.43,33.32,430.52,512,288,BGR888p,,,,,
14.0514,detections,387,19.182248,52.45,33.32,430.6,,,,4,0:0.94 56:0.65 60:0.55 56:0.53,,,
14.104,frame,389,19.248898,52.73,66.65,416.59,512,288,BGR888p,,,,,
14.1041,detections,389,19.248898,52.7,66.65,416.64,,,,5,0:0.94 56:0.67 60:0.57 56:0.53 74:0.51,,,
14.1574,frame,391,19.315536,53.44,66.64,403.39,512,288,BGR888p,,,,,
14.1583,detections,391,19.315536,54.19,66.64,404.2,,,,5,0:0.94 56:0.66 56:0.57 60:0.56 74:0.53,,,
14.2098,frame,392,19.348859,52.33,33.32,422.42,512,288,BGR888p,,,,,
14.2099,detections,392,19.348859,51.63,33.32,422.51,,,,5,0:0.94 56:0.67 60:0.57 74:0.54 56:0.54,,,
14.2598,frame,394,19.415502,50.07,66.64,405.85,512,288,BGR888p,,,,,
14.26,detections,394,19.415502,50.08,66.64,405.95,,,,5,0:0.94 56:0.68 60:0.55 74:0.52 56:0.51,,,
14.3128,frame,395,19.448823,52.94,33.32,425.45,512,288,BGR888p,,,,,
14.3129,detections,395,19.448823,52.89,33.32,425.51,,,,5,0:0.94 56:0.69 60:0.56 74:0.54 56:0.54,,,
14.3652,frame,397,19.515471,52.46,66.65,411.27,512,288,BGR888p,,,,,
14.3654,detections,397,19.515471,52.52,66.65,411.39,,,,5,0:0.94 56:0.68 56:0.57 60:0.55 74:0.55,,,
14.4169,frame,399,19.582111,51.64,66.64,396.27,512,288,BGR888p,,,,,
14.417,detections,399,19.582111,51.59,66.64,396.34,,,,5,0:0.94 56:0.68 60:0.56 74:0.55 56:0.54,,,
14.469,frame,400,19.615435,52.1,33.32,415.08,512,288,BGR888p,,,,,
14.4691,detections,400,19.615435,52.17,33.32,415.21,,,,5,0:0.94 56:0.68 74:0.55 60:0.54 56:0.53,,,
14.5239,frame,402,19.682077,54.95,66.64,403.36,512,288,BGR888p,,,,,
14.524,detections,402,19.682077,54.89,66.64,403.44,,,,4,0:0.94 56:0.64 60:0.55 74:0.53,,,
14.5752,frame,403,19.7154,51.24,33.32,421.26,512,288,BGR888p,,,,,
14.5759,detections,403,19.7154,51.89,33.32,422.0,,,,4,0:0.94 56:0.67 60:0.56 56:0.54,,,
14.6266,frame,405,19.782043,51.42,66.64,406.04,512,288,BGR888p,,,,,
14.6267,detections,405,19.782043,50.75,66.64,406.1,,,,5,0:0.94 56:0.69 60:0.54 74:0.53 56:0.51,,,
14.6267,system,0,,997.81,,,,,,,,43.78,29.5,20.2
14.6797,frame,406,19.815364,53.15,33.32,425.87,512,288,BGR888p,,,,,
14.6798,detections,406,19.815364,53.15,33.32,425.93,,,,5,0:0.94 56:0.68 74:0.56 60:0.55 56:0.55,,,
14.7322,frame,408,19.882011,52.47,66.65,411.69,512,288,BGR888p,,,,,
14.7323,detections,408,19.882011,52.47,66.65,411.74,,,,3,0:0.94 56:0.69 60:0.55,,,
14.7846,frame,410,19.948652,52.39,66.64,397.44,512,288,BGR888p,,,,,
14.7847,detections,410,19.948652,52.4,66.64,397.5,,,,5,0:0.94 56:0.65 60:0.55 74:0.53 56:0.53,,,
14.8396,frame,411,19.981975,55.03,33.32,419.18,512,288,BGR888p,,,,,
14.8398,detections,411,19.981975,55.13,33.32,419.33,,,,5,0:0.94 56:0.66 60:0.56 56:0.52 74:0.51,,,
14.8909,frame,413,20.048617,51.29,66.64,403.79,512,288,BGR888p,,,,,
14.891,detections,413,20.048617,51.2,66.64,403.85,,,,5,0:0.94 56:0.68 60:0.54 74:0.54 56:0.53,,,
14.9442,frame,414,20.081941,53.28,33.32,423.75,512,288,BGR888p,,,,,
14.9443,detections,414,20.081941,53.28,33.32,423.81,,,,4,0:0.94 56:0.69 60:0.55 56:0.50,,,
14.9949,frame,416,20.148584,50.68,66.64,407.8,512,288,BGR888p,,,,,
14.995,detections,416,20.148584,50.69,66.64,407.86,,,,5,0:0.94 56:0.67 60:0.57 56:0.55 74:0.55,,,
15.0475,frame,417,20.181905,52.6,33.32,427.1,512,288,BGR888p,,,,,
15.0476,detections,417,20.181905,52.64,33.32,427.2,,,,5,0:0.94 56:0.71 60:0.57 74:0.54 56:0.54,,,
15.1003,frame,419,20.248554,52.77,66.65,413.19,512,288,BGR888p,,,,,
15.1003,detections,419,20.248554,52.72,66.65,413.25,,,,5,0:0.94 56:0.67 60:0.56 56:0.55 74:0.50,,,
15.155,frame,421,20.315193,54.71,66.64,401.38,512,288,BGR888p,,,,,
15.1555,detections,421,20.315193,55.13,66.64,401.86,,,,5,0:0.94 56:0.65 60:0.56 56:0.53 74:0.51,,,
15.2081,frame,422,20.348517,53.13,33.32,421.07,512,288,BGR888p,,,,,
15.2082,detections,422,20.348517,52.72,33.32,421.14,,,,5,0:0.94 56:0.69 60:0.57 56:0.51 74:0.50,,,
15.26,frame,424,20.415159,51.88,66.64,406.31,512,288,BGR888p,,,,,
15.2601,detections,424,20.415159,51.88,66.64,406.38,,,,5,0:0.94 56:0.69 60:0.53 56:0.51 74:0.50,,,
15.3118,frame,425,20.448488,51.85,33.33,424.83,512,288,BGR888p,,,,,
15.3119,detections,425,20.448488,51.84,33.33,424.88,,,,5,0:0.94 56:0.64 56:0.58 60:0.55 74:0.51,,,
15.3628,frame,427,20.515126,51.01,66.64,409.21,512,288,BGR888p,,,,,
15.3629,detections,427,20.515126,51.02,66.64,409.26,,,,5,0:0.94 56:0.69 56:0.55 60:0.54 74:0.53,,,
15.4157,frame,428,20.548445,52.91,33.32,428.8,512,288,BGR888p,,,,,
15.4159,detections,428,20.548445,52.97,33.32,428.92,,,,5,0:0.94 56:0.68 60:0.55 56:0.54 74:0.54,,,
15.4683,frame,430,20.615093,52.58,66.65,414.73,512,288,BGR888p,,,,,
15.4684,detections,430,20.615093,52.52,66.65,414.79,,,,4,0:0.94 56:0.69 60:0.57 56:0.56,,,
15.5226,frame,432,20.681733,54.24,66.64,402.33,512,288,BGR888p,,,,,
15.5232,detections,432,20.681733,54.82,66.64,402.99,,,,5,0:0.94 56:0.69 60:0.55 74:0.52 56:0.50,,,
15.5754,frame,433,20.715056,52.88,33.32,421.88,512,288,BGR888p,,,,,
15.5756,detections,433,20.715056,52.34,33.32,421.98,,,,5,0:0.94 56:0.65 56:0.56 60:0.55 74:0.51,,,
15.6271,frame,435,20.781699,51.7,66.64,406.96,512,288,BGR888p,,,,,
15.6272,detections,435,20.781699,51.68,66.64,407.01,,,,5,0:0.94 56:0.66 60:0.55 56:0.54 74:0.52,,,
15.6273,system,0,,1000.57,,,,,,,,43.95,29.2,20.1
15.6795,frame,436,20.815021,52.38,33.32,426.0,512,288,BGR888p,,,,,
15.6796,detections,436,20.815021,52.37,33.32,426.06,,,,5,0:0.94 56:0.68 60:0.56 74:0.56 56:0.52,,,
15.7326,frame,438,20.881666,53.05,66.64,412.4,512,288,BGR888p,,,,,
15.7327,detections,438,20.881666,53.05,66.64,412.46,,,,5,0:0.94 56:0.69 60:0.57 74:0.52 56:0.50,,,
15.7875,frame,439,20.914986,54.93,33.32,434.02,512,288,BGR888p,,,,,
15.7876,detections,439,20.914986,54.94,33.32,434.08,,,,5,0:0.94 56:0.68 60:0.57 56:0.55 74:0.53,,,
15.8404,frame,441,20.981631,52.88,66.65,420.26,512,288,BGR888p,,,,,
15.8409,detections,441,20.981631,53.32,66.65,420.78,,,,4,0:0.94 56:0.67 60:0.55 56:0.53,,,
15.8926,frame,443,21.048274,52.23,66.64,405.86,512,288,BGR888p,,,,,
15.8927,detections,443,21.048274,51.83,66.64,405.96,,,,4,0:0.94 56:0.66 60:0.56 56:0.54,,,
15.9453,frame,444,21.081598,52.69,33.32,425.27,512,288,BGR888p,,,,,
15.9456,detections,444,21.081598,52.84,33.32,425.52,,,,5,0:0.94 56:0.70 60:0.55 56:0.52 74:0.51,,,
15.9971,frame,446,21.14824,51.8,66.64,410.41,512,288,BGR888p,,,,,
15.9973,detections,446,21.14824,51.71,66.64,410.56,,,,5,0:0.94 56:0.64 60:0.54 74:0.53 56:0.50,,,
16.0491,frame,447,21.181561,51.95,33.32,429.02,512,288,BGR888p,,,,,
16.0492,detections,447,21.181561,51.91,33.32,429.14,,,,5,0:0.94 56:0.67 60:0.57 56:0.50 74:0.50,,,
16.1012,frame,449,21.248207,52.16,66.65,414.51,512,288,BGR888p,,,,,
16.1013,detections,449,21.248207,52.1,66.65,414.57,,,,5,0:0.94 56:0.69 56:0.55 74:0.55 60:0.54,,,
16.1558,frame,451,21.314849,54.57,66.64,402.43,512,288,BGR888p,,,,,
16.1559,detections,451,21.314849,54.56,66.64,402.49,,,,5,0:0.94 56:0.69 60:0.57 56:0.56 74:0.55,,,
16.2109,frame,452,21.348172,55.09,33.32,424.2,512,288,BGR888p,,,,,
16.211,detections,452,21.348172,55.08,33.32,424.25,,,,5,0:0.94 56:0.67 60:0.57 56:0.52 74:0.52,,,
16.261,frame,454,21.414816,50.11,66.64,407.67,512,288,BGR888p,,,,,
16.2611,detections,454,21.414816,50.12,66.64,407.74,,,,4,0:0.94 56:0.68 60:0.55 56:0.54,,,
16.3132,frame,455,21.448136,52.26,33.32,426.64,512,288,BGR888p,,,,,
16.3134,detections,455,21.448136,52.35,33.32,426.8,,,,5,0:0.94 56:0.65 56:0.59 60:0.55 74:0.54,,,
16.3664,frame,457,21.514781,53.13,66.64,413.13,512,288,BGR888p,,,,,
16.3666,detections,457,21.514781,53.15,66.64,413.3,,,,5,0:0.94 56:0.65 60:0.55 56:0.55 74:0.54,,,
16.421,frame,459,21.581424,54.67,66.64,401.18,512,288,BGR888p,,,,,
16.4216,detections,459,21.581424,54.99,66.64,401.69,,,,5,0:0.94 56:0.65 60:0.55 74:0.54 56:0.54,,,
16.4749,frame,460,21.614747,53.91,33.32,421.77,512,288,BGR888p,,,,,
16.4759,detections,460,21.614747,54.34,33.32,422.72,,,,5,0:0.94 56:0.68 60:0.57 56:0.54 74:0.53,,,
16.5255,frame,462,21.68139,50.53,66.64,405.68,512,288,BGR888p,,,,,
16.5258,detections,462,21.68139,49.85,66.64,405.89,,,,5,0:0.94 56:0.68 60:0.55 56:0.54 74:0.50,,,
16.5784,frame,463,21.714713,52.91,33.32,425.18,512,288,BGR888p,,,,,
16.5785,detections,463,21.714713,52.74,33.32,425.28,,,,5,0:0.94 56:0.65 60:0.57 74:0.52 56:0.51,,,
16.6317,frame,465,21.781361,53.34,66.65,411.89,512,288,BGR888p,,,,,
16.6319,detections,465,21.781361,53.39,66.65,412.02,,,,4,0:0.94 56:0.69 60:0.57 56:0.56,,,
16.632,system,0,,1004.71,,,,,,,,44.07,29.5,20.4
16.6862,frame,466,21.814677,54.49,33.32,433.04,512,288,BGR888p,,,,,
16.6863,detections,466,21.814677,54.43,33.32,433.11,,,,4,0:0.94 56:0.68 60:0.57 56:0.52,,,
16.7391,frame,468,21.881324,52.85,66.65,419.26,512,288,BGR888p,,,,,
16.7397,detections,468,21.881324,53.38,66.65,419.86,,,,5,0:0.94 56:0.69 56:0.57 60:0.57 74:0.51,,,
16.7922,frame,470,21.947965,53.09,66.64,405.7,512,288,BGR888p,,,,,
16.7923,detections,470,21.947965,52.58,66.64,405.78,,,,4,0:0.94 56:0.66 56:0.57 60:0.56,,,
16.844,frame,471,21.981289,51.81,33.32,424.18,512,288,BGR888p,,,,,
16.8441,detections,471,21.981289,51.8,33.32,424.25,,,,3,0:0.94 56:0.66 60:0.54,,,
16.8958,frame,473,22.047932,51.87,66.64,409.41,512,288,BGR888p,,,,,
16.8959,detections,473,22.047932,51.88,66.64,409.49,,,,5,0:0.94 56:0.69 60:0.55 74:0.53 56:0.50,,,
16.948,frame,474,22.081253,52.16,33.32,428.25,512,288,BGR888p,,,,,
16.9481,detections,474,22.081253,52.16,33.32,428.34,,,,4,0:0.94 56:0.69 60:0.56 56:0.51,,,
16.9997,frame,476,22.147899,51.7,66.65,413.31,512,288,BGR888p,,,,,
16.9998,detections,476,22.147899,51.7,66.65,413.39,,,,5,0:0.94 56:0.68 60:0.59 56:0.51 74:0.50,,,
17.0538,frame,478,22.21454,54.12,66.64,400.78,512,288,BGR888p,,,,,
17.0544,detections,478,22.21454,54.59,66.64,401.34,,,,4,0:0.94 56:0.69 60:0.55 56:0.53,,,
17.1082,frame,479,22.247863,54.42,33.32,421.88,512,288,BGR888p,,,,,
17.1083,detections,479,22.247863,53.92,33.32,421.93,,,,5,0:0.94 56:0.71 56:0.58 60:0.55 74:0.50,,,
17.1588,frame,481,22.314506,50.53,66.64,405.77,512,288,BGR888p,,,,,
17.1589,detections,481,22.314506,50.54,66.64,405.83,,,,5,0:0.94 56:0.67 56:0.65 60:0.56 74:0.51,,,
17.2118,frame,482,22.347827,53.03,33.32,425.48,512,288,BGR888p,,,,,
17.2119,detections,482,22.347827,53.04,33.32,425.55,,,,5,0:0.94 56:0.68 56:0.68 60:0.55 74:0.51,,,
17.2638,frame,484,22.414473,51.95,66.65,410.79,512,288,BGR888p,,,,,
17.2639,detections,484,22.414473,51.97,66.65,410.88,,,,4,0:0.94 56:0.66 56:0.63 60:0.56,,,
17.3192,frame,485,22.447793,55.47,33.32,433.0,512,288,BGR888p,,,,,
17.3195,detections,485,22.447793,55.61,33.32,433.24,,,,5,0:0.94 56:0.68 56:0.59 60:0.56 74:0.51,,,
17.3718,frame,487,22.514438,52.61,66.64,418.89,512,288,BGR888p,,,,,
17.3719,detections,487,22.514438,52.43,66.64,418.95,,,,5,0:0.94 56:0.64 60:0.56 74:0.52 56:0.51,,,
17.4244,frame,489,22.581081,52.61,66.64,404.86,512,288,BGR888p,,,,,
17.4246,detections,489,22.581081,52.66,66.64,404.97,,,,5,0:0.94 56:0.67 60:0.55 74:0.54 56:0.52,,,
17.4777,frame,490,22.614404,53.28,33.32,424.81,512,288,BGR888p,,,,,
17.4778,detections,490,22.614404,53.22,33.32,424.87,,,,5,0:0.94 56:0.67 60:0.56 74:0.52 56:0.52,,,
17.529,frame,492,22.681049,51.33,66.65,409.49,512,288,BGR888p,,,,,
17.5291,detections,492,22.681049,51.33,66.65,409.56,,,,4,0:0.94 56:0.65 56:0.55 60:0.54,,,
17.5822,frame,493,22.714368,53.2,33.32,429.37,512,288,BGR888p,,,,,
17.5823,detections,493,22.714368,53.19,33.32,429.43,,,,4,0:0.94 56:0.69 60:0.54 56:0.53,,,
17.6343,frame,495,22.781014,52.01,66.65,414.76,512,288,BGR888p,,,,,
17.6344,detections,495,22.781014,52.04,66.65,414.81,,,,4,0:0.94 56:0.66 60:0.57 56:0.56,,,
17.6344,system,0,,1002.4,,,,,,,,43.5,29.6,20.5
17.6908,frame,497,22.847656,56.54,66.64,404.63,512,288,BGR888p,,,,,
17.6909,detections,497,22.847656,56.52,66.64,404.69,,,,4,0:0.94 56:0.68 56:0.58 60:0.54,,,
17.7434,frame,498,22.88098,52.58,33.32,423.89,512,288,BGR888p,,,,,
17.7435,detections,498,22.88098,52.6,33.32,423.97,,,,5,0:0.94 56:0.69 56:0.64 60:0.56 74:0.52,,,
17.7936,frame,500,22.947622,50.2,66.64,407.44,512,288,BGR888p,,,,,
17.7937,detections,500,22.947622,50.19,66.64,407.51,,,,5,0:0.94 56:0.69 56:0.65 60:0.54 74:0.50,,,
17.8452,frame,501,22.980944,51.63,33.32,429.19,512,288,BGR888p,,,,,
17.8453,detections,501,22.980944,51.64,33.32,429.26,,,,5,0:0.94 56:0.68 56:0.67 60:0.55 74:0.50,,,
17.8975,frame,503,23.047589,52.28,66.64,414.81,512,288,BGR888p,,,,,
17.8976,detections,503,23.047589,52.26,66.64,414.87,,,,4,0:0.94 56:0.65 56:0.59 60:0.55,,,
17.9514,frame,505,23.114231,53.97,66.64,402.15,512,288,BGR888p,,,,,
17.9516,detections,505,23.114231,54.0,66.64,402.25,,,,4,0:0.94 56:0.65 56:0.61 60:0.54,,,
18.0042,frame,506,23.147554,52.71,33.32,421.52,512,288,BGR888p,,,,,
18.0049,detections,506,23.147554,53.35,33.32,422.27,,,,4,0:0.94 56:0.66 56:0.64 60:0.55,,,
18.057,frame,508,23.214197,52.85,66.64,407.73,512,288,BGR888p,,,,,
18.0571,detections,508,23.214197,52.17,66.64,407.79,,,,4,0:0.94 56:0.74 56:0.66 60:0.54,,,
18.1098,frame,509,23.247519,52.82,33.32,427.23,512,288,BGR888p,,,,,
18.1099,detections,509,23.247519,52.81,33.32,427.28,,,,4,0:0.94 56:0.75 56:0.65 60:0.57,,,
18.1622,frame,511,23.314164,52.36,66.65,412.94,512,288,BGR888p,,,,,
18.1623,detections,511,23.314164,52.36,66.65,413.0,,,,5,0:0.94 56:0.65 56:0.64 60:0.54 74:0.51,,,
18.2145,frame,512,23.347484,52.27,33.32,431.9,512,288,BGR888p,,,,,
18.2145,detections,512,23.347484,52.28,33.32,431.96,,,,5,0:0.94 56:0.72 56:0.66 60:0.55 74:0.53,,,
18.2687,frame,514,23.41413,54.23,66.65,419.48,512,288,BGR888p,,,,,
18.2708,detections,514,23.41413,56.29,66.65,421.63,,,,5,0:0.94 56:0.71 56:0.68 60:0.56 74:0.56,,,
18.3231,frame,516,23.480772,54.37,66.64,407.2,512,288,BGR888p,,,,,
18.3231,detections,516,23.480772,52.29,66.64,407.26,,,,5,0:0.94 56:0.74 56:0.66 60:0.57 74:0.51,,,
18.3749,frame,517,23.514094,51.81,33.32,425.69,512,288,BGR888p,,,,,
18.3749,detections,517,23.514094,51.81,33.32,425.75,,,,5,0:0.94 56:0.72 56:0.67 60:0.54 74:0.52,,,
18.425,frame,519,23.580738,50.1,66.64,409.15,512,288,BGR888p,,,,,
18.4251,detections,519,23.580738,50.15,66.64,409.26,,,,4,0:0.94 56:0.71 56:0.66 60:0.56,,,
18.4776,frame,520,23.614059,52.64,33.32,428.47,512,288,BGR888p,,,,,
18.4777,detections,520,23.614059,52.59,33.32,428.53,,,,4,0:0.94 56:0.68 56:0.64 60:0.53,,,
18.5302,frame,522,23.680706,52.64,66.65,414.47,512,288,BGR888p,,,,,
18.5303,detections,522,23.680706,52.66,66.65,414.55,,,,5,0:0.94 56:0.73 56:0.66 60:0.55 74:0.50,,,
18.585,frame,524,23.747347,54.8,66.64,402.64,512,288,BGR888p,,,,,
18.586,detections,524,23.747347,55.63,66.64,403.56,,,,4,0:0.94 56:0.75 56:0.65 60:0.55,,,
18.6379,frame,525,23.78067,52.83,33.32,422.15,512,288,BGR888p,,,,,
18.6385,detections,525,23.78067,52.5,33.32,422.76,,,,5,0:0.94 56:0.68 56:0.66 60:0.55 74:0.51,,,
18.6386,system,0,,1004.24,,,,,,,,43.67,29.7,20.2
18.6899,frame,527,23.847313,51.99,66.64,407.48,512,288,BGR888p,,,,,
18.69,detections,527,23.847313,51.5,66.64,407.57,,,,5,0:0.94 56:0.67 56:0.65 60:0.56 74:0.53,,,
18.7428,frame,528,23.880636,52.97,33.32,427.16,512,288,BGR888p,,,,,
18.743,detections,528,23.880636,53.05,33.32,427.33,,,,4,0:0.94 56:0.67 56:0.65 60:0.55,,,
18.7946,frame,530,23.94728,51.76,66.64,412.25,512,288,BGR888p,,,,,
18.7947,detections,530,23.94728,51.69,66.64,412.34,,,,5,0:0.94 56:0.63 56:0.56 60:0.53 74:0.52,,,
18.8474,frame,531,23.9806,52.86,33.32,431.88,512,288,BGR888p,,,,,
18.8477,detections,531,23.9806,53.03,33.32,432.09,,,,4,0:0.94 56:0.68 56:0.62 60:0.56,,,
18.9,frame,533,24.047249,52.52,66.65,417.68,512,288,BGR888p,,,,,
18.9001,detections,533,24.047249,52.39,66.65,417.8,,,,5,0:0.94 56:0.67 56:0.59 60:0.55 74:0.50,,,
18.9536,frame,535,24.113888,53.58,66.64,404.69,512,288,BGR888p,,,,,
18.9542,detections,535,24.113888,54.05,66.64,405.28,,,,4,0:0.94 56:0.67 60:0.57 74:0.51,,,
19.0071,frame,536,24.147211,53.56,33.32,424.87,512,288,BGR888p,,,,,
19.0073,detections,536,24.147211,53.13,33.32,425.02,,,,4,0:0.94 56:0.62 60:0.55 74:0.50,,,
19.0577,frame,538,24.213854,50.63,66.64,408.82,512,288,BGR888p,,,,,
19.0578,detections,538,24.213854,50.55,66.64,408.91,,,,4,0:0.94 56:0.68 60:0.56 56:0.54,,,
19.1095,frame,539,24.247175,51.74,33.32,427.23,512,288,BGR888p,,,,,
19.1101,detections,539,24.247175,52.28,33.32,427.86,,,,5,0:0.94 56:0.65 56:0.57 60:0.55 74:0.51,,,
19.1626,frame,541,24.313821,53.12,66.65,413.7,512,288,BGR888p,,,,,
19.1627,detections,541,24.313821,52.55,66.65,413.76,,,,5,0:0.94 56:0.70 56:0.64 60:0.56 74:0.55,,,
19.2153,frame,543,24.380463,52.69,66.64,399.75,512,288,BGR888p,,,,,
19.2156,detections,543,24.380463,52.92,66.64,400.04,,,,5,0:0.94 56:0.68 56:0.58 60:0.56 74:0.51,,,
19.2698,frame,544,24.413786,54.55,33.32,421.0,512,288,BGR888p,,,,,
19.27,detections,544,24.413786,54.37,33.32,421.09,,,,5,0:0.94 56:0.68 56:0.59 60:0.54 74:0.52,,,
19.323,frame,546,24.480429,53.19,66.64,407.63,512,288,BGR888p,,,,,
19.3233,detections,546,24.480429,53.36,66.64,407.85,,,,5,0:0.94 56:0.69 56:0.59 60:0.57 74:0.52,,,
19.3758,frame,547,24.513752,52.74,33.32,426.94,512,288,BGR888p,,,,,
19.3759,detections,547,24.513752,52.53,33.32,427.0,,,,4,0:0.94 56:0.65 56:0.61 60:0.56,,,
19.4275,frame,549,24.580395,51.76,66.64,412.06,512,288,BGR888p,,,,,
19.4277,detections,549,24.580395,51.8,66.64,412.17,,,,5,0:0.94 56:0.70 60:0.57 56:0.56 74:0.55,,,
19.4801,frame,550,24.613716,52.6,33.32,431.34,512,288,BGR888p,,,,,
19.4802,detections,550,24.613716,52.55,33.32,431.39,,,,4,0:0.94 56:0.70 60:0.55 74:0.51,,,
19.533,frame,552,24.680362,52.88,66.65,417.57,512,288,BGR888p,,,,,
19.5331,detections,552,24.680362,52.88,66.65,417.63,,,,5,0:0.94 56:0.67 60:0.56 74:0.54 56:0.52,,,
19.5878,frame,554,24.747003,54.79,66.64,405.72,512,288,BGR888p,,,,,
19.5879,detections,554,24.747003,54.8,66.64,405.79,,,,5,0:0.94 56:0.71 60:0.55 56:0.55 74:0.52,,,
19.6425,frame,555,24.780327,54.68,33.32,427.14,512,288,BGR888p,,,,,
19.6427,detections,555,24.780327,54.82,33.32,427.33,,,,5,0:0.94 56:0.68 60:0.56 74:0.55 56:0.53,,,
19.6429,system,0,,1004.26,,,,,,,,44.01,28.8,20.3
19.6925,frame,557,24.846969,50.07,66.64,410.5,512,288,BGR888p,,,,,
19.6926,detections,557,24.846969,49.94,66.64,410.58,,,,5,0:0.94 56:0.68 56:0.57 60:0.56 74:0.51,,,
19.7446,frame,558,24.880291,52.07,33.32,429.27,512,288,BGR888p,,,,,
19.7447,detections,558,24.880291,52.11,33.32,429.38,,,,5,0:0.94 56:0.68 60:0.55 56:0.55 74:0.52,,,
19.7955,frame,560,24.946937,50.86,66.65,413.48,512,288,BGR888p,,,,,
19.7956,detections,560,24.946937,50.83,66.65,413.55,,,,5,0:0.94 56:0.70 60:0.55 74:0.51 56:0.50,,,
19.851,frame,562,25.013579,55.56,66.64,402.39,512,288,BGR888p,,,,,
19.8517,detections,562,25.013579,56.08,66.64,403.0,,,,4,0:0.94 56:0.68 60:0.55 56:0.50,,,
19.9032,frame,563,25.046902,52.16,33.32,421.21,512,288,BGR888p,,,,,
19.9037,detections,563,25.046902,52.06,33.32,421.72,,,,3,0:0.94 56:0.69 60:0.57,,,
19.9557,frame,565,25.113545,52.51,66.64,407.09,512,288,BGR888p,,,,,
19.9558,detections,565,25.113545,52.08,66.64,407.15,,,,5,0:0.94 56:0.69 60:0.54 56:0.53 74:0.50,,,
20.0088,frame,566,25.146868,53.14,33.32,426.9,512,288,BGR888p,,,,,
20.0089,detections,566,25.146868,53.13,33.32,426.96,,,,5,0:0.94 56:0.70 60:0.54 74:0.52 56:0.52,,,
20.0618,frame,568,25.213512,52.93,66.64,413.2,512,288,BGR888p,,,,,
20.0619,detections,568,25.213512,52.96,66.64,413.28,,,,3,0:0.94 56:0.69 60:0.54,,,
20.1166,frame,569,25.246831,54.84,33.32,434.72,512,288,BGR888p,,,,,
20.1167,detections,569,25.246831,54.84,33.32,434.8,,,,5,0:0.94 56:0.69 56:0.57 60:0.56 74:0.51,,,
20.1695,frame,571,25.313476,52.88,66.65,420.95,512,288,BGR888p,,,,,
20.1696,detections,571,25.313476,52.86,66.65,421.0,,,,4,0:0.94 56:0.66 60:0.57 56:0.55,,,
20.2228,frame,573,25.380119,53.33,66.64,407.63,512,288,BGR888p,,,,,
20.2229,detections,573,25.380119,53.33,66.64,407.69,,,,5,0:0.94 56:0.70 60:0.57 56:0.56 74:0.53,,,
20.2756,frame,574,25.413442,52.81,33.32,427.12,512,288,BGR888p,,,,,
20.2757,detections,574,25.413442,52.81,33.32,427.18,,,,4,0:0.94 56:0.69 60:0.55 74:0.51,,,
20.3268,frame,576,25.480085,51.2,66.64,411.69,512,288,BGR888p,,,,,
20.3269,detections,576,25.480085,51.22,66.64,411.76,,,,4,0:0.94 56:0.67 60:0.55 74:0.50,,,
20.3798,frame,577,25.513407,53.0,33.32,431.36,512,288,BGR888p,,,,,
20.3799,detections,577,25.513407,52.98,33.32,431.42,,,,5,0:0.94 56:0.70 60:0.57 56:0.53 74:0.51,,,
20.4329,frame,579,25.580052,53.06,66.64,417.77,512,288,BGR888p,,,,,
20.433,detections,579,25.580052,53.11,66.64,417.88,,,,3,0:0.94 56:0.67 60:0.56,,,
20.4882,frame,581,25.646694,55.26,66.64,406.39,512,288,BGR888p,,,,,
20.4882,detections,581,25.646694,55.22,66.64,406.45,,,,5,0:0.94 56:0.67 56:0.56 60:0.55 74:0.55,,,
20.5415,frame,582,25.680017,53.31,33.32,426.41,512,288,BGR888p,,,,,
20.5416,detections,582,25.680017,53.35,33.32,426.48,,,,4,0:0.94 56:0.68 60:0.56 74:0.51,,,
20.5912,frame,584,25.746661,49.77,66.64,409.51,512,288,BGR888p,,,,,
20.5913,detections,584,25.746661,49.73,66.64,409.57,,,,5,0:0.94 56:0.67 60:0.56 74:0.53 56:0.51,,,
20.6438,frame,585,25.779982,52.52,33.32,428.73,512,288,BGR888p,,,,,
20.6439,detections,585,25.779982,52.56,33.32,428.82,,,,5,0:0.94 56:0.65 60:0.55 56:0.55 74:0.52,,,
20.644,system,0,,1001.08,,,,,,,,43.96,28.4,20.3
20.6972,frame,587,25.846628,53.42,66.65,415.55,512,288,BGR888p,,,,,
20.6974,detections,587,25.846628,53.53,66.65,415.75,,,,4,0:0.94 56:0.69 74:0.55 60:0.54,,,
