time_s,frame_per_s,detections_per_s,system_per_s,objects_per_s
1.038,4.82,3.86,0.96,7.71
2.089,19.02,19.02,0.95,63.71
3.093,18.93,18.93,1.0,81.72
4.1,18.87,18.87,0.99,91.36
5.151,19.01,19.01,0.95,82.71
6.153,18.98,18.98,1.0,91.9
7.203,19.04,19.04,0.95,88.52
8.255,19.02,19.02,0.95,93.21
9.307,19.01,19.01,0.95,90.3
10.312,18.89,18.89,0.99,100.43
11.312,19.0,20.0,1.0,99.98
12.312,19.0,19.0,1.0,91.0
13.314,18.98,17.98,1.0,85.89
14.365,19.02,19.02,0.95,92.25
15.416,19.04,19.04,0.95,90.43
16.421,18.9,18.9,0.99,90.52
17.424,18.94,18.94,1.0,86.71
18.425,18.99,18.99,1.0,85.96
19.428,18.95,18.95,1.0,85.78
20.433,18.9,18.9,0.99,85.54
