run,t_axis_ms,canoe_ts_s,SeqLo,Index,Label,class,Conf,Cx,Cy,W,H
1,41625,41.625412,1,0,1,green,0.68,0.5710000000000001,0.083,0.11,0.045
1,45023,45.023380,2,0,1,green,0.38,0.483,0.215,0.056,0.028
1,45424,45.423886,4,0,1,green,0.43,0.47700000000000004,0.214,0.069,0.031
1,45624,45.623902,5,0,1,green,0.52,0.47000000000000003,0.20400000000000001,0.07100000000000001,0.031
1,46024,46.023680,7,0,1,green,0.5,0.464,0.164,0.077,0.034
1,46423,46.422573,9,0,0,red,0.36,0.986,0.021,0.028,0.036000000000000004
1,47423,47.423169,14,0,1,green,0.47000000000000003,0.405,0.032,0.123,0.053
1,50421,50.421293,13,0,1,green,0.51,0.34,0.088,0.08700000000000001,0.045
1,100604,100.604035,8,0,0,red,0.42,0.15,0.381,0.1,0.05
1,100804,100.803920,9,0,0,red,0.51,0.094,0.385,0.112,0.055
1,123396,123.395662,10,0,0,red,0.42,0.978,0.171,0.042,0.034
1,124596,124.595610,0,0,0,red,0.58,0.926,0.027,0.135,0.05
1,167379,167.379018,6,0,0,red,0.44,0.878,0.402,0.152,0.068
1,167580,167.579959,7,0,0,red,0.52,0.896,0.41000000000000003,0.157,0.078
1,167780,167.780041,8,0,0,red,0.64,0.911,0.41400000000000003,0.17,0.084
1,179975,179.975389,5,0,0,red,0.49,0.17400000000000002,0.107,0.082,0.037
1,180174,180.174324,6,0,0,red,0.75,0.137,0.109,0.08700000000000001,0.04
1,197769,197.769233,14,0,0,red,0.35000000000000003,0.97,0.022,0.059000000000000004,0.044
1,298133,298.133275,4,0,1,green,0.35000000000000003,0.515,0.192,0.061,0.041
1,299533,299.533197,11,0,1,green,0.49,0.508,0.165,0.064,0.034
