run,t_axis_ms,canoe_ts_s,PcMs,PostMs,EthKBps,CanLoadPct,DroppedTotal
1,1,0.001147,0.0,0.0,121,0.0,0
1,1119,1.118708,2.8000000000000003,0.0,10,0.0,0
1,2318,2.317894,2.8000000000000003,0.0,9,0.0,0
1,3318,3.318415,2.9000000000000004,0.0,8,0.0,0
1,4517,4.516954,2.8000000000000003,0.0,12,0.0,0
1,5716,5.716435,2.8000000000000003,0.0,12,0.0,0
1,6916,6.916153,2.5,0.0,10,0.0,0
1,7916,7.916454,2.8000000000000003,0.0,8,0.0,0
1,9115,9.115296,2.7,0.0,9,0.0,0
1,10314,10.313843,2.4000000000000004,0.0,9,0.0,0
1,11514,11.514159,2.6,0.0,10,0.0,0
1,12714,12.714148,2.8000000000000003,0.0,11,0.0,0
1,13913,13.913473,2.7,0.0,12,0.0,0
1,15113,15.113183,2.8000000000000003,0.0,8,0.0,0
1,16312,16.312476,2.9000000000000004,0.0,9,0.0,0
1,17313,17.312522,2.8000000000000003,0.0,9,0.0,0
